"IID" "secure_parents" "partic_vote" "partic_protest" "imp_immig" "imp_jobs" "imp_costliv" "imp_climate" "imp_abort" "imp_gun" "imp_crime" "imp_gaza" "imp_antisem" "imp_votright" "imp_ukraine" "imp_schteach" "imp_islamop" "highered_bias" "highered_approve" "secular_reason" "police_safe" "police_confid" "police_number" "crime_selfplc" "treatcrime_theft" "treatcrime_marij" "treatcrime_camp" "treatcrime_firearm" "treatcrime_abort" "border_patrol" "border_milit" "border_legal" "aid_ukraine" "aid_israel" "aid_palest" "prej_muslims" "prej_jews" "group_fascists" "group_kkk" "group_nazi" "group_blm" "group_atheists" "group_prolife" "group_prochoice" "group_gunrights" "group_lgbtrights" "group_feminists" "group_whitesup" "group_antigay" "group_socialist" "group_antifa" "group_christfund" "group_laborun" "group_bigbus" "group_gayles" "group_transppl" "group_christians" "group_police" "group_journal" "group_nra" "group_ruralam" "group_planparent" "group_colprofs" "group_black" "group_white" "group_hispanic" "group_asian" "group_transmen" "group_transwom" "group_jews" "group_muslims" "foreign_israel" "foreign_hamas" "foreign_israelis" "foreign_palest" "tol_freespeech" "disqual_felon" "disqual_bribe" "disqual_docs" "disqual_sexhar" "felonserve_fedoff" "empsat_paidoff" "abrtpre_abrtself" "trans_health" "trans_sportgirl" "trans_sportboy" "raceadvt_white" "raceadvt_black" "raceadvt_hispanic" "raceadvt_asian" "resent_workway" "resent_genertns" "resent_deserve" "resent_tryhard" "sexism_bprotect" "sexism_bdiff" "sexism_bhetero" "sexism_hinnoc" "sexism_hpower" "empath_concern" "empath_perspect" "school_racism" "school_gender" "abrtpre_standard.By law, a woman should always be able to obtain an abortion as a matter of perso" "abrtpre_standard.The law should permit abortion for reasons other than rape," "abrtpre_standard.Other" "abrtpre_standard.The law should permit abortion only in case of rape, incest, or when the woman's" "abrtpre_standard.By law, abortion should never be permitted."
"1" 2 2 4 1 1 1 2 1 1 1 3 2 3 3 2 2 3 3 2 4 5 4 4 4 5 1 1 3 3 2 3 5 3 3 3 3 55 1 50 95 26 55 55 85 75 91 1 15 85 55 100 100 55 70 70 85 25 70 55 81 90 62 95 55 95 70 75 70 82 95 23 25 65 56 3 1 1 1 1 3 5 1 5 5 5 1 3 3 2 5 1 1 3 5 3 1 5 4 4 5 3 3 1 0 0 0 0
"2" 2 2 5 1 1 1 1 1 2 1 2 1 1 2 1 1 2 4 2 2 3 3 4 4 5 5 2 5 2 3 2 3 3 3 1 4 53 3 7 43 100 6 100 51 60 61 4 3 44 51 42 52 70 100 84 57 60 59 50 50 100 52 100 69 100 100 60 70 100 100 97 4 83 88 3 0 0 0 1 2 4 3 5 2 2 1 3 3 2 2 2 3 5 3 3 1 2 3 4 3 2 4 1 0 0 0 0
"3" 1 2 4 1 1 1 5 2 3 1 2 1 2 2 2 1 2 4 1 1 3 5 7 3 5 3 2 5 1 1 4 2 1 2 2 2 5 5 2 8 5 57 56 6 5 50 4 7 6 8 57 66 55 59 57 91 91 65 81 100 76 58 74 79 58 59 56 55 65 68 65 36 89 56 2 1 1 1 1 3 4 4 3 1 1 2 2 2 2 2 2 2 4 4 4 3 2 3 4 3 3 5 0 1 0 0 0
"4" 3 4 3 1 3 1 5 3 1 1 4 2 3 5 1 5 1 5 2 4 4 3 6 3 5 3 5 2 1 1 3 4 2 5 4 1 1 1 4 1 33 83 8 99 11 25 2 50 0 0 65 15 17 50 1 55 29 7 35 85 2 8 50 51 50 50 1 0 99 19 91 0 92 3 1 0 1 0 0 1 5 6 5 2 2 2 2 2 2 1 4 4 3 5 3 1 1 2 3 5 4 5 0 0 1 0 0
"5" 3 2 4 1 2 1 5 4 5 1 5 5 4 5 2 5 5 5 1 1 2 4 7 2 5 3 2 3 1 1 5 5 5 5 4 3 1 9 4 0 9 38 0 0 1 16 18 0 0 0 4 43 47 14 2 20 57 4 48 79 32 1 28 89 40 18 0 0 25 0 26 0 23 0 2 0 0 0 0 2 3 5 5 1 1 3 1 2 1 1 5 5 1 3 4 3 2 2 5 3 5 5 0 0 0 1 0
"6" 3 1 6 2 1 1 1 1 1 2 2 1 1 1 1 1 2 2 1 5 4 3 3 4 5 5 2 5 2 4 4 1 3 1 3 3 0 0 0 50 100 5 90 20 95 85 0 0 65 0 50 65 10 100 100 50 30 45 0 50 90 75 100 95 100 100 100 100 100 100 45 0 45 50 1 1 1 1 1 2 4 3 4 3 3 1 3 3 1 4 1 2 4 3 5 5 5 5 2 5 2 4 0 0 1 0 0
"7" 2 2 4 2 2 1 2 2 1 2 1 2 1 1 2 1 3 2 2 1 3 4 3 3 5 5 1 5 2 2 1 2 3 2 1 1 4 1 1 60 29 65 62 26 74 65 3 40 51 44 66 51 58 77 76 75 62 55 25 83 77 73 71 73 73 79 61 75 65 64 61 36 65 65 1 0 1 1 0 2 3 1 4 1 3 1 3 3 2 3 1 2 5 4 3 2 3 3 2 3 1 5 1 0 0 0 0
"8" 2 3 3 3 1 2 3 2 2 2 3 4 2 3 1 3 2 2 2 2 3 3 5 2 2 2 3 2 3 2 3 4 2 3 3 3 74 60 46 71 60 75 67 55 6 97 76 88 39 57 78 68 80 66 73 92 78 74 88 82 88 90 61 83 72 64 29 63 27 59 37 3 27 48 3 1 0 1 0 3 2 5 5 2 2 2 2 2 2 2 3 2 2 3 3 3 2 2 4 4 3 3 0 0 0 1 0
"9" 2 1 4 1 1 1 5 5 4 1 3 3 3 5 1 5 1 5 1 1 2 5 6 1 4 1 2 5 1 1 3 4 3 3 4 2 16 0 0 0 50 86 15 69 15 40 0 50 8 0 49 17 45 51 14 61 80 42 51 79 27 40 83 70 82 84 15 0 71 52 70 0 70 38 2 1 1 1 0 1 3 4 5 1 1 2 2 2 2 2 3 4 2 5 2 2 2 2 3 5 4 5 0 1 0 0 0
"10" 3 3 1 5 2 1 2 1 3 4 1 3 3 3 3 2 3 2 1 5 5 1 2 4 5 5 2 5 5 5 1 3 5 1 1 3 0 0 0 84 55 27 75 9 90 57 0 20 80 83 22 83 11 85 100 30 2 55 7 54 78 53 73 45 73 73 100 100 70 70 6 38 35 89 1 0 1 1 1 1 4 2 1 5 5 1 3 3 3 5 1 1 5 3 3 5 5 4 1 3 1 3 1 0 0 0 0
"11" 1 1 5 2 1 1 2 2 1 1 2 3 2 2 2 2 2 2 2 2 3 4 4 2 4 3 1 5 2 4 3 2 3 3 3 4 0 0 0 53 5 58 73 0 50 55 0 19 44 1 10 62 48 58 51 63 63 62 6 55 56 61 59 87 63 69 36 49 64 52 50 24 54 54 2 1 1 1 1 3 2 5 4 4 4 1 3 2 2 3 3 3 4 4 3 3 4 4 2 3 2 3 0 1 0 0 0
"12" 1 2 5 1 2 1 4 2 1 1 2 2 2 3 1 5 1 5 1 1 2 5 5 2 3 2 2 3 1 1 2 2 1 4 4 1 20 50 15 0 50 70 30 70 10 40 50 10 0 0 70 20 50 20 15 80 90 30 90 85 20 20 40 85 50 60 15 0 70 0 85 0 85 15 2 0 1 1 0 2 4 5 5 5 3 2 1 2 2 1 5 5 1 3 3 1 2 2 3 5 5 5 0 1 0 0 0
"13" 2 5 4 4 3 4 5 4 5 4 5 5 5 5 4 4 3 3 2 3 3 3 7 3 3 3 3 3 3 3 3 3 3 3 3 3 50 50 50 50 50 50 50 50 50 50 50 50 50 50 50 50 50 50 50 50 50 50 50 50 50 50 100 50 50 50 50 50 50 50 50 50 50 50 3 0 0 0 0 2 3 1 3 3 3 2 2 2 2 3 3 3 3 3 3 3 3 3 4 4 3 3 1 0 0 0 0
"14" 3 2 3 4 3 3 1 4 3 3 4 4 4 4 4 1 2 3 2 2 3 3 4 3 3 4 1 3 3 3 2 3 3 3 3 3 29 0 0 98 7 59 80 98 99 100 0 0 41 0 52 56 14 100 96 98 39 98 60 38 100 69 100 13 100 100 100 91 36 52 45 3 42 58 3 0 0 0 0 2 3 2 3 3 3 2 2 3 3 3 4 2 2 2 2 5 4 5 3 5 3 3 0 0 0 1 0
"15" 3 1 4 3 2 1 2 1 1 2 4 1 1 4 4 1 2 1 1 2 3 4 2 4 5 5 1 5 3 5 2 3 4 1 2 2 1 0 0 6 63 2 80 0 65 33 0 1 46 0 7 41 11 52 63 52 70 37 5 87 93 90 41 42 51 58 62 52 66 3 14 1 7 22 2 1 1 1 1 3 3 2 2 4 5 1 3 2 2 4 2 2 4 5 2 3 4 4 2 4 2 3 1 0 0 0 0
"16" 3 2 3 1 1 2 5 3 1 1 3 3 3 3 1 2 2 3 2 1 2 4 6 3 2 1 1 2 2 1 3 3 3 3 4 5 11 7 16 7 52 82 10 45 56 11 11 60 11 21 57 49 58 55 11 93 92 79 61 91 11 52 53 100 52 95 10 2 57 53 53 55 56 54 1 1 0 1 1 3 3 6 5 1 1 1 1 2 1 1 5 3 2 5 2 2 2 3 4 2 4 5 0 0 1 0 0
"17" 3 2 4 1 2 1 4 3 1 2 2 3 2 3 2 1 2 2 2 2 3 4 4 3 2 3 1 2 2 2 3 2 2 2 2 3 60 53 14 54 53 60 74 19 73 38 65 31 66 67 65 51 79 83 52 100 38 61 80 50 80 79 54 81 38 45 59 48 61 7 16 19 10 36 2 1 0 1 1 1 3 4 2 2 3 1 2 2 2 3 2 3 2 3 3 2 2 4 2 4 4 3 0 1 0 0 0
"18" 2 2 4 3 3 3 2 2 1 2 1 2 2 1 4 2 2 3 2 1 2 4 3 4 5 5 1 5 3 5 1 1 4 1 2 3 1 1 1 63 51 67 70 1 85 51 1 1 33 3 21 60 50 86 54 85 74 85 1 53 99 72 88 80 87 90 51 54 90 75 41 1 64 55 1 1 1 0 0 3 4 3 2 3 3 1 3 3 2 4 2 3 4 3 4 3 3 4 2 5 2 4 0 0 1 0 0
"19" 2 5 4 3 2 1 1 1 2 2 2 2 3 3 4 3 3 3 1 5 5 3 1 4 5 4 1 5 3 3 3 2 5 1 3 3 0 0 0 86 61 0 59 0 100 100 0 0 0 0 0 0 0 100 100 0 0 0 0 0 0 0 100 0 67 89 100 100 76 49 0 0 0 72 1 0 0 0 0 3 5 1 3 5 5 1 3 3 3 5 1 3 5 5 1 5 4 5 4 2 1 1 1 0 0 0 0
"20" 2 3 4 2 2 1 1 3 2 2 3 3 3 3 2 3 3 3 2 3 4 3 4 3 5 4 2 5 3 3 3 3 3 3 3 3 20 10 7 50 40 45 50 40 55 55 10 10 45 10 40 40 40 55 50 50 50 50 40 50 50 50 50 50 50 50 50 50 50 50 50 50 50 50 3 1 1 1 1 2 3 4 3 3 3 2 2 2 2 3 2 3 4 5 3 3 4 4 3 3 3 5 0 1 0 0 0
"21" 1 1 4 1 3 2 4 3 2 1 2 1 5 4 1 2 1 5 1 1 2 4 7 4 4 2 2 5 2 1 3 3 2 4 4 2 33 1 15 17 51 55 54 52 52 52 16 30 23 1 53 45 55 74 54 86 76 42 59 67 17 54 55 73 85 52 32 53 63 53 62 0 71 55 3 0 1 1 1 3 3 4 5 1 1 2 2 2 2 2 5 5 3 4 2 3 2 2 3 3 5 5 0 1 0 0 0
"22" 2 1 2 1 2 1 4 2 1 2 3 3 2 2 1 4 1 5 1 2 3 4 6 2 5 3 2 5 1 1 5 2 2 3 3 3 0 0 0 54 50 61 86 95 0 50 0 0 13 0 0 60 0 0 0 50 70 0 51 93 93 0 60 52 58 50 5 0 66 64 60 1 73 5 1 1 1 1 0 2 1 2 5 5 5 2 3 2 2 2 4 2 3 4 3 1 2 4 4 5 3 5 1 0 0 0 0
"23" 1 3 3 4 2 1 2 2 1 1 1 3 2 2 2 2 2 2 3 2 3 3 5 4 5 5 1 3 3 3 3 2 5 1 2 3 50 0 0 85 0 80 50 95 50 100 0 40 60 50 80 95 60 70 50 95 65 85 50 70 75 80 72 65 89 65 50 50 65 70 45 40 50 85 1 0 1 0 0 2 3 4 4 1 1 1 2 3 2 5 2 3 5 5 2 2 5 4 1 5 3 5 0 0 0 1 0
"24" 3 1 1 1 1 1 1 1 1 1 1 1 1 1 1 1 3 4 1 1 3 4 4 1 4 2 1 5 1 1 4 1 1 1 1 1 0 0 0 96 100 16 82 1 100 96 0 0 55 0 6 93 78 100 100 100 92 96 0 76 54 62 83 100 77 100 54 100 100 52 100 0 100 64 1 1 1 1 1 3 3 1 2 3 3 2 1 1 2 1 1 3 1 5 3 1 2 3 2 5 3 5 1 0 0 0 0
"25" 3 1 5 5 2 1 1 1 2 3 2 2 1 4 3 3 3 4 1 3 5 3 3 3 5 5 3 5 4 5 2 3 5 1 2 3 0 0 0 80 65 0 90 15 100 85 0 0 75 55 0 95 10 100 90 50 10 55 0 70 75 75 85 50 85 85 90 95 85 60 30 0 40 60 3 1 1 1 1 3 5 2 2 5 5 1 3 3 2 4 1 2 5 5 5 3 5 5 2 5 1 5 1 0 0 0 0
"26" 3 2 3 2 2 1 5 5 3 4 5 5 5 5 2 5 1 5 2 1 3 4 5 1 1 3 1 1 1 1 5 5 5 1 4 4 2 1 36 1 2 62 2 47 1 3 3 11 2 1 3 9 3 3 1 49 59 2 55 57 2 1 18 53 0 57 2 1 2 9 44 1 13 19 2 1 0 0 0 3 5 7 5 1 1 2 1 2 2 1 5 5 1 4 2 2 1 1 3 5 5 5 0 0 0 0 1
"27" 3 2 4 4 3 3 1 2 2 4 4 2 1 2 4 2 3 2 1 4 4 3 3 4 5 5 2 5 2 5 3 1 4 2 2 3 0 0 0 80 100 1 85 2 85 85 0 1 85 50 1 70 30 95 85 40 60 50 0 30 90 50 85 50 85 85 90 85 95 75 45 1 85 70 2 1 1 1 0 3 3 1 2 4 4 1 3 3 2 5 1 3 4 3 4 3 4 5 2 3 3 4 1 0 0 0 0
"28" 1 3 4 1 2 2 5 2 2 2 3 4 3 3 2 5 2 4 2 3 3 4 7 2 2 2 3 2 1 2 3 4 3 3 4 4 33 3 3 5 0 84 4 92 4 1 2 12 6 3 88 85 20 9 3 97 85 85 88 75 0 3 85 76 96 85 12 4 63 36 21 0 12 42 3 0 0 0 0 2 3 7 3 3 5 2 2 2 2 3 3 3 3 5 3 2 2 2 3 3 5 3 0 0 0 0 1
"29" 1 1 4 1 2 1 3 3 3 1 1 1 3 2 1 3 1 5 2 1 1 5 7 1 5 1 1 5 1 1 3 2 2 1 3 1 9 6 6 6 53 90 89 100 4 8 6 33 7 0 53 8 54 53 53 88 100 17 73 100 19 6 53 53 91 54 53 53 88 53 88 0 88 15 1 1 1 1 1 3 1 4 5 1 1 2 2 2 3 1 5 5 2 2 3 5 2 3 4 3 3 3 0 0 0 1 0
"30" 2 4 7 1 2 2 2 2 2 2 2 2 2 2 2 2 3 3 2 3 4 3 4 3 3 3 1 3 1 1 4 3 3 3 3 3 0 0 0 0 0 0 0 0 0 0 0 0 0 0 0 0 0 0 0 50 0 0 0 50 0 0 0 0 0 0 0 0 0 0 0 0 0 0 2 1 1 1 1 3 3 1 3 3 3 1 3 3 3 3 3 2 3 4 2 2 3 3 4 4 4 4 1 0 0 0 0
"31" 3 3 3 2 2 2 3 1 3 2 4 4 2 3 3 5 3 5 1 3 4 3 4 4 5 3 1 5 3 2 4 2 4 3 4 4 0 0 0 25 50 30 70 50 90 50 0 25 70 50 50 100 10 50 50 25 15 50 50 50 50 50 50 50 50 50 50 50 50 50 50 50 50 50 2 0 1 1 0 2 5 1 3 3 3 1 3 3 3 2 4 3 4 5 3 2 3 3 2 5 3 3 1 0 0 0 0
"32" 3 3 6 2 1 1 3 1 2 1 2 2 2 3 2 3 2 2 1 2 3 5 3 3 5 3 2 5 2 2 3 4 2 2 2 2 0 0 0 70 39 85 96 72 67 51 0 0 60 16 30 50 30 72 58 60 49 0 62 40 84 60 70 60 70 85 70 70 59 60 50 40 60 60 3 0 1 1 1 3 2 1 4 4 4 1 3 3 1 4 1 3 4 5 4 4 4 4 1 3 2 3 1 0 0 0 0
"33" 3 5 4 3 3 3 3 3 3 3 3 3 3 3 3 3 3 3 2 3 3 3 4 1 3 3 1 3 3 3 3 3 3 3 3 3 48 53 50 50 51 52 51 49 50 53 52 49 49 52 49 51 48 49 48 49 51 51 48 50 50 49 50 50 49 48 56 48 51 54 50 48 8 51 3 1 1 1 1 2 3 4 3 3 3 2 2 2 2 3 3 3 3 3 3 3 3 3 1 5 3 3 1 0 0 0 0
"34" 3 2 6 3 2 3 1 1 3 3 2 2 1 2 2 3 1 4 2 2 4 4 4 4 5 3 2 5 2 5 1 1 4 1 3 2 0 0 0 49 45 57 15 30 45 50 0 27 42 40 16 75 33 50 50 59 40 56 0 50 6 61 50 50 50 50 50 50 50 50 39 0 50 50 1 1 1 0 1 1 5 6 4 3 3 1 3 2 2 4 1 2 5 4 4 3 2 3 3 3 3 4 0 0 0 0 1
"35" 1 1 3 2 3 1 1 3 2 3 2 2 2 2 1 2 2 4 1 3 3 3 4 3 5 4 3 5 2 2 3 1 2 2 2 3 3 2 3 63 81 20 74 13 66 65 3 22 79 70 10 81 18 63 63 50 59 89 15 77 61 73 74 71 87 86 54 50 70 62 70 3 70 70 2 1 1 1 1 3 3 3 4 2 2 1 3 3 2 2 3 3 2 4 3 3 2 3 4 3 2 3 0 1 0 0 0
"36" 2 1 4 1 3 3 4 1 3 1 1 1 1 2 1 4 1 3 2 1 1 5 6 2 5 2 1 3 1 1 3 3 1 3 4 2 0 0 0 0 0 66 0 49 0 15 0 73 15 0 87 43 50 0 0 100 86 34 66 79 0 54 50 50 50 50 1 0 100 9 100 0 95 33 2 1 1 0 0 3 3 6 5 1 1 2 2 2 2 3 5 2 5 4 3 5 2 5 4 5 4 5 0 0 0 1 0
"37" 1 2 4 1 1 1 4 1 1 1 3 1 1 3 1 1 1 4 3 1 1 2 7 1 4 1 1 4 1 1 4 5 3 1 3 3 16 1 1 50 50 85 4 85 84 3 1 3 50 5 50 85 85 85 85 92 85 50 85 50 40 50 84 84 40 70 50 50 50 85 85 1 85 85 1 1 1 0 1 3 5 6 5 1 1 1 3 1 2 3 2 2 3 5 1 1 1 3 1 4 5 5 0 0 0 1 0
"38" 3 1 1 3 1 3 1 1 1 1 2 2 1 1 1 3 2 1 2 4 3 5 4 1 4 1 1 5 1 2 4 1 4 1 2 2 0 0 0 37 40 80 53 75 0 88 0 0 69 74 0 100 67 0 0 72 69 67 0 68 100 0 100 76 90 91 0 0 89 78 66 0 73 75 1 1 1 1 1 3 2 2 5 5 5 1 3 3 1 5 1 1 5 4 3 2 1 4 2 5 1 2 1 0 0 0 0
"39" 1 1 6 1 2 2 4 1 4 2 1 3 3 1 1 4 2 3 2 3 4 5 5 2 5 2 1 5 1 1 2 1 3 2 5 2 16 2 5 5 10 10 100 53 15 54 11 17 6 14 50 41 76 62 22 90 76 31 60 96 100 77 87 70 35 82 15 31 99 19 51 4 53 54 1 1 1 1 0 3 4 2 5 1 1 3 3 2 3 2 2 4 3 4 3 3 2 2 2 3 3 5 1 0 0 0 0
"40" 3 1 2 4 2 3 1 5 1 3 4 2 1 1 3 1 3 5 1 4 4 3 1 4 5 5 1 5 4 5 1 1 3 1 1 3 0 0 0 100 100 6 100 19 100 100 0 0 86 100 31 100 30 100 100 40 31 100 6 100 100 85 100 100 100 100 100 100 100 100 60 8 15 100 1 1 1 1 1 1 5 1 1 4 4 1 3 3 3 4 1 1 5 2 5 3 4 2 2 4 1 3 1 0 0 0 0
"41" 3 3 7 1 1 1 2 2 2 1 2 4 2 3 1 2 3 2 1 2 2 5 1 3 5 2 1 5 1 2 4 5 3 3 3 3 36 4 5 76 11 55 52 51 53 53 7 40 52 53 55 51 57 51 44 91 81 52 46 53 55 63 82 62 53 56 42 45 77 58 56 20 53 57 2 0 1 1 1 3 3 3 5 2 5 1 3 3 2 1 3 3 4 5 4 3 3 5 3 5 1 2 0 1 0 0 0
"42" 3 3 2 4 2 2 1 1 2 3 2 2 1 2 2 2 3 2 1 3 4 1 1 3 5 5 2 5 4 5 1 2 4 2 2 2 1 1 1 90 81 15 85 1 86 88 1 1 85 79 14 88 31 85 86 32 41 47 1 44 89 77 82 60 75 81 87 86 84 82 40 6 71 80 1 1 1 1 1 2 2 1 2 5 5 1 3 3 2 5 2 2 5 1 5 5 5 5 4 5 1 1 1 0 0 0 0
"43" 1 2 6 1 1 1 1 1 1 1 2 2 1 2 1 2 3 2 1 2 3 4 4 3 5 4 1 5 2 2 4 2 2 2 2 2 0 0 0 70 100 0 100 0 85 100 0 0 50 0 40 100 30 100 100 100 70 50 0 85 100 100 100 100 100 100 100 100 100 100 85 0 85 85 2 1 1 1 1 3 1 1 1 3 3 2 3 2 2 3 2 2 4 3 4 4 4 3 4 5 1 4 1 0 0 0 0
"44" 3 1 4 3 2 2 2 3 4 3 4 4 2 2 4 4 3 2 1 1 1 2 5 3 5 3 2 5 2 4 3 1 2 2 3 4 5 8 13 48 63 32 63 61 65 69 9 4 57 22 64 74 42 71 70 72 76 51 19 58 44 66 67 70 68 62 17 55 60 66 59 3 61 35 1 1 1 1 1 3 2 3 2 3 3 1 3 2 1 4 2 2 4 4 4 2 3 4 4 5 3 3 1 0 0 0 0
"45" 3 2 3 1 1 1 1 4 3 1 2 3 1 1 1 2 2 4 1 4 4 4 1 3 2 2 1 5 2 1 4 1 1 2 2 1 8 16 29 95 37 49 14 20 12 5 92 28 18 17 86 47 79 6 6 90 35 17 14 21 81 15 90 85 70 26 0 4 48 25 77 16 77 50 2 0 1 1 1 2 3 6 4 3 1 1 3 2 1 3 2 1 2 4 2 1 2 1 1 3 2 3 0 1 0 0 0
"46" 2 2 3 2 1 1 4 1 2 2 2 3 1 2 1 3 1 4 2 1 2 4 5 2 5 3 2 5 2 5 3 2 2 1 2 2 0 1 0 0 50 31 83 71 72 50 0 15 2 21 31 74 5 73 66 77 72 64 52 80 87 62 74 70 71 75 61 73 75 77 81 11 80 67 1 1 1 1 1 1 3 4 5 1 1 2 2 2 2 2 4 4 3 3 5 3 2 3 4 4 3 3 1 0 0 0 0
"47" 1 1 4 1 1 1 3 2 1 1 5 5 3 3 2 5 1 5 1 5 4 3 7 2 5 5 1 5 1 1 5 5 5 5 4 4 0 0 0 0 50 90 0 95 0 20 0 50 0 0 50 85 0 90 0 90 5 15 0 100 0 0 60 100 95 95 0 0 50 50 0 0 50 50 1 0 1 0 0 1 1 5 5 1 1 2 2 2 2 1 5 5 1 5 5 2 5 5 4 5 5 5 0 0 0 1 0
"48" 1 1 4 1 1 1 4 2 1 1 3 1 3 3 1 4 1 5 2 1 1 5 7 1 1 1 3 1 1 1 5 5 5 5 5 1 0 0 0 0 0 100 0 50 0 0 0 53 0 0 50 0 50 50 0 100 100 0 100 100 0 0 50 50 70 70 0 0 100 0 100 0 100 0 1 0 1 1 0 2 3 7 5 1 1 2 1 2 2 2 3 4 2 5 3 1 1 1 4 4 5 5 0 0 0 0 1
"49" 2 1 3 1 1 1 5 3 2 1 2 2 1 3 1 4 1 5 2 1 1 5 7 2 5 2 1 5 1 1 5 2 1 5 3 2 0 0 5 10 50 100 15 100 10 50 15 85 10 0 90 30 70 30 5 90 95 20 90 98 10 40 85 95 80 95 0 0 90 20 90 0 90 10 1 0 1 1 0 1 2 6 5 1 5 2 2 2 2 2 4 4 2 5 3 3 2 4 3 3 5 5 0 0 0 1 0
"50" 1 2 4 1 3 3 5 4 3 2 4 3 1 4 1 4 1 5 2 1 2 4 4 2 3 1 3 5 1 1 5 5 3 4 3 3 9 4 3 1 48 51 16 49 5 49 6 49 3 5 51 46 51 51 8 70 95 70 62 50 0 7 49 49 51 49 13 14 86 50 68 3 51 20 1 0 1 0 0 1 3 4 5 1 1 2 2 2 2 2 4 3 3 5 4 1 2 3 3 3 5 5 0 0 1 0 0
"51" 3 1 4 4 2 4 1 1 1 1 1 1 1 1 2 2 3 2 1 1 1 4 3 3 1 5 1 5 3 5 1 2 4 1 1 1 0 0 0 100 100 50 100 0 100 100 0 0 100 100 0 100 50 100 100 50 100 100 0 100 100 100 100 100 100 100 100 100 100 100 50 0 100 100 2 1 1 1 1 3 3 1 3 3 3 2 3 3 2 4 1 2 5 4 3 2 3 4 4 3 2 3 1 0 0 0 0
"52" 2 3 7 2 2 1 4 1 1 1 5 1 1 1 3 5 2 4 1 1 2 5 7 1 5 1 1 5 1 1 3 1 1 4 5 1 0 0 0 0 76 5 94 1 97 70 0 0 1 0 0 91 16 100 0 85 87 88 0 8 94 88 50 93 86 94 0 0 98 0 95 0 97 0 1 1 1 1 1 3 3 1 5 1 1 2 2 2 2 2 4 4 2 2 4 5 1 3 3 4 4 4 1 0 0 0 0
"53" 3 1 4 1 3 2 1 1 1 3 2 2 1 1 1 2 2 3 2 3 4 4 3 4 5 5 1 5 1 2 2 1 3 3 3 3 3 1 3 100 59 2 88 2 84 56 5 55 68 56 50 68 73 93 88 88 31 62 6 89 61 93 99 54 86 72 67 90 74 82 50 5 53 54 1 0 1 1 0 1 3 2 4 3 3 1 3 3 2 4 2 2 4 3 4 3 2 3 1 5 3 3 1 0 0 0 0
"54" 2 3 4 4 3 1 1 1 1 1 2 1 1 2 3 1 2 1 1 5 5 3 1 3 5 4 1 5 3 5 4 3 3 1 1 1 50 0 0 100 100 1 100 0 100 100 0 0 100 75 0 100 15 100 100 3 40 50 0 71 100 50 100 0 63 86 100 100 87 55 62 0 49 71 4 1 1 1 1 2 5 1 3 3 3 1 3 3 2 5 1 1 5 5 2 3 5 4 4 5 1 3 1 0 0 0 0
"55" 3 1 4 3 1 2 3 3 2 3 2 2 1 1 2 2 2 1 2 1 1 4 5 2 4 5 5 5 4 5 3 1 1 1 3 4 12 8 11 92 92 10 10 92 94 94 6 8 13 7 10 93 15 94 96 96 92 96 94 90 94 93 91 92 86 84 93 91 88 93 76 42 69 62 1 1 0 1 0 3 1 1 1 4 4 1 3 2 3 4 2 2 4 4 2 3 2 2 1 5 3 4 1 0 0 0 0
"56" 3 1 2 1 2 3 1 1 2 2 2 1 1 1 3 3 2 3 1 1 2 4 4 3 5 4 1 5 2 5 4 1 3 3 2 1 0 0 0 0 91 0 98 0 50 77 0 0 50 0 0 83 0 84 50 71 70 100 0 79 90 85 85 85 85 85 50 50 89 85 82 0 91 71 1 1 1 1 0 3 5 3 4 3 3 2 2 2 2 3 2 5 3 1 5 5 2 3 2 5 3 5 1 0 0 0 0
"57" 1 1 2 1 1 2 5 1 2 2 2 2 1 2 1 2 1 5 2 1 1 5 2 3 4 2 3 2 1 2 4 4 3 2 3 3 15 0 0 60 50 60 40 70 50 50 0 50 15 30 50 60 70 50 50 70 70 15 70 70 15 30 50 70 70 60 50 50 50 50 70 0 70 60 1 1 1 1 0 3 3 7 5 2 5 2 2 2 2 1 2 3 3 4 5 1 5 5 4 5 3 5 0 0 0 0 1
"58" 3 2 1 4 2 2 1 1 2 3 1 1 3 1 1 2 4 3 1 5 5 1 1 4 5 5 1 5 5 5 2 2 5 1 1 1 0 0 0 100 70 0 90 0 100 100 0 0 50 0 0 50 30 100 100 20 0 50 0 40 90 50 100 50 100 100 100 100 100 100 0 100 40 100 2 1 1 1 1 2 4 1 1 5 5 1 3 3 3 5 1 2 5 4 2 5 5 5 4 5 1 4 1 0 0 0 0
"59" 3 2 4 1 1 1 1 2 2 3 1 2 1 1 2 2 2 2 1 2 3 3 2 3 5 5 3 5 1 4 2 1 4 1 3 3 0 1 2 95 95 40 95 2 80 85 0 2 85 55 20 85 40 80 95 60 52 95 2 95 95 95 95 95 98 95 71 85 95 95 70 10 95 95 1 0 1 1 0 1 4 1 3 3 3 1 3 3 2 4 1 2 5 3 3 3 2 5 3 3 3 4 1 0 0 0 0
"60" 2 1 4 1 1 1 5 4 3 2 3 4 3 3 1 4 1 5 2 2 3 3 6 4 5 5 3 4 1 2 4 3 2 4 3 3 1 1 2 1 2 31 14 70 1 15 3 51 3 2 1 1 3 2 5 98 51 15 50 72 6 1 50 50 51 85 14 3 50 4 75 1 71 1 1 0 1 0 0 2 3 4 5 1 1 2 2 2 2 1 4 4 1 5 2 2 1 2 4 5 4 5 0 0 0 1 0
"61" 2 2 4 2 3 3 2 1 2 4 3 2 1 2 4 3 3 3 1 3 3 3 3 2 5 5 2 5 2 5 3 1 5 3 3 3 0 0 0 100 100 31 85 15 100 100 1 2 100 49 15 51 40 100 100 51 52 100 1 68 100 50 100 100 100 100 100 100 100 100 50 50 86 87 1 1 1 1 1 3 3 1 3 3 3 1 3 3 2 5 1 3 5 3 3 3 2 5 1 5 3 3 1 0 0 0 0
"62" 3 3 6 1 2 1 3 3 2 1 3 2 3 3 3 3 3 3 2 1 2 4 3 3 5 3 1 3 3 3 4 3 3 3 2 2 15 1 0 11 52 52 27 78 55 40 7 38 23 16 56 42 43 34 57 65 99 39 100 36 11 51 36 39 54 36 29 33 58 31 39 36 30 40 1 1 1 1 1 2 2 4 3 3 3 2 2 2 2 2 2 3 2 4 3 2 2 3 4 3 3 3 0 1 0 0 0
"63" 3 1 1 2 2 2 1 1 1 2 2 2 1 1 2 2 2 2 2 1 3 4 4 2 5 3 1 5 2 3 3 1 3 1 2 2 0 0 0 60 50 30 90 40 75 95 0 0 40 50 30 100 30 85 80 85 55 100 0 35 90 50 60 60 55 80 50 70 50 60 60 0 60 50 1 1 1 1 1 3 1 2 3 2 3 1 3 2 1 4 1 4 5 4 2 3 3 5 2 5 2 5 0 0 1 0 0
"64" 1 1 4 2 2 1 1 2 1 1 3 2 1 2 1 3 2 2 2 1 1 4 4 2 4 5 1 5 3 4 2 2 2 2 2 2 40 2 0 97 3 86 95 71 85 99 6 70 85 2 100 97 85 92 94 100 92 100 61 100 94 94 100 99 100 100 89 89 100 93 80 3 61 92 1 1 1 1 1 3 3 5 3 3 3 2 2 2 2 4 2 2 5 4 4 3 3 3 1 4 3 4 0 1 0 0 0
"65" 2 3 7 3 2 2 3 1 2 2 2 2 1 2 5 3 2 3 1 5 5 1 1 3 5 5 2 5 3 5 1 1 5 1 1 2 0 0 0 100 100 0 100 0 100 100 0 0 90 0 0 80 20 100 100 5 30 50 0 30 100 75 100 50 100 100 100 100 100 90 0 0 85 90 1 1 1 1 0 2 2 1 2 5 5 1 3 3 3 5 1 1 5 1 3 3 5 5 1 5 2 1 1 0 0 0 0
"66" 3 1 4 1 1 1 3 1 2 1 2 1 1 2 1 3 1 5 2 1 1 4 7 1 5 5 1 1 1 1 5 2 1 5 1 1 2 1 1 1 1 100 50 100 61 62 87 31 1 1 100 1 99 85 78 100 100 60 72 98 55 51 100 99 98 71 70 60 85 1 72 0 71 0 2 1 1 1 0 3 1 5 5 1 5 2 2 2 2 1 5 5 2 5 2 2 5 5 2 5 5 5 0 1 0 0 0
"67" 2 3 4 2 2 2 2 2 1 2 3 2 1 3 2 2 3 3 2 3 3 4 7 4 5 5 1 5 3 3 3 4 3 3 3 3 25 0 4 65 0 61 70 40 60 60 0 60 6 0 55 60 30 60 60 65 57 60 40 7 72 60 70 60 40 62 50 55 62 60 40 40 40 40 3 1 1 1 1 2 3 1 3 3 3 2 2 2 2 2 4 3 3 5 2 1 4 3 3 5 3 2 1 0 0 0 0
"68" 3 4 6 2 2 2 5 4 1 2 3 3 3 4 2 5 1 5 1 3 4 3 6 2 5 4 5 5 3 1 4 2 2 2 4 3 27 26 20 18 51 60 69 95 17 20 55 47 16 7 57 15 71 49 43 64 70 36 61 94 31 18 76 81 60 74 36 16 84 41 88 13 87 40 1 0 1 0 0 2 3 5 5 3 3 2 2 3 1 1 4 4 2 4 3 2 2 3 4 4 4 2 0 0 1 0 0
"69" 1 3 3 5 2 3 4 4 2 2 3 4 2 5 3 5 2 3 2 2 3 3 2 3 3 5 5 2 2 3 5 4 3 2 3 1 48 11 72 55 29 21 14 98 9 30 60 28 13 20 64 69 75 0 58 53 52 37 30 47 53 27 56 31 87 62 10 51 64 100 21 0 14 42 3 1 0 0 0 2 3 5 4 2 2 2 2 2 2 3 4 3 4 2 3 3 2 3 2 4 3 3 0 0 0 0 1
"70" 2 3 4 4 3 3 1 1 2 4 3 3 1 4 3 5 2 3 1 4 4 3 4 4 5 5 3 5 4 5 2 2 5 1 2 3 0 0 0 50 70 0 55 0 55 65 0 0 65 50 5 50 0 50 0 50 15 55 0 40 80 50 65 45 50 70 0 0 50 40 39 0 45 55 1 1 1 0 1 1 5 1 5 1 1 1 3 2 2 5 2 3 5 3 3 3 4 5 4 5 1 4 1 0 0 0 0
"71" 3 1 4 1 1 1 5 1 5 1 1 4 1 1 1 5 1 5 2 1 1 5 7 3 5 5 1 3 1 1 5 5 1 5 4 3 2 1 4 3 100 100 100 98 4 54 3 3 2 2 100 17 52 53 55 100 100 4 100 100 3 55 100 100 100 100 52 54 100 100 100 1 100 54 1 1 1 1 0 3 3 5 5 5 3 2 2 2 2 2 5 5 5 3 2 3 2 5 5 5 5 5 0 0 0 1 0
"72" 1 2 2 3 2 2 2 3 4 4 2 3 2 2 2 2 3 2 2 2 2 3 4 3 2 3 2 3 2 2 3 5 3 2 2 2 62 53 44 37 38 60 54 63 71 54 51 42 47 57 52 43 53 51 69 50 60 74 51 53 67 55 55 52 66 44 55 63 50 55 60 60 53 53 2 1 0 1 1 1 2 4 3 2 2 2 1 2 1 2 2 3 2 3 2 3 2 2 2 2 3 3 0 0 0 0 1
"73" 3 1 4 3 2 1 1 1 1 1 1 1 1 1 1 1 4 4 2 4 3 3 1 4 5 5 4 5 3 4 5 2 1 3 2 2 0 0 0 100 97 0 100 10 60 100 0 0 99 100 0 90 13 100 100 87 30 85 15 71 100 87 100 75 100 100 100 100 100 100 100 0 100 83 1 1 1 1 1 2 3 1 3 3 3 2 3 2 3 4 1 1 5 5 1 1 4 3 1 5 1 3 1 0 0 0 0
"74" 1 1 4 1 1 2 1 1 1 1 1 1 1 3 1 3 1 1 1 1 2 5 7 4 1 1 1 1 2 5 1 1 2 3 1 4 61 72 53 100 67 48 60 53 15 60 90 69 71 20 100 59 38 17 50 100 83 58 58 54 60 55 57 92 67 73 28 14 52 14 84 36 71 51 1 1 1 0 1 1 1 6 1 1 1 2 3 1 3 2 2 1 1 1 2 1 2 1 4 3 1 1 0 0 0 1 0
"75" 3 1 2 4 1 1 3 2 2 3 2 4 2 3 2 2 2 2 1 4 5 2 2 4 5 5 2 5 3 5 2 2 5 1 2 4 0 0 0 99 90 0 86 0 100 90 0 0 80 40 0 80 15 90 90 15 16 75 0 30 100 95 90 90 90 91 91 90 90 91 0 50 0 100 1 1 1 0 1 1 3 2 2 4 4 1 3 3 2 5 1 2 5 3 5 5 4 5 3 3 1 3 1 0 0 0 0
"76" 2 1 4 1 3 1 1 1 1 1 3 1 1 2 4 2 4 3 2 1 2 3 7 2 5 1 1 1 3 2 3 1 3 3 2 2 51 1 51 72 51 50 100 100 100 51 16 41 49 50 51 72 50 51 61 70 85 50 1 82 100 51 72 100 53 59 50 70 71 52 61 52 72 52 1 0 0 0 0 3 3 1 3 3 3 2 2 2 2 3 3 3 3 3 3 1 3 3 4 3 3 3 1 0 0 0 0
"77" 2 1 1 3 3 1 1 1 1 3 1 1 1 2 2 1 2 4 1 2 3 3 4 3 5 4 1 5 2 4 4 1 3 1 2 2 0 0 0 100 100 1 100 2 85 100 0 0 72 60 2 100 32 100 84 30 62 96 0 85 100 86 100 51 100 100 86 85 100 85 70 0 100 71 2 1 1 1 1 3 1 1 3 4 4 1 3 2 2 5 1 5 5 4 3 2 3 5 2 4 1 2 1 0 0 0 0
"78" 2 1 1 5 2 2 1 1 1 3 2 1 1 1 5 1 5 1 1 4 5 5 1 4 5 5 1 5 5 5 1 1 5 1 1 1 0 0 0 100 100 0 100 0 100 100 0 0 100 100 0 100 0 100 100 16 17 86 0 71 100 100 100 100 100 100 100 100 100 100 0 49 14 60 1 1 1 1 1 1 3 1 1 5 5 1 3 3 3 5 1 1 5 3 5 3 5 5 2 5 1 2 1 0 0 0 0
"79" 2 2 2 2 3 2 1 1 2 2 3 2 1 3 2 1 3 2 2 2 3 4 5 2 2 3 1 3 3 2 3 3 2 3 4 4 66 60 54 100 57 56 59 78 31 29 68 83 61 46 85 84 68 14 11 100 78 89 81 75 75 78 92 98 99 60 23 22 83 58 80 33 89 58 2 1 0 1 0 2 2 5 4 4 4 1 1 2 2 2 2 4 2 2 4 2 2 2 1 2 1 2 0 1 0 0 0
"80" 2 1 4 3 3 2 1 1 1 2 2 2 2 1 2 2 2 2 1 1 1 5 2 3 5 5 2 5 4 5 1 1 2 1 2 2 2 2 1 66 99 1 100 41 92 100 1 2 85 71 16 92 3 100 100 85 82 100 18 86 100 90 85 86 89 86 100 100 88 85 60 4 86 85 1 0 1 1 1 2 5 1 2 5 5 1 3 3 3 5 1 1 5 3 5 5 5 5 1 5 2 2 1 0 0 0 0
"81" 2 3 5 2 1 1 3 5 2 1 5 2 2 5 2 4 1 5 1 3 4 5 7 1 4 1 1 5 1 1 5 5 3 3 5 5 0 0 0 0 4 0 0 0 0 5 0 0 0 0 0 5 0 2 0 0 13 0 0 10 0 7 0 2 30 28 0 0 1 0 13 0 6 0 5 1 1 1 1 3 1 4 3 3 3 2 2 2 2 2 3 3 3 3 3 3 3 3 4 4 2 2 0 0 0 1 0
"82" 2 3 4 3 2 1 3 2 2 1 3 3 3 3 1 3 2 3 2 3 4 5 4 3 3 1 2 5 1 3 5 4 4 4 3 3 49 50 50 100 50 50 50 70 100 49 50 50 50 50 50 50 60 99 100 50 60 49 49 50 63 49 100 100 100 50 50 100 50 50 50 50 50 50 2 1 1 1 0 2 1 4 5 3 3 1 3 1 2 3 2 2 2 3 3 1 2 2 1 5 3 3 0 0 1 0 0
"83" 2 1 4 3 3 3 1 1 1 3 3 1 1 2 1 1 3 3 1 3 3 4 3 2 4 4 1 5 1 3 4 1 2 2 1 1 1 1 1 50 50 1 100 1 50 50 1 1 30 50 1 50 50 50 50 50 40 70 1 50 100 60 50 50 50 50 50 50 70 50 60 1 41 40 1 1 1 1 1 3 3 2 3 3 3 1 3 3 2 2 2 2 4 3 3 3 3 3 3 5 2 4 1 0 0 0 0
"84" 2 2 5 1 3 2 4 1 2 2 3 1 3 4 1 2 1 5 2 1 3 4 4 3 3 4 2 1 3 1 3 3 1 3 3 2 9 6 9 26 50 97 26 61 9 41 6 70 31 20 66 50 49 50 50 100 91 20 93 85 6 49 50 50 50 50 50 50 98 50 94 7 76 51 2 1 1 1 0 3 4 7 5 5 1 2 2 2 2 1 4 4 3 5 3 3 2 2 3 5 5 5 0 0 0 0 1
"85" 2 2 2 3 2 2 1 1 2 4 2 1 2 1 5 1 2 1 2 2 4 2 2 4 5 4 2 5 3 5 2 1 3 1 1 2 0 0 0 85 85 0 85 85 85 85 0 0 85 80 25 85 35 85 85 60 55 70 20 65 85 85 85 80 85 85 85 85 80 85 35 35 65 75 4 1 1 1 1 3 1 2 2 5 5 1 3 3 3 5 1 2 5 4 4 2 5 5 1 3 2 3 1 0 0 0 0
"86" 3 3 3 2 4 2 1 2 2 3 2 2 1 2 4 3 2 3 2 3 4 3 2 4 5 5 2 5 2 3 1 1 3 1 1 1 0 0 0 85 50 30 30 15 85 70 0 15 55 65 25 85 40 70 90 60 34 65 0 60 85 70 70 45 70 70 90 90 75 70 45 0 60 65 2 1 1 1 0 1 4 3 2 5 5 1 3 3 2 5 1 1 5 3 5 2 3 4 2 4 3 3 1 0 0 0 0
"87" 3 2 6 1 1 1 4 3 3 1 3 1 3 3 3 4 1 4 1 1 1 5 7 2 5 5 1 5 1 1 2 3 3 3 2 3 0 0 0 0 40 85 70 60 70 60 0 40 40 0 70 40 60 85 40 85 100 70 60 100 85 70 85 85 85 85 70 70 85 60 85 0 85 70 1 1 1 1 0 3 3 4 5 1 1 2 2 2 2 2 5 4 2 4 5 3 4 5 2 5 4 5 0 1 0 0 0
"88" 1 1 7 1 2 1 3 4 3 1 3 2 1 3 1 4 1 5 1 1 1 1 5 3 4 2 2 5 1 1 5 2 2 3 3 3 18 16 7 0 45 16 90 73 18 35 35 5 32 1 82 8 44 30 12 96 96 6 87 100 86 16 87 86 95 95 10 3 85 67 89 1 93 29 1 0 1 0 0 2 1 3 5 1 1 2 2 2 1 1 4 4 2 4 3 2 2 3 4 3 1 5 0 0 1 0 0
"89" 1 3 5 2 2 2 4 2 3 2 3 2 3 3 2 3 1 5 1 1 3 4 5 2 5 3 4 5 1 4 1 3 2 2 3 3 5 10 10 30 45 45 45 55 35 60 15 10 30 15 40 35 60 50 50 60 65 70 45 80 40 70 50 50 50 50 50 50 50 50 60 2 65 70 1 1 1 0 0 2 4 3 5 1 4 1 3 3 3 1 4 4 4 4 3 3 4 4 3 4 5 5 1 0 0 0 0
"90" 3 1 4 3 1 1 4 1 1 1 3 3 1 2 2 3 4 4 1 3 4 4 7 1 4 5 3 4 3 3 2 3 3 3 2 2 17 10 15 87 21 60 75 62 55 40 30 60 43 16 53 77 72 57 55 86 82 76 64 84 100 82 100 100 85 85 59 60 100 84 61 20 63 53 3 1 1 1 1 3 2 1 5 4 4 1 3 1 2 2 2 2 2 4 2 1 2 2 4 4 3 4 1 0 0 0 0
"91" 2 1 5 1 1 1 5 5 3 1 4 3 1 5 2 5 1 5 1 1 1 5 5 2 5 1 2 5 1 1 5 4 1 5 4 2 0 0 0 0 2 100 5 100 50 5 0 0 0 0 95 40 75 100 10 100 100 10 75 100 2 5 95 97 95 100 5 5 100 90 100 0 99 0 1 0 1 0 0 3 3 6 5 1 5 2 2 2 2 2 5 5 2 4 5 2 1 2 2 4 4 5 0 0 0 1 0
"92" 3 1 3 1 2 1 4 2 1 1 1 4 2 2 1 3 4 2 2 3 4 3 4 2 3 1 1 2 1 1 5 3 3 2 2 3 36 0 33 88 45 50 41 35 100 42 0 67 59 52 46 57 56 69 76 61 53 50 40 48 69 74 100 34 91 84 73 76 56 63 52 0 22 36 1 1 1 1 1 1 4 7 3 2 3 2 1 2 1 3 2 2 5 5 2 1 3 3 1 5 1 3 1 0 0 0 0
"93" 2 3 4 1 1 1 2 3 1 1 5 3 2 5 2 5 1 4 1 1 3 5 4 2 5 2 1 5 1 1 3 5 5 5 4 4 1 16 1 1 50 50 16 1 30 40 1 40 15 1 50 1 1 60 50 85 85 50 1 85 85 70 30 75 15 50 50 50 50 15 60 1 50 15 3 1 1 1 0 3 3 4 5 1 1 1 1 2 3 1 5 5 1 4 5 5 1 3 3 3 5 5 0 1 0 0 0
"94" 3 1 7 1 1 1 5 5 1 1 1 5 5 1 1 5 1 5 1 1 1 5 3 1 5 5 1 5 1 5 3 5 5 3 4 5 0 0 0 0 50 0 50 100 10 10 0 0 0 0 21 15 45 50 50 70 91 15 85 100 0 12 50 50 50 50 50 50 50 40 50 0 50 50 1 0 1 0 0 2 3 1 5 1 5 2 2 2 2 1 4 4 2 5 5 1 2 2 3 4 4 5 1 0 0 0 0
"95" 3 3 3 1 1 1 5 5 5 1 5 5 5 5 1 5 1 5 2 2 4 1 6 2 1 1 2 2 1 1 5 5 5 5 5 5 80 1 0 0 0 90 0 60 0 0 50 100 75 0 5 70 0 0 0 69 86 50 25 100 50 14 20 90 50 35 0 0 2 15 0 0 0 20 5 0 1 0 0 3 5 6 5 1 1 3 1 1 1 1 5 5 1 3 2 2 2 5 5 5 5 5 0 0 0 1 0
"96" 2 2 4 1 3 2 5 5 5 1 5 3 5 5 1 5 1 5 2 1 2 4 4 2 5 5 2 5 1 1 3 4 4 5 4 2 2 0 6 0 50 3 4 100 0 3 2 2 2 0 52 30 69 53 13 70 87 2 100 87 0 3 68 89 87 100 2 20 90 81 88 3 87 1 2 0 1 0 0 1 1 4 5 1 1 2 2 2 2 1 5 5 3 4 1 2 2 5 4 3 4 5 0 0 1 0 0
"97" 3 3 5 2 2 2 3 1 2 1 2 2 1 1 1 2 1 4 3 1 2 2 6 4 4 1 2 1 1 1 5 2 2 1 3 4 5 0 0 0 0 42 0 59 0 0 0 0 35 0 86 35 54 0 0 98 72 45 94 52 0 27 0 80 7 4 0 0 92 0 100 0 100 7 2 1 1 1 1 3 3 6 5 1 1 2 2 2 2 2 2 3 3 3 3 2 2 3 5 3 3 5 0 0 0 1 0
"98" 2 2 5 1 2 1 5 5 1 3 4 5 2 5 3 5 1 4 1 3 4 3 6 2 5 4 4 5 2 2 5 4 2 2 4 4 0 0 0 15 85 50 50 95 15 50 0 0 0 0 50 50 60 50 0 85 70 50 75 95 15 60 70 85 75 85 0 0 85 50 70 0 70 0 1 0 1 0 0 1 3 3 5 1 1 2 2 2 2 1 5 3 2 4 4 2 2 2 5 3 4 5 0 1 0 0 0
"99" 3 3 1 5 2 2 1 1 3 3 5 5 5 4 3 5 2 2 1 5 5 1 1 3 5 2 2 5 5 5 1 2 4 4 4 4 0 0 0 79 100 0 0 0 100 100 0 0 50 0 0 66 4 100 100 0 0 77 0 63 100 86 100 14 100 100 100 100 17 0 21 0 25 7 1 0 1 0 0 3 3 1 4 4 5 1 3 3 3 5 1 1 5 2 5 5 5 5 1 5 2 3 1 0 0 0 0
"100" 2 2 4 1 1 1 4 3 1 1 1 4 1 4 1 4 2 3 1 2 1 5 5 2 5 3 3 3 1 1 3 4 1 3 2 3 0 0 0 22 15 85 85 95 70 85 15 50 50 0 50 85 70 75 65 95 95 60 90 95 50 50 90 95 95 90 50 75 95 30 95 0 90 50 2 1 1 1 1 2 3 4 5 3 3 1 1 1 2 1 5 4 2 4 2 3 2 3 4 2 3 5 0 0 0 1 0
"101" 1 3 6 1 2 1 4 4 3 1 3 2 1 3 1 2 1 4 2 1 2 5 7 2 5 1 5 5 1 1 4 2 3 4 4 2 27 5 2 27 78 40 59 80 51 100 28 5 31 1 79 36 29 54 49 90 100 26 60 90 60 47 70 63 62 36 51 45 66 57 66 1 64 38 2 0 1 1 1 1 1 1 4 1 5 2 1 2 2 1 5 5 2 5 5 1 1 5 4 5 4 5 1 0 0 0 0
"102" 2 2 4 2 1 2 4 1 1 1 2 2 1 2 1 2 3 3 2 1 2 5 4 3 5 1 5 5 1 1 5 5 4 3 2 3 50 35 50 75 40 70 75 70 50 50 50 45 50 50 70 50 70 50 50 70 90 45 95 80 90 50 55 75 60 70 50 50 50 50 50 30 50 50 2 0 1 1 0 2 4 1 5 2 2 2 2 2 1 3 2 2 3 5 3 1 2 3 4 5 3 5 1 0 0 0 0
"103" 3 2 4 1 2 2 4 4 2 2 4 3 2 3 2 3 2 2 2 1 1 4 7 2 5 5 2 5 2 1 4 2 3 3 3 4 2 0 1 1 50 50 50 86 2 30 0 2 2 2 50 92 42 50 50 90 88 90 87 100 71 90 50 100 50 50 48 50 67 49 30 41 50 50 2 0 1 0 0 1 2 5 5 1 1 3 1 2 2 2 5 4 2 4 4 2 1 2 4 3 3 4 1 0 0 0 0
"104" 3 3 4 1 2 1 5 3 3 2 4 3 3 5 1 5 3 3 2 2 3 3 4 5 5 5 2 4 1 1 3 3 3 3 4 3 32 26 6 6 18 44 7 94 3 18 34 100 2 19 44 17 17 18 1 88 43 16 66 88 23 33 43 100 44 62 3 3 54 17 51 20 52 16 1 0 0 1 0 3 4 5 1 4 4 2 2 2 2 2 4 5 3 4 3 2 3 3 5 3 3 5 0 1 0 0 0
"105" 2 2 4 3 3 1 2 3 5 2 4 3 2 4 2 3 1 4 2 1 2 4 5 3 5 4 1 5 2 2 3 2 2 2 3 2 13 3 7 52 50 50 49 60 92 77 3 8 50 7 40 41 72 94 79 62 85 15 51 88 51 50 85 70 84 73 86 71 85 72 61 14 50 61 1 0 1 0 0 2 3 2 4 3 3 1 3 3 2 5 1 1 5 3 2 3 2 3 2 4 1 2 0 1 0 0 0
"106" 3 3 4 1 3 1 1 5 3 2 5 5 5 5 3 3 3 3 2 3 3 3 4 4 5 3 1 5 3 3 3 3 3 3 3 3 0 0 0 0 0 0 0 0 0 0 0 68 0 0 0 0 0 0 0 0 0 0 0 0 0 0 0 0 0 77 0 0 0 0 0 0 0 0 3 0 1 1 1 2 3 1 3 3 3 2 2 2 2 3 3 3 3 3 3 3 3 3 5 3 3 3 1 0 0 0 0
"107" 3 2 5 1 1 1 4 3 2 1 3 2 2 3 1 3 1 4 1 1 2 3 6 2 4 1 1 4 2 1 4 5 3 5 5 5 1 0 1 1 1 2 18 1 2 2 1 11 4 2 85 15 53 23 45 89 90 42 80 70 11 60 85 86 84 95 6 15 85 80 75 75 85 75 2 1 1 1 1 3 3 3 5 5 5 3 1 2 2 1 5 5 1 3 4 2 1 2 3 3 3 5 0 1 0 0 0
"108" 3 1 4 1 2 1 5 2 4 1 2 2 1 4 1 5 1 5 1 2 2 5 5 2 5 1 2 2 1 1 5 5 1 5 5 1 0 0 0 0 50 50 85 85 0 40 0 0 0 0 75 3 70 50 50 85 85 25 50 100 0 15 50 50 50 70 0 0 85 15 85 0 85 15 1 0 1 1 0 2 3 5 5 1 1 3 1 2 2 1 5 5 2 4 3 3 5 4 2 5 1 5 0 0 0 1 0
"109" 3 2 4 2 5 1 5 4 3 2 2 3 5 4 5 5 1 5 3 1 3 4 6 3 3 4 2 5 1 1 3 3 1 3 5 3 0 0 0 0 6 90 0 50 0 0 0 15 0 0 85 15 17 0 0 85 80 25 26 70 0 40 90 90 90 90 0 0 100 15 100 0 85 15 1 0 1 0 0 1 5 7 5 1 1 3 1 2 2 1 5 5 1 5 3 1 1 2 4 5 5 5 0 0 0 0 1
"110" 1 2 4 1 2 1 2 2 2 2 3 3 2 3 2 2 2 4 1 1 1 5 7 2 5 5 2 5 1 1 5 5 5 4 3 3 22 4 6 2 52 62 54 95 3 6 5 51 14 2 54 68 76 49 8 58 100 55 100 64 91 55 78 96 77 88 7 7 87 56 60 49 54 57 1 1 1 1 1 3 3 1 5 1 5 2 2 2 2 3 5 5 3 5 3 1 3 3 4 5 3 5 1 0 0 0 0
"111" 2 3 4 1 1 1 2 1 1 1 5 3 3 5 1 4 1 3 1 3 4 4 6 4 5 3 1 5 2 2 5 5 5 5 4 4 0 0 0 0 5 1 10 58 10 53 0 41 50 0 10 50 24 42 27 11 13 46 31 37 0 59 49 53 58 58 6 25 62 48 13 0 28 0 4 1 1 0 0 2 3 1 3 2 3 1 3 2 2 3 2 1 3 5 3 1 3 3 3 4 4 5 1 0 0 0 0
"112" 1 3 4 1 1 1 1 3 1 1 1 2 3 1 1 5 3 3 2 1 1 1 7 1 1 1 1 3 1 1 5 5 5 3 1 1 16 2 1 2 49 8 1 29 1 7 1 1 8 9 9 34 51 7 1 86 100 52 37 84 27 51 50 50 53 87 1 1 84 86 13 9 8 14 3 0 0 0 1 3 5 4 5 5 5 2 2 2 2 3 5 5 1 3 3 1 3 3 5 5 3 5 0 0 0 1 0
"113" 2 2 2 1 2 1 5 1 2 1 2 1 4 3 2 3 1 5 2 1 3 5 7 3 5 4 1 5 1 1 2 1 1 2 4 2 1 1 1 1 1 80 51 84 1 3 1 53 1 1 75 42 88 53 1 100 86 60 100 100 1 71 100 100 100 100 1 1 100 100 100 0 100 47 1 1 1 1 1 3 4 6 5 1 1 2 2 2 2 2 5 5 3 5 4 2 2 2 4 5 4 5 0 0 0 1 0
"114" 2 3 4 1 1 1 5 5 1 1 5 5 1 5 5 5 3 3 2 3 5 3 4 3 5 3 3 3 5 1 5 3 5 5 5 5 0 0 0 0 0 0 0 0 0 0 0 0 0 0 0 0 0 0 0 0 0 0 0 0 0 0 0 0 0 0 0 0 0 0 0 0 0 0 1 1 1 1 1 2 3 7 3 3 3 2 2 2 2 1 1 1 1 1 5 3 1 1 5 5 5 5 0 0 0 0 1
"115" 2 2 4 1 2 1 1 2 2 1 3 2 2 3 2 3 2 3 1 2 2 5 7 1 3 1 1 5 1 1 5 3 3 3 2 2 20 20 20 50 50 50 50 50 40 50 10 50 20 10 80 85 50 40 45 85 95 75 50 98 50 80 50 80 50 50 20 40 50 45 65 20 65 45 3 1 1 1 1 3 4 2 4 2 2 2 3 2 1 2 2 2 4 4 4 2 2 2 2 5 3 5 0 1 0 0 0
"116" 3 1 4 1 1 1 5 3 1 3 5 4 5 5 1 4 1 5 1 4 4 2 6 1 5 4 5 5 2 3 1 5 5 5 4 4 14 3 3 9 49 63 1 100 35 21 3 4 15 14 30 22 15 49 50 50 39 29 35 100 2 40 50 50 51 51 35 39 56 50 30 13 51 39 1 1 1 1 0 3 5 5 5 1 1 2 1 2 3 1 5 5 3 4 3 3 2 2 2 5 4 5 0 0 0 1 0
"117" 3 1 1 5 2 3 2 1 1 3 3 2 1 2 3 3 2 2 1 3 4 4 4 3 5 5 1 5 3 4 1 1 2 2 1 1 0 0 0 93 100 0 100 0 91 100 0 0 72 52 0 94 51 98 84 1 44 42 0 72 98 87 95 51 99 85 71 85 91 70 90 0 85 85 1 1 1 1 1 3 3 1 3 3 3 1 3 3 2 5 1 2 5 3 4 3 2 5 3 5 2 3 1 0 0 0 0
"118" 1 1 5 4 2 1 1 1 1 3 1 2 2 3 4 2 2 2 1 4 4 1 2 4 5 4 1 5 5 5 1 2 5 1 3 4 0 0 0 70 50 15 100 0 85 85 0 0 60 50 0 90 15 100 100 45 30 100 0 70 100 85 90 60 100 100 100 100 85 85 15 14 70 85 1 1 1 1 1 2 4 1 2 5 5 1 3 3 3 4 1 2 5 5 5 1 4 4 1 5 2 3 1 0 0 0 0
"119" 1 1 4 2 1 1 1 2 2 1 3 3 2 3 1 3 3 2 2 2 2 3 1 3 3 2 2 5 3 2 2 2 2 3 3 3 1 64 40 20 31 86 82 72 5 85 87 5 62 63 100 69 75 0 0 100 86 85 65 67 100 65 19 100 15 70 0 0 100 73 75 40 62 59 1 0 1 0 0 3 3 4 4 3 3 1 2 2 2 3 2 2 3 5 2 1 3 3 4 2 2 2 0 0 0 1 0
"120" 3 1 5 2 1 1 5 2 3 3 4 3 1 3 1 3 1 5 2 3 5 3 4 3 3 2 2 5 1 1 2 3 3 3 3 2 0 0 0 0 50 85 0 50 30 30 0 50 0 0 50 30 30 50 50 70 50 15 50 70 0 15 50 50 50 50 50 50 50 50 50 0 50 50 1 0 0 0 0 3 5 6 5 1 1 2 1 2 3 2 3 5 2 5 3 3 1 1 3 3 4 5 0 0 1 0 0
"121" 2 3 3 1 2 1 1 2 2 3 2 2 1 2 2 2 2 2 3 2 3 3 3 3 3 4 1 5 2 3 2 2 3 2 2 3 31 0 0 71 41 73 71 60 70 84 0 31 73 50 73 73 42 69 69 85 70 65 54 71 65 85 95 95 95 95 69 70 84 74 67 16 78 62 2 1 1 1 1 2 3 4 3 2 2 1 3 2 2 4 1 2 4 3 2 2 3 2 2 3 1 4 0 1 0 0 0
"122" 3 4 5 3 1 1 4 3 1 1 2 1 5 3 1 4 3 3 2 3 3 5 1 3 5 5 5 3 3 3 3 3 3 3 3 3 14 82 29 31 0 12 62 100 13 77 100 51 100 12 100 100 68 14 35 100 100 100 33 100 100 16 84 100 59 62 6 29 11 15 28 50 70 35 1 1 0 1 0 2 4 4 5 5 5 2 3 1 1 3 3 3 3 1 3 3 1 3 1 4 1 1 1 0 0 0 0
"123" 3 1 7 1 2 2 3 4 5 2 4 3 1 4 2 3 3 3 2 1 1 5 7 3 4 5 1 5 1 1 3 5 5 4 3 3 0 1 0 0 50 0 0 2 0 0 0 52 1 0 30 50 50 50 0 50 100 0 100 99 47 21 50 50 50 50 0 1 50 50 50 0 50 50 1 0 1 0 0 1 3 5 5 1 1 2 1 1 2 1 5 5 1 5 3 2 2 3 3 4 1 5 0 0 0 1 0
"124" 1 1 4 3 1 1 5 2 2 1 3 4 1 3 1 5 4 3 2 4 4 3 3 1 5 1 1 3 3 3 3 5 2 2 3 3 2 1 3 72 3 75 56 81 87 56 2 2 55 54 51 54 3 83 89 92 56 52 56 54 65 56 92 57 54 55 74 53 53 54 53 53 51 52 5 1 1 1 1 3 5 4 5 5 5 1 3 3 1 5 5 1 2 5 1 1 2 5 5 5 1 5 0 0 0 1 0
"125" 2 3 4 2 1 2 5 2 5 3 3 3 5 3 3 5 1 4 2 1 2 4 6 2 5 3 3 2 1 1 5 4 1 5 4 4 3 1 3 4 20 84 3 51 4 18 4 50 3 3 82 47 46 13 5 89 75 42 48 70 4 48 50 52 51 50 4 5 71 12 72 2 78 9 2 0 1 0 0 2 3 6 5 1 1 2 2 2 2 1 5 5 1 4 3 2 4 4 3 3 5 5 0 0 0 1 0
"126" 3 1 7 1 2 2 5 1 5 1 1 3 2 1 1 3 1 5 3 1 1 5 4 3 5 2 2 5 1 1 3 5 5 5 3 3 0 0 0 15 40 60 30 70 0 40 40 40 0 0 70 40 40 40 40 90 90 5 50 90 10 30 70 85 85 70 39 30 60 40 70 0 70 60 1 1 1 1 0 2 1 6 5 1 1 3 3 2 2 1 5 5 2 5 2 1 1 2 1 3 3 5 0 0 0 1 0
"127" 3 3 4 2 2 2 2 2 2 2 2 2 2 2 2 2 3 3 1 2 3 2 4 3 5 3 3 3 3 3 3 3 3 2 2 2 50 50 50 50 40 50 50 50 50 50 50 50 50 50 50 50 50 50 50 70 60 50 50 70 50 70 50 50 50 50 50 50 50 50 49 50 50 50 2 1 1 1 1 2 4 4 3 3 3 3 3 3 2 3 3 3 3 4 2 2 3 4 4 5 3 4 1 0 0 0 0
"128" 1 1 4 2 1 1 1 2 1 1 3 2 1 2 1 2 1 3 3 1 3 4 7 3 4 1 1 5 1 3 4 2 1 5 2 2 0 0 0 100 0 75 71 40 0 49 0 42 53 51 48 75 89 2 0 100 91 100 20 85 51 100 100 100 85 86 16 16 88 93 85 2 50 50 3 1 1 1 0 3 1 6 5 3 3 1 3 2 3 3 3 1 3 5 3 3 4 3 4 4 1 4 1 0 0 0 0
"129" 1 1 7 1 1 1 4 1 1 1 1 3 1 1 1 1 1 4 2 1 1 3 7 1 1 1 1 1 3 2 4 3 1 3 3 3 0 0 0 0 0 100 0 100 0 0 0 100 0 0 100 51 53 0 0 100 100 9 79 100 0 52 99 99 100 100 0 0 100 50 100 0 100 10 1 0 1 0 0 1 3 7 5 1 1 2 2 2 2 2 5 2 2 5 2 4 5 3 4 5 3 5 0 0 0 0 1
"130" 3 3 6 5 5 1 1 3 1 4 1 3 1 2 2 2 3 2 1 4 4 2 1 3 5 3 1 5 3 5 2 2 5 1 3 3 1 1 1 91 100 6 90 1 100 86 1 1 87 86 1 100 30 100 99 78 48 31 1 86 83 79 97 59 99 99 100 100 98 98 1 1 1 95 2 1 1 1 1 2 5 1 2 5 5 2 3 3 2 5 2 2 5 3 3 3 4 3 4 5 1 1 1 0 0 0 0
"131" 2 1 4 1 1 1 5 2 3 3 1 3 1 1 1 3 1 5 2 1 1 4 7 2 4 5 1 4 1 1 4 5 1 5 3 4 0 0 0 0 0 100 0 55 0 0 0 0 0 0 61 0 59 0 0 67 99 0 50 80 0 0 50 50 75 50 0 0 62 39 100 0 100 0 1 1 1 1 0 3 3 6 5 1 1 2 2 2 2 1 5 3 2 5 3 1 1 2 3 3 4 5 0 0 0 1 0
"132" 3 2 4 4 1 1 2 1 1 2 4 4 1 4 4 3 4 2 1 5 5 2 1 4 5 5 2 5 3 3 5 5 4 4 2 4 0 0 10 65 50 88 100 60 50 84 5 2 15 50 50 2 30 65 49 75 30 65 51 80 80 80 82 51 75 85 70 50 90 75 60 50 50 50 1 0 1 1 1 3 5 2 5 3 3 2 2 2 2 2 5 4 2 2 4 4 5 4 3 5 3 3 1 0 0 0 0
"133" 3 1 4 3 2 2 1 3 1 2 2 1 2 1 2 2 2 3 2 3 3 5 1 2 5 5 1 5 3 5 1 1 1 1 2 1 0 0 8 99 100 97 90 73 99 97 0 99 94 6 97 95 87 100 100 100 86 87 89 75 97 100 100 100 100 100 100 100 100 100 84 10 90 89 1 1 1 0 1 3 5 4 5 1 1 1 3 3 1 2 1 5 5 5 3 3 3 5 1 5 1 2 1 0 0 0 0
"134" 3 3 6 2 1 1 3 2 2 2 2 2 1 3 2 2 2 5 2 1 2 4 4 2 2 2 1 2 2 4 3 3 3 3 4 3 0 0 0 0 85 100 0 50 85 50 0 85 0 0 50 85 0 50 50 100 85 29 0 100 0 50 100 100 100 100 50 50 100 50 85 0 100 85 1 1 1 1 1 3 3 4 5 1 1 1 2 2 2 4 2 4 4 5 2 3 4 4 1 5 3 5 0 0 0 1 0
"135" 2 1 4 1 1 1 2 1 1 1 1 1 1 1 2 1 4 4 2 2 3 4 7 3 5 3 2 5 1 2 5 1 1 5 3 2 10 0 0 39 70 0 91 3 80 52 0 87 2 2 3 86 34 85 36 50 41 49 0 30 85 60 50 51 50 50 23 41 95 40 90 0 87 30 3 1 1 1 1 3 3 3 2 3 3 2 2 2 2 2 4 3 2 5 3 3 2 2 3 3 3 4 1 0 0 0 0
"136" 2 1 2 4 3 3 2 2 2 4 2 3 2 2 2 3 3 2 1 2 3 3 4 3 5 3 2 5 2 5 2 2 5 1 2 2 0 0 0 80 90 9 85 5 71 84 0 0 71 76 9 82 43 80 76 71 51 84 10 76 91 91 87 80 82 87 71 79 78 79 19 1 31 8 2 1 1 1 1 3 3 2 3 3 3 1 2 3 2 4 2 2 4 3 4 3 3 5 3 5 3 3 1 0 0 0 0
"137" 2 2 3 4 2 2 3 1 1 2 3 2 1 3 3 2 3 3 1 5 4 3 1 4 5 5 2 5 3 5 1 3 4 1 2 3 19 0 22 100 80 30 21 17 100 100 0 0 66 52 28 75 55 89 84 39 27 53 15 85 93 84 100 99 92 84 80 62 86 90 36 51 50 100 1 1 1 0 1 3 3 1 2 2 4 1 3 2 2 5 1 1 5 3 3 2 5 5 2 5 1 3 1 0 0 0 0
"138" 3 2 4 3 2 1 4 4 1 2 5 4 1 3 2 5 3 4 1 2 3 3 4 3 4 3 1 5 2 2 2 1 2 2 2 3 30 32 14 44 49 37 50 35 42 52 40 40 50 41 50 61 29 50 51 51 75 50 16 61 69 50 77 50 61 93 51 50 76 40 65 18 78 43 2 1 1 1 1 3 3 3 3 2 2 1 3 3 2 3 2 4 5 4 3 2 2 2 3 4 5 5 0 1 0 0 0
"139" 1 5 4 3 2 1 1 3 3 2 4 1 3 3 3 1 4 3 1 1 3 3 5 4 5 5 3 5 3 2 3 2 2 1 2 2 40 0 0 49 52 75 60 49 62 71 0 16 60 49 50 64 68 89 85 60 61 71 49 84 67 59 83 69 72 74 67 81 60 72 62 50 78 53 1 1 1 1 1 3 3 3 3 4 4 1 2 3 2 2 5 5 4 2 3 5 3 5 2 5 3 3 0 1 0 0 0
"140" 1 2 4 1 3 1 5 3 5 4 4 3 1 2 1 4 5 5 2 1 2 5 5 2 2 2 2 4 1 3 4 3 3 3 4 4 0 0 0 0 50 50 50 50 0 0 0 50 40 0 50 100 50 50 0 100 100 50 100 50 50 15 40 60 60 50 14 0 50 50 40 40 50 50 2 0 1 1 0 2 2 6 5 5 1 2 2 2 2 1 4 5 3 2 5 4 2 1 4 5 4 5 0 0 0 1 0
"141" 2 2 4 2 1 1 1 1 1 1 1 3 2 1 1 1 3 3 2 1 2 3 4 1 3 5 1 5 3 3 2 1 5 1 3 5 42 52 52 100 81 100 40 50 0 0 37 0 51 53 100 100 100 0 0 100 100 100 49 100 100 100 100 100 100 100 0 0 100 100 0 49 0 100 3 1 1 1 1 3 5 1 1 1 1 2 2 2 2 2 3 2 2 5 3 1 3 4 1 3 3 5 1 0 0 0 0
"142" 2 2 4 1 2 2 5 3 3 2 2 1 3 1 2 5 2 4 1 1 2 3 7 2 3 2 1 5 1 1 3 1 1 3 5 4 0 0 0 0 50 50 50 50 30 50 0 50 0 0 50 0 50 50 50 50 85 50 50 85 50 40 70 85 86 85 50 50 100 50 100 0 100 5 1 1 1 1 1 2 3 4 5 3 3 2 2 2 2 2 4 3 3 4 3 3 3 3 5 5 5 5 0 0 1 0 0
"143" 1 1 6 1 2 3 4 4 2 3 1 1 2 1 3 2 1 4 1 1 2 4 6 2 5 4 2 5 2 2 3 1 1 2 2 2 0 0 0 0 95 15 50 15 75 20 0 0 25 0 10 15 75 95 95 95 85 50 5 95 15 35 95 95 95 95 95 95 95 95 95 0 91 7 1 1 1 1 0 1 1 7 4 1 1 1 3 3 1 2 5 5 2 4 2 2 2 4 4 3 3 4 0 0 0 0 1
"144" 3 4 4 5 2 1 3 3 1 2 5 5 2 5 2 5 4 3 2 3 3 4 7 2 3 1 1 3 1 1 4 3 3 3 4 2 14 0 1 96 1 60 50 76 9 18 0 20 22 1 44 51 52 9 3 100 40 50 56 18 84 21 90 40 35 14 13 10 29 16 5 0 0 0 2 0 0 0 0 2 2 1 3 3 3 1 3 2 2 3 3 3 5 3 3 3 3 3 3 5 3 5 1 0 0 0 0
"145" 3 2 4 1 2 1 5 4 4 1 2 2 5 4 1 5 1 5 1 1 3 5 5 3 5 2 2 5 1 1 4 3 1 4 4 3 0 0 0 0 50 50 50 50 15 15 0 30 0 0 50 30 40 50 15 50 70 15 50 50 15 30 50 50 50 50 15 15 50 40 75 0 85 25 1 0 1 0 0 2 3 4 5 1 1 2 2 2 2 3 4 5 3 5 3 2 2 3 3 3 4 5 0 0 1 0 0
"146" 1 1 6 1 2 2 3 1 1 2 4 2 2 4 2 3 4 4 2 4 3 3 4 2 2 3 2 3 1 1 5 2 4 2 3 4 51 50 50 63 50 50 50 63 50 45 45 50 53 81 55 62 64 50 50 79 45 62 50 46 70 72 77 42 53 56 50 50 48 62 50 50 50 50 3 1 1 1 1 3 3 5 5 1 1 1 3 3 3 3 2 2 3 5 4 1 2 2 4 5 2 5 0 0 0 1 0
"147" 3 1 4 1 1 1 4 3 3 1 2 3 1 5 1 4 5 5 2 2 3 4 7 1 4 4 1 4 1 1 5 5 5 1 4 4 13 0 0 16 60 52 50 100 9 51 0 0 47 0 61 49 41 50 21 59 84 13 82 87 48 50 62 60 63 69 16 19 66 71 56 25 62 64 1 1 1 1 0 3 4 2 5 5 1 2 2 2 2 1 5 5 1 3 3 3 3 3 4 5 5 5 0 0 0 1 0
"148" 3 1 6 1 1 1 4 2 1 1 1 1 1 4 1 4 1 5 2 1 1 5 7 1 2 1 1 2 1 1 3 3 1 3 3 1 0 0 0 0 0 100 10 100 0 40 0 65 0 0 50 100 90 5 0 100 99 25 100 100 10 3 95 75 85 75 0 0 100 35 100 0 100 40 1 0 1 1 0 3 4 6 5 1 1 2 1 2 2 3 4 4 2 5 2 1 2 3 4 4 5 5 0 0 0 1 0
"149" 3 1 2 2 1 1 1 1 1 2 3 1 1 1 1 1 3 2 1 1 3 3 4 4 5 5 1 5 2 2 4 1 3 3 1 2 0 0 0 81 67 0 100 0 76 68 0 0 67 46 6 52 15 94 90 85 90 96 0 75 75 90 90 90 90 90 90 90 77 90 58 57 85 85 1 1 1 1 1 3 4 2 4 4 4 1 3 3 3 5 1 3 5 4 5 2 2 3 4 3 2 4 1 0 0 0 0
"150" 3 3 4 1 2 2 3 1 1 2 3 2 2 4 1 3 1 4 2 1 1 4 7 1 5 2 3 1 1 1 5 5 2 3 4 3 50 0 0 0 0 85 0 85 0 50 0 70 50 50 80 40 60 0 0 85 85 20 85 60 0 30 60 60 70 70 0 0 60 50 85 0 85 30 2 0 1 1 1 2 1 7 5 1 1 1 2 2 2 2 5 4 3 4 3 4 4 3 3 5 3 5 0 0 0 0 1
"151" 2 1 4 1 1 1 5 1 4 1 2 2 2 2 1 2 1 5 2 2 3 4 7 2 5 3 1 2 2 2 3 2 2 3 3 1 1 1 1 49 49 100 49 76 49 50 1 49 4 1 51 29 48 50 4 100 100 15 56 51 49 5 51 50 50 50 2 6 100 49 100 3 100 3 1 0 1 1 0 2 3 6 5 1 1 2 2 2 2 1 5 3 2 5 3 1 3 3 2 5 3 5 0 0 0 1 0
"152" 2 2 5 1 1 1 3 1 1 1 2 1 5 3 1 5 1 5 3 1 1 4 7 1 4 1 2 4 1 1 5 3 1 2 4 1 2 2 2 1 9 100 0 8 2 15 2 100 0 2 95 54 77 7 8 95 93 15 99 93 2 9 86 85 92 98 2 2 85 15 92 0 93 15 1 0 1 1 0 3 3 6 5 1 1 2 1 2 2 1 5 5 1 3 4 3 2 4 5 2 5 5 0 0 0 1 0
"153" 3 1 2 3 2 2 1 1 1 2 1 2 1 2 1 2 2 3 1 2 3 4 1 3 5 5 2 5 2 5 2 1 5 1 2 3 1 1 1 80 50 10 90 30 77 85 1 1 90 100 1 67 30 90 90 30 70 65 16 74 100 66 70 61 70 75 93 100 85 70 15 25 60 70 1 1 1 1 1 3 3 1 1 4 4 1 3 2 2 5 1 2 5 3 5 5 2 4 4 3 2 2 1 0 0 0 0
"154" 3 1 2 1 3 1 4 1 3 1 3 3 1 3 2 3 1 4 2 1 2 5 6 2 4 2 1 5 1 1 4 3 5 3 3 2 14 2 2 3 38 38 59 47 58 47 11 4 14 1 48 48 49 60 15 58 97 29 47 85 50 58 69 49 68 83 14 10 87 37 46 0 50 50 1 0 1 0 0 2 3 2 4 1 5 1 2 2 2 2 2 4 3 4 3 3 2 3 3 3 4 4 1 0 0 0 0
"155" 1 4 6 2 4 3 1 2 2 3 1 2 2 1 1 3 4 3 1 4 4 3 5 3 5 5 2 5 3 3 3 2 4 1 2 3 31 1 1 60 50 30 51 50 50 69 0 15 50 30 16 70 32 51 50 50 40 64 31 70 61 41 50 50 50 50 50 50 51 50 41 1 51 50 2 1 1 1 0 2 4 4 3 3 3 1 3 3 3 5 2 2 2 3 4 2 4 3 4 4 1 3 1 0 0 0 0
"156" 1 1 4 2 2 2 1 2 1 2 2 1 1 2 2 2 3 3 1 1 2 4 4 3 5 3 2 5 2 5 4 1 1 1 1 1 0 0 0 99 99 49 86 31 100 100 0 0 82 100 31 100 60 100 100 100 85 100 0 99 100 98 100 100 100 100 100 100 100 100 100 0 100 99 3 1 1 1 1 3 3 5 4 4 4 1 3 3 2 5 2 2 5 4 3 1 4 5 4 4 1 3 0 1 0 0 0
"157" 2 2 4 1 3 1 4 4 4 3 3 2 5 4 5 4 1 4 2 1 2 4 4 3 3 4 1 5 1 2 5 2 4 4 3 2 6 1 4 44 71 62 53 46 45 62 3 4 46 6 45 72 42 71 44 90 81 67 43 99 54 66 75 73 65 70 46 30 94 61 73 4 71 53 1 1 1 1 1 2 1 3 5 2 1 2 3 3 2 3 4 4 3 4 3 4 4 4 4 3 4 5 0 1 0 0 0
"158" 3 1 2 4 2 3 1 1 1 3 2 1 1 2 4 1 3 3 1 3 4 3 3 4 5 4 1 5 4 5 2 1 2 1 2 3 0 0 0 75 85 5 85 0 85 60 0 0 75 100 30 80 25 80 85 50 30 80 0 30 85 75 85 85 85 85 85 85 85 70 60 30 60 40 4 1 1 0 1 3 3 1 1 5 5 1 3 3 3 4 2 2 5 3 4 3 3 4 2 5 2 5 1 0 0 0 0
"159" 1 1 2 3 4 4 1 1 1 2 2 1 1 1 1 1 3 3 1 3 4 3 1 3 5 5 1 5 1 5 2 1 3 1 1 1 0 0 0 100 50 10 100 0 100 86 0 0 100 50 0 86 30 85 100 50 49 86 0 50 100 77 85 50 86 71 97 100 86 76 72 0 76 60 1 1 1 0 1 3 1 2 1 5 5 1 3 3 2 5 1 1 5 4 3 3 5 5 1 3 1 2 1 0 0 0 0
"160" 1 2 4 3 3 3 1 1 2 3 4 3 1 2 2 4 2 3 1 2 3 3 2 3 5 4 1 5 2 4 1 1 2 3 3 4 0 0 0 70 70 20 85 30 50 85 0 15 50 0 20 50 30 50 50 30 60 50 10 50 85 60 70 45 50 50 50 50 70 45 70 0 70 50 2 1 1 1 1 3 3 1 3 4 4 1 3 2 2 3 1 2 5 4 2 2 2 3 4 5 3 3 1 0 0 0 0
"161" 3 1 2 1 1 1 3 1 1 1 2 3 2 2 1 1 3 3 1 2 2 4 6 3 2 3 1 2 2 2 3 1 2 2 2 3 30 50 47 38 31 49 44 35 2 42 16 87 79 35 99 79 98 20 16 100 76 95 41 72 30 40 30 76 25 27 11 20 76 38 69 70 61 85 2 1 1 0 0 1 4 7 5 5 5 2 2 3 2 3 1 3 2 5 2 1 1 2 4 4 1 1 0 0 0 0 1
"162" 1 2 5 2 2 2 3 2 3 4 5 5 4 5 1 5 2 4 2 2 3 4 3 4 4 3 2 2 2 3 3 3 3 3 4 4 10 6 50 4 50 6 0 50 0 0 7 55 48 2 49 55 16 0 0 74 63 50 52 61 5 50 55 50 70 50 0 0 49 65 60 0 20 61 2 0 1 0 0 2 1 6 5 1 1 2 2 2 2 2 5 3 2 3 4 2 2 3 5 3 3 5 0 0 0 1 0
"163" 2 1 3 1 1 1 3 3 4 1 4 4 4 2 1 4 1 5 1 1 1 5 5 3 5 1 1 5 1 2 3 1 1 5 4 4 0 0 0 13 50 17 60 49 13 60 0 2 0 0 43 40 50 85 50 85 90 30 60 86 60 30 85 85 84 85 50 50 85 48 85 0 70 15 2 1 1 1 0 3 1 2 5 1 3 2 2 2 2 2 5 4 2 4 3 2 3 3 3 3 4 4 0 1 0 0 0
"164" 1 1 4 3 3 3 3 3 2 2 3 4 3 3 2 4 2 3 1 2 3 4 3 3 5 5 2 5 2 2 2 1 3 3 2 3 14 16 22 75 49 24 84 50 78 56 8 7 78 46 41 64 69 51 50 60 64 78 49 78 86 85 80 70 79 79 50 50 72 76 50 8 44 30 2 1 1 1 1 3 4 2 4 3 3 1 3 2 1 2 4 2 4 3 3 3 2 4 3 5 3 4 1 0 0 0 0
"165" 1 3 4 2 1 1 3 2 1 2 3 3 2 3 3 3 3 3 1 1 2 5 7 2 5 2 1 5 1 3 4 3 3 3 1 1 2 0 0 10 4 100 50 22 75 78 0 43 6 1 4 21 8 100 71 65 100 74 44 79 81 45 89 82 100 100 41 67 87 64 31 38 36 45 1 1 1 1 1 3 5 1 3 3 3 2 2 2 2 3 3 3 3 3 3 3 3 3 5 3 5 5 1 0 0 0 0
"166" 1 2 6 2 1 2 3 4 1 2 4 4 5 3 1 4 2 4 2 1 1 4 7 2 4 2 1 2 2 5 2 2 2 2 2 2 0 0 0 0 0 50 50 50 5 5 0 0 0 0 50 50 50 80 0 100 90 40 0 100 0 90 90 90 75 90 0 0 100 50 50 0 50 50 1 1 1 1 1 3 2 5 5 1 1 2 2 2 2 2 3 4 2 4 4 2 3 5 4 4 5 5 0 0 0 1 0
"167" 1 1 7 5 5 5 5 3 5 4 5 4 4 3 5 5 3 1 2 1 1 5 6 1 1 2 1 2 1 3 3 3 2 5 5 5 20 56 37 52 66 37 43 45 31 42 34 38 68 35 44 49 36 55 41 40 51 39 37 64 17 18 25 17 30 48 36 32 27 57 100 5 100 8 3 0 0 0 0 1 2 6 1 3 2 2 1 2 2 5 1 2 2 2 4 1 5 2 4 5 4 2 0 0 0 1 0
"168" 2 3 3 2 1 1 1 3 1 1 1 2 3 1 3 1 2 3 2 4 3 4 5 2 1 2 1 3 1 1 4 4 5 4 3 3 20 10 20 25 80 30 25 10 50 35 50 50 40 10 20 50 60 50 50 20 50 50 25 20 50 75 30 25 50 75 20 50 25 50 25 25 25 25 3 0 0 0 0 2 3 4 3 2 2 1 1 1 2 2 3 3 2 3 3 4 4 3 4 4 3 3 1 0 0 0 0
"169" 3 1 6 1 4 1 4 1 4 2 3 2 4 2 2 4 3 4 2 2 2 4 4 4 5 3 3 4 2 1 4 2 2 3 3 3 2 0 4 5 76 69 32 45 31 54 2 30 11 1 51 11 29 51 3 70 91 16 74 85 31 33 79 87 74 53 2 8 87 22 87 2 88 19 3 0 1 0 0 2 3 5 5 5 5 2 2 2 2 2 4 4 2 3 2 2 3 4 3 3 5 5 0 0 0 1 0
"170" 1 2 4 1 1 2 3 4 3 1 4 2 3 4 1 3 3 4 2 2 2 4 7 3 3 2 1 4 1 1 5 3 3 3 2 2 52 0 13 0 18 13 20 56 4 20 12 45 37 12 26 42 33 51 4 51 63 52 51 75 16 61 11 100 20 48 1 0 54 37 49 38 31 41 3 1 1 1 1 3 2 4 5 1 1 1 3 3 2 1 5 3 1 4 3 2 1 2 5 3 3 5 0 0 0 1 0
"171" 2 1 4 2 3 3 1 1 1 3 3 3 1 2 1 2 3 3 1 3 3 4 4 4 5 4 2 5 2 5 2 1 3 1 2 2 0 0 0 90 85 0 100 78 92 93 0 10 50 59 28 71 54 88 84 41 56 74 0 50 100 74 80 50 93 93 100 100 50 50 60 0 50 50 4 1 1 1 1 3 3 2 2 3 3 2 2 2 2 4 2 2 4 2 3 4 4 5 4 3 3 3 1 0 0 0 0
"172" 3 1 4 1 1 1 3 2 2 1 2 1 1 3 1 4 1 5 2 3 3 4 6 2 4 2 1 5 1 1 3 4 2 3 3 1 4 3 2 28 55 84 87 76 80 83 3 4 4 56 2 75 69 88 83 50 19 29 56 95 80 60 50 95 77 90 85 89 98 44 98 1 99 8 1 1 1 1 1 3 3 1 5 1 1 2 2 2 2 1 5 4 2 3 3 2 3 4 4 3 3 4 1 0 0 0 0
"173" 1 1 4 1 2 2 5 4 2 1 2 2 2 2 1 5 1 5 1 1 5 4 7 2 5 2 2 5 1 1 5 1 1 4 2 2 0 0 0 0 54 54 53 53 0 53 0 53 0 0 54 0 100 0 0 100 44 54 100 100 53 44 0 100 41 88 0 0 100 0 100 0 87 52 1 1 1 0 0 3 3 1 5 1 1 1 1 2 1 1 2 4 1 5 1 1 1 2 5 3 3 5 1 0 0 0 0
"174" 1 1 4 3 2 2 1 1 1 1 3 2 1 1 1 2 4 3 1 1 2 4 4 2 5 3 2 5 2 5 2 1 3 1 3 3 1 1 2 100 81 100 99 14 85 69 1 2 62 64 42 97 15 94 70 41 93 63 11 86 70 81 99 66 61 100 71 73 51 66 60 2 61 56 1 0 1 0 0 3 3 3 3 3 3 1 2 3 2 2 2 2 4 5 3 1 3 3 1 3 1 4 0 1 0 0 0
"175" 3 3 4 1 1 1 5 3 3 1 4 3 1 2 1 5 1 4 1 1 1 5 7 1 4 1 2 5 1 2 5 2 1 3 3 3 1 3 1 1 2 30 30 91 6 15 50 50 21 2 71 31 30 6 4 73 86 30 84 71 2 32 42 90 31 36 3 10 71 3 70 2 59 3 1 0 1 0 0 2 2 3 5 1 4 3 3 2 2 2 2 4 2 5 4 1 1 2 3 4 4 4 0 1 0 0 0
"176" 3 1 1 2 3 2 2 3 2 2 1 4 3 1 3 2 2 2 2 1 3 4 4 3 5 5 1 5 2 2 2 1 5 1 3 4 0 0 0 61 13 54 44 3 49 38 0 16 79 48 15 73 21 72 40 64 53 61 0 86 45 68 93 41 78 93 40 34 46 61 46 3 6 83 1 1 1 1 1 2 3 5 5 2 2 1 3 3 2 4 1 2 4 4 2 2 2 2 1 5 1 4 0 0 0 1 0
"177" 3 1 1 3 2 2 1 1 3 2 2 1 1 1 2 3 3 4 1 2 4 3 3 3 5 1 2 5 2 5 3 1 2 1 2 2 4 1 6 74 83 3 97 19 57 82 4 5 79 6 7 85 10 66 57 45 51 95 6 42 100 76 76 40 60 77 51 62 70 60 41 4 56 67 1 1 1 1 1 2 3 1 3 3 3 1 3 3 2 5 2 5 5 3 3 3 3 3 2 5 2 2 1 0 0 0 0
"178" 2 3 7 1 2 1 5 3 4 3 2 2 2 2 1 3 1 5 1 3 2 4 3 2 5 2 3 5 1 3 1 1 1 2 3 3 15 0 1 16 61 52 53 72 14 59 0 17 40 1 51 41 70 49 49 60 84 72 71 96 51 49 56 52 52 51 47 40 69 50 83 0 85 50 1 0 1 0 1 1 3 5 5 1 1 2 2 2 2 2 3 3 4 4 5 3 2 2 4 5 4 5 0 1 0 0 0
"179" 3 1 4 1 1 1 5 3 4 1 2 2 1 3 1 5 1 5 3 1 1 5 7 1 3 1 1 3 1 1 4 4 2 5 3 1 0 0 0 0 1 94 0 60 5 15 0 30 0 0 78 30 73 50 15 85 100 14 70 100 1 34 60 90 61 70 0 0 85 14 87 0 84 49 1 1 1 1 0 2 3 6 5 1 1 3 1 1 1 1 4 5 1 5 3 3 1 2 5 4 5 5 0 0 0 1 0
"180" 2 1 4 2 1 2 1 2 1 1 2 3 1 2 1 3 3 2 2 1 1 4 5 2 5 3 2 5 2 4 3 1 2 2 2 3 37 4 0 77 49 35 83 71 90 67 6 10 49 17 21 85 60 95 83 75 93 59 29 63 20 72 84 89 82 86 77 70 84 86 68 31 83 64 1 1 1 1 1 3 4 1 3 2 2 1 3 3 2 2 4 2 3 4 4 4 3 3 4 5 2 4 1 0 0 0 0
"181" 1 3 4 3 4 2 1 1 3 3 3 2 3 2 3 4 3 3 1 1 3 4 4 3 5 5 2 5 2 5 3 1 2 1 4 2 1 1 1 70 50 30 30 85 50 70 1 50 50 1 50 85 50 50 50 50 70 80 1 50 90 85 80 50 80 80 50 50 85 70 80 1 75 50 3 1 1 1 1 3 3 1 3 3 3 2 3 2 2 3 2 1 5 3 2 2 3 3 4 5 2 4 1 0 0 0 0
"182" 1 3 4 1 1 1 1 1 2 2 2 1 1 2 1 2 4 3 3 1 3 4 4 3 5 5 2 2 2 1 5 3 3 3 2 3 36 1 1 51 1 67 28 63 1 40 1 68 45 1 69 45 49 1 1 64 59 61 70 72 69 63 68 69 61 59 1 15 65 61 71 48 71 57 1 1 1 1 0 2 3 6 5 2 2 2 2 2 2 3 3 3 3 3 3 2 3 3 4 5 3 5 0 0 0 1 0
"183" 3 3 4 1 3 1 3 4 3 2 5 2 5 5 4 2 3 3 1 4 5 3 4 2 5 5 3 5 1 1 5 5 5 3 2 2 31 1 1 53 74 52 63 44 91 20 0 97 1 17 88 15 53 100 54 53 2 16 88 82 77 55 53 53 53 53 87 53 53 77 52 54 55 100 1 0 1 0 1 1 3 2 1 3 3 3 2 2 3 3 5 4 5 1 4 3 3 2 4 5 2 5 1 0 0 0 0
"184" 2 2 4 1 1 1 5 2 1 1 3 2 1 4 1 5 1 5 1 1 2 5 7 2 3 1 2 3 1 1 5 4 4 5 3 2 0 0 0 0 50 99 30 85 15 49 50 0 0 0 85 69 69 59 13 99 85 40 84 93 0 16 85 84 59 70 14 15 84 40 85 0 85 40 1 1 1 0 0 3 2 6 5 1 1 2 2 2 2 2 5 5 3 4 4 2 3 5 5 3 5 5 0 1 0 0 0
"185" 1 1 7 1 2 1 5 5 4 1 4 3 4 4 1 5 1 5 1 1 1 4 7 2 3 5 2 5 2 2 3 3 2 4 3 3 0 0 0 0 50 0 0 0 0 0 0 0 15 0 60 15 60 50 40 70 85 60 70 85 0 30 50 70 70 60 30 40 70 30 70 0 70 30 1 0 1 1 0 1 4 4 5 1 3 2 2 2 2 1 5 5 1 5 5 3 2 5 5 3 4 5 0 1 0 0 0
"186" 1 1 2 3 4 1 2 2 1 2 3 3 1 2 2 3 3 2 2 2 1 4 6 3 4 3 2 5 1 1 3 1 1 2 2 3 8 9 8 65 47 61 94 16 65 28 11 32 44 8 14 98 38 60 26 69 100 93 8 93 59 90 71 87 68 72 47 14 85 62 83 40 87 71 1 1 1 1 1 3 2 1 5 1 1 1 3 2 2 4 2 3 4 3 3 1 2 4 5 4 2 4 1 0 0 0 0
"187" 2 3 4 1 2 2 5 1 2 2 1 1 2 3 1 4 1 5 2 1 3 5 6 2 4 5 2 5 1 1 4 2 1 3 3 1 15 0 0 6 80 100 50 100 5 50 0 75 15 0 100 25 10 80 40 100 100 50 100 100 0 45 100 100 100 100 50 25 100 50 100 0 100 50 1 1 1 1 0 3 5 6 5 1 1 2 2 2 2 2 4 4 3 5 3 2 1 1 1 3 3 5 0 0 0 1 0
"188" 2 3 4 2 1 1 3 3 4 2 4 3 1 4 1 3 1 4 2 1 1 3 6 3 5 5 1 5 2 1 2 3 3 3 4 4 0 0 0 0 50 66 65 91 29 15 0 50 0 0 62 60 94 50 51 85 100 0 93 100 100 70 100 100 100 100 50 49 100 100 100 0 100 94 2 0 1 0 1 2 5 4 5 1 1 2 2 2 2 3 3 3 3 3 3 3 3 3 4 5 4 5 1 0 0 0 0
"189" 1 1 4 1 1 1 4 2 1 1 1 2 1 1 1 2 1 5 1 1 1 4 6 2 4 2 1 1 1 2 5 3 1 5 3 2 3 1 1 1 66 58 56 92 5 7 1 56 10 1 70 9 49 83 55 91 91 30 90 57 1 34 89 90 92 91 4 47 91 88 88 1 92 56 1 0 1 0 0 3 4 6 5 1 5 3 2 2 2 3 4 5 4 5 3 1 1 2 3 4 4 5 0 0 0 1 0
"190" 2 1 1 4 4 3 1 2 2 3 3 2 2 3 3 2 3 2 1 5 5 1 1 4 5 5 1 5 3 5 1 2 3 1 1 2 0 0 0 100 100 5 100 6 100 100 0 0 100 87 5 84 24 100 100 41 15 71 2 71 100 100 100 50 100 100 100 100 100 100 14 17 85 85 4 1 1 1 1 3 4 1 1 5 5 1 3 3 3 5 1 2 5 1 5 5 5 5 2 3 2 4 1 0 0 0 0
"191" 1 1 4 2 3 1 4 5 2 2 4 4 3 3 3 4 3 3 2 3 3 4 4 1 3 3 1 5 2 3 5 4 3 4 2 4 38 0 0 60 28 86 58 30 49 51 16 49 50 49 68 83 69 49 57 70 59 51 30 50 50 83 85 70 84 71 51 50 69 51 50 50 70 50 2 1 1 1 1 3 5 7 5 3 3 1 2 2 2 2 4 3 3 3 2 3 3 3 2 3 2 4 0 0 0 0 1
"192" 2 4 4 2 2 2 3 1 2 2 2 2 1 2 3 3 3 3 1 2 3 4 3 3 4 3 3 5 3 3 3 3 3 3 5 3 24 3 31 50 25 41 47 49 46 51 48 40 51 54 52 44 52 69 52 51 51 51 46 50 49 52 50 50 63 49 52 52 50 46 7 34 7 0 3 0 0 0 0 3 3 3 3 3 3 2 2 2 2 3 3 3 3 3 3 1 3 3 3 5 3 3 0 0 0 1 0
"193" 2 1 6 1 2 1 4 3 2 1 2 1 5 2 1 5 1 5 2 1 3 5 7 2 5 3 1 5 1 1 5 4 1 2 3 1 0 1 0 1 50 60 24 3 5 30 0 0 2 1 73 41 50 100 51 87 79 14 71 98 37 6 71 51 76 86 51 53 86 33 100 0 86 17 1 0 1 0 0 1 2 4 5 1 1 2 2 2 2 2 5 5 4 4 3 2 3 3 4 3 5 5 0 0 1 0 0
"194" 1 3 4 1 1 1 5 5 5 2 5 5 2 5 1 5 1 5 1 1 2 3 4 2 5 5 2 5 1 1 4 5 5 5 4 4 1 1 1 1 50 50 30 70 1 50 1 2 1 1 50 1 85 50 1 100 85 30 100 85 1 15 70 84 60 70 1 1 100 50 50 1 70 50 2 0 1 0 0 1 2 4 5 1 1 2 2 2 2 1 5 5 1 4 4 2 2 4 3 5 4 5 0 1 0 0 0
"195" 1 2 7 1 1 1 3 1 1 1 2 1 1 3 1 4 1 5 2 1 1 5 7 2 4 2 2 1 1 1 5 2 2 2 3 2 0 0 0 0 0 100 1 53 0 50 0 49 0 0 50 100 50 1 0 100 85 50 100 100 1 30 50 84 50 50 0 0 100 50 100 0 100 0 1 1 1 1 1 1 1 5 5 1 1 2 2 2 2 1 3 5 3 5 1 1 2 4 1 5 3 5 0 0 0 1 0
"196" 1 2 4 3 2 2 3 2 2 3 3 3 2 4 2 3 2 2 1 1 2 3 3 3 5 4 1 5 3 5 3 3 4 3 3 3 50 2 5 26 52 6 5 52 52 51 6 51 53 53 11 37 51 53 52 53 70 72 53 74 83 84 54 52 51 52 52 53 87 52 53 51 53 51 1 1 1 1 1 2 2 1 3 4 4 1 3 3 2 5 1 3 5 2 2 3 2 3 2 2 3 4 1 0 0 0 0
"197" 3 3 5 1 1 1 3 1 4 2 1 1 5 3 3 5 1 5 3 1 1 4 5 3 4 5 3 4 1 1 2 2 1 4 4 1 0 0 0 0 0 97 0 59 0 13 0 67 0 0 69 70 62 60 2 85 96 30 55 87 1 13 53 63 85 80 1 0 89 40 94 0 81 1 1 0 1 0 0 2 5 6 5 1 1 2 2 2 3 1 3 5 2 4 4 3 2 4 3 5 5 5 0 0 0 1 0
"198" 3 2 6 1 2 2 1 2 1 3 1 2 1 1 1 3 2 2 1 1 3 3 2 3 5 4 2 5 2 3 1 1 2 1 3 4 4 4 0 51 50 40 77 29 57 70 2 8 66 42 34 71 40 69 50 68 58 71 9 69 71 71 68 69 68 71 50 50 75 65 53 1 66 63 2 1 1 1 0 3 5 2 2 5 5 1 3 3 2 5 2 2 5 4 5 3 4 4 2 5 2 4 1 0 0 0 0
"199" 2 3 4 2 1 1 3 3 2 2 2 3 2 1 1 3 3 4 2 2 2 3 1 2 2 3 1 5 2 4 3 3 5 1 2 4 60 24 6 64 38 70 58 80 17 57 51 21 9 50 71 11 75 11 11 73 72 72 62 45 59 91 78 68 50 82 8 22 7 76 0 66 6 78 1 1 1 1 0 2 4 1 5 3 2 1 2 3 2 2 3 4 2 5 2 4 3 4 4 4 2 3 1 0 0 0 0
"200" 3 2 4 4 3 2 2 3 2 2 3 4 4 3 4 4 2 3 1 2 2 4 5 2 5 2 2 5 2 4 2 2 4 1 3 4 1 1 1 40 50 40 40 40 40 50 1 15 15 50 15 50 70 85 50 50 70 50 15 85 50 85 65 80 85 85 40 40 50 50 49 1 50 60 1 1 1 0 1 2 1 2 5 2 2 2 3 2 2 3 3 3 3 4 4 2 2 4 3 3 4 5 0 1 0 0 0
"201" 1 1 5 3 1 2 1 1 3 3 3 3 2 3 3 3 3 3 1 1 2 3 5 2 3 2 3 1 3 5 2 2 2 2 4 5 0 0 0 30 30 15 15 50 65 65 10 0 30 0 50 35 80 60 60 70 80 80 15 75 50 80 70 70 70 70 40 60 60 60 65 0 65 20 1 0 0 0 0 3 3 1 2 4 4 1 2 2 2 2 5 4 2 2 2 2 2 2 2 3 3 4 1 0 0 0 0
"202" 3 1 4 1 3 2 5 4 3 1 3 3 2 4 1 3 1 5 2 2 2 5 4 1 3 2 2 5 1 2 4 3 3 3 3 3 27 30 20 16 47 50 50 71 14 51 32 15 15 15 45 31 50 46 16 52 94 46 85 95 50 39 61 50 50 40 15 30 43 51 61 15 61 50 1 1 1 1 0 3 3 2 5 1 1 2 1 2 2 1 5 5 2 4 5 2 1 1 5 5 3 4 1 0 0 0 0
"203" 3 1 4 1 1 1 3 3 3 1 2 3 1 2 1 3 1 4 1 3 4 4 5 2 5 3 1 5 2 2 3 2 1 1 3 2 0 20 30 20 50 50 50 50 40 50 20 30 30 20 0 30 50 50 50 85 68 20 50 90 20 30 50 50 90 50 50 50 50 50 60 20 50 50 1 1 1 1 1 2 5 3 5 1 1 2 2 2 2 3 3 3 3 3 3 3 3 3 5 5 3 5 1 0 0 0 0
"204" 2 1 6 1 3 1 5 4 1 1 1 1 1 2 1 2 2 5 2 1 3 5 7 1 5 1 1 5 3 1 4 3 2 4 4 4 0 6 0 0 50 69 50 100 5 60 0 50 0 0 70 15 86 50 15 71 100 5 74 100 86 50 100 100 100 90 3 0 100 73 100 0 100 61 1 1 1 1 0 3 4 2 5 1 5 2 2 2 2 1 5 5 3 2 3 3 1 3 4 2 3 5 1 0 0 0 0
"205" 2 1 4 3 1 2 3 1 2 3 3 3 1 2 3 3 2 3 1 3 3 4 4 3 5 5 1 5 3 5 3 1 3 3 1 1 0 0 0 100 91 99 100 0 86 77 0 0 49 77 15 94 45 100 100 0 51 51 0 68 100 51 100 50 92 61 93 92 60 50 47 24 50 51 1 1 1 0 1 3 4 1 1 3 3 1 3 3 2 4 1 1 4 3 3 3 3 3 2 5 2 2 1 0 0 0 0
"206" 2 2 4 3 3 3 3 3 2 2 3 3 3 3 3 3 3 3 2 3 3 4 5 3 4 4 3 3 3 3 3 2 3 3 4 4 16 6 17 51 34 54 63 56 49 54 6 53 33 60 77 52 53 30 41 84 75 80 52 67 51 76 68 72 65 63 44 50 59 52 65 9 70 51 3 1 1 1 1 3 3 5 4 2 2 2 2 2 2 3 3 3 3 4 3 3 3 3 3 3 3 4 0 0 0 1 0
"207" 1 1 4 1 2 2 4 4 2 2 2 2 2 3 1 4 1 5 2 1 2 5 4 3 4 2 1 4 1 1 3 3 1 2 3 1 0 0 0 0 50 85 35 50 20 50 0 50 0 0 50 50 60 50 50 90 85 30 50 80 15 20 75 70 85 75 50 50 75 65 75 0 85 50 1 1 1 0 0 2 2 5 5 1 1 1 2 2 2 2 4 3 3 5 3 4 2 3 4 4 4 5 0 0 0 1 0
"208" 3 1 4 1 1 1 5 5 4 1 2 1 3 5 1 4 1 5 2 3 1 5 7 2 3 5 2 5 1 1 5 4 1 4 4 1 48 0 0 0 0 69 2 60 1 25 0 1 0 0 71 38 79 30 2 100 84 2 71 51 1 4 50 51 52 50 0 0 92 50 92 0 93 15 3 0 1 1 0 2 4 5 5 1 1 2 2 1 2 1 5 5 3 5 3 1 2 2 5 5 5 5 0 0 0 1 0
"209" 2 3 7 1 3 1 2 3 1 1 4 5 5 2 5 5 3 5 3 4 3 3 7 2 5 1 1 5 1 1 5 5 5 5 4 5 10 5 5 0 30 10 52 10 54 29 24 6 47 12 6 30 9 6 64 52 15 12 4 13 30 49 24 41 16 90 62 60 8 2 28 0 33 1 5 1 1 1 0 3 5 1 5 3 4 2 1 2 2 5 3 5 1 4 2 3 4 4 5 4 3 3 1 0 0 0 0
"210" 1 3 4 2 2 2 2 3 1 2 2 3 2 3 2 2 3 3 2 3 3 3 7 3 4 3 1 5 3 4 3 3 5 1 1 2 2 1 1 60 50 8 100 15 26 70 1 10 50 2 9 50 49 50 40 50 14 50 11 60 49 50 85 50 100 59 15 9 1 100 1 1 1 100 2 1 1 1 1 3 4 1 5 5 2 1 3 3 3 3 2 1 3 3 2 1 2 2 5 5 1 5 1 0 0 0 0
"211" 1 2 6 1 2 1 5 3 5 1 3 2 5 3 1 5 1 5 2 1 1 5 7 1 5 5 1 5 1 1 5 2 1 5 5 1 13 10 15 6 10 88 19 97 14 17 11 13 7 5 86 14 50 10 9 93 97 4 97 95 6 14 88 86 88 86 16 5 85 12 94 11 97 13 1 1 1 0 1 2 3 5 5 1 1 3 1 1 2 2 5 3 1 5 2 1 4 1 2 5 5 5 0 0 0 1 0
"212" 2 1 6 1 1 1 5 2 1 1 5 2 1 5 1 5 1 5 2 1 2 4 7 1 5 1 1 1 2 1 4 5 2 4 4 1 0 0 0 0 0 100 0 100 0 0 0 100 0 0 85 0 0 0 0 85 85 0 75 85 0 0 50 50 50 50 0 0 50 0 85 0 85 0 1 0 1 1 0 2 3 6 5 1 1 3 2 2 2 1 5 5 1 4 3 3 2 3 5 5 4 5 0 0 0 1 0
"213" 2 2 4 1 1 1 5 3 1 1 5 1 1 5 1 5 1 4 1 1 1 5 4 2 4 3 5 5 1 1 3 3 2 3 4 4 0 0 0 0 22 50 50 100 7 0 0 0 0 0 78 70 57 74 0 85 81 15 85 85 20 35 85 85 85 85 0 0 85 70 73 0 68 52 1 0 1 0 0 1 3 5 5 1 1 2 1 2 2 1 5 4 2 5 5 2 3 2 5 3 4 5 0 0 1 0 0
"214" 3 2 5 2 1 2 2 3 1 1 5 3 2 4 1 5 2 2 2 2 2 4 7 1 2 2 2 2 1 2 4 3 2 3 4 3 73 53 44 95 53 56 65 49 8 62 56 59 54 50 91 80 94 0 0 94 53 65 69 63 99 56 95 60 69 75 4 15 31 49 71 26 72 27 2 1 0 0 0 3 2 3 5 2 2 2 2 2 2 2 2 2 2 4 2 2 2 2 1 5 2 2 0 1 0 0 0
"215" 1 2 6 1 1 2 5 4 1 1 3 3 2 3 1 5 1 5 2 1 2 5 7 3 3 3 2 5 1 1 5 3 2 5 3 2 13 5 1 2 15 70 63 60 5 50 33 50 5 1 63 40 62 18 1 88 87 44 85 85 15 32 64 95 74 70 1 5 51 40 65 5 75 5 1 1 1 1 0 2 2 6 5 5 2 1 3 1 2 2 4 3 2 4 3 2 2 2 5 3 4 5 0 0 0 1 0
"216" 2 1 7 1 1 1 5 5 1 1 1 1 1 5 1 5 5 5 3 1 1 5 7 2 3 1 1 1 1 1 3 4 2 5 4 1 0 0 0 0 0 88 11 98 0 0 3 73 0 0 91 0 74 0 0 100 100 0 98 89 0 0 35 88 86 86 0 0 89 0 88 0 100 11 1 1 1 1 1 3 5 6 5 1 1 3 1 2 2 1 5 5 1 5 4 3 2 2 3 3 5 5 0 0 0 1 0
"217" 2 1 6 2 2 2 5 1 2 2 2 2 4 4 2 5 1 5 2 1 1 5 4 1 2 2 1 2 1 2 3 2 1 4 5 2 0 0 0 0 6 93 0 70 0 0 1 50 0 0 78 28 50 0 0 100 79 1 43 100 0 0 50 50 50 50 0 0 78 44 93 0 89 16 1 0 1 0 0 2 3 7 5 1 1 2 2 2 2 1 5 5 1 4 3 2 1 2 4 5 4 5 0 0 0 0 1
"218" 1 2 2 3 2 3 1 2 2 4 3 2 2 3 3 3 2 5 1 3 5 3 3 4 5 4 1 5 2 5 2 1 2 1 3 3 0 0 0 85 50 15 85 0 60 85 0 0 85 50 50 85 15 50 50 50 30 50 15 50 85 50 50 50 70 50 50 50 50 50 40 0 50 50 1 0 1 1 0 1 2 1 3 2 4 1 2 2 2 4 2 4 5 2 5 3 2 5 3 5 2 4 1 0 0 0 0
"219" 3 2 7 3 1 1 1 1 1 1 3 1 1 1 3 1 3 3 3 1 1 3 7 1 5 3 1 3 3 3 5 1 3 3 3 3 0 0 0 0 0 0 0 0 0 0 0 0 0 0 100 50 50 0 0 100 94 86 0 100 50 50 50 50 50 50 0 0 100 50 0 0 0 0 2 1 1 1 1 2 5 7 5 3 3 2 2 2 2 1 5 5 1 3 3 3 2 3 1 5 1 5 0 0 0 0 1
"220" 1 1 4 1 1 1 4 3 2 1 1 1 1 1 1 3 1 5 1 1 2 4 5 1 3 1 1 4 1 2 1 1 1 3 4 3 0 0 0 0 95 95 50 75 95 50 0 0 50 0 26 49 95 95 85 95 96 75 86 100 50 33 95 75 95 95 50 95 95 95 100 0 95 50 1 1 1 1 0 3 3 6 5 1 1 2 2 2 2 2 2 3 2 5 3 1 2 5 4 5 2 4 0 0 0 1 0
"221" 2 1 6 1 2 1 5 4 1 2 3 1 3 5 1 5 1 5 2 3 3 4 7 3 5 4 3 4 1 1 5 5 2 5 4 2 2 1 2 1 49 50 50 92 2 31 1 3 12 1 50 2 88 50 50 100 86 30 100 100 1 35 93 96 94 95 49 49 93 13 93 1 92 1 1 1 1 0 0 3 1 4 5 1 1 3 1 1 2 1 5 5 1 4 3 1 2 4 4 5 5 5 0 1 0 0 0
"222" 1 2 2 2 2 1 1 3 1 2 2 2 3 2 2 2 3 3 2 4 3 2 1 4 5 5 2 5 4 5 3 3 5 3 2 2 2 2 2 53 49 52 51 13 53 48 0 1 53 55 25 60 50 51 51 52 47 49 17 49 60 48 51 49 50 49 49 53 50 50 41 29 47 50 2 1 1 1 1 2 5 1 3 4 4 2 3 3 3 4 2 2 3 4 4 4 4 4 4 3 4 3 1 0 0 0 0
"223" 1 5 4 1 1 4 2 3 1 2 3 3 2 1 2 4 4 2 2 3 4 3 3 3 5 5 3 3 3 5 2 5 2 3 2 1 12 1 61 69 27 50 12 64 41 0 0 63 43 42 15 35 3 51 5 55 5 85 73 10 100 40 100 0 100 100 7 3 63 33 2 51 6 0 3 0 0 1 0 3 1 7 5 5 5 1 3 3 2 4 1 2 5 3 1 1 3 2 1 2 1 2 1 0 0 0 0
"224" 2 2 4 1 1 1 5 3 1 2 3 3 3 3 1 3 1 5 1 2 3 4 5 1 4 4 3 5 1 1 3 4 2 4 4 4 2 0 1 1 50 64 20 87 28 19 2 29 2 0 60 2 43 50 16 61 62 16 91 89 5 29 78 77 85 86 15 16 86 8 94 0 92 4 1 1 1 1 0 2 3 5 5 1 1 2 2 2 2 1 4 4 1 5 3 3 2 2 3 3 4 5 0 0 0 1 0
"225" 2 2 4 1 3 1 2 4 5 1 2 2 5 2 1 4 1 5 2 1 1 5 6 2 5 3 2 5 1 1 4 2 1 3 4 2 50 15 40 2 50 60 50 69 50 50 50 50 50 1 50 50 56 50 2 70 75 50 65 75 48 30 43 65 56 55 2 2 70 50 70 1 73 50 1 1 1 1 0 2 3 4 5 1 1 1 1 2 2 1 5 5 2 4 3 1 1 3 5 3 5 5 0 1 0 0 0
"226" 2 2 3 5 1 1 2 2 3 3 3 5 1 3 1 4 4 2 2 2 2 3 3 3 3 2 1 4 3 4 3 2 3 2 2 3 0 44 15 50 40 60 75 61 0 16 27 0 32 51 48 31 69 0 0 61 67 52 41 50 72 66 60 79 55 61 0 0 86 50 68 18 68 40 2 0 1 0 0 3 3 3 5 1 1 2 2 2 2 3 4 4 3 4 3 1 2 2 4 3 4 3 0 1 0 0 0
"227" 3 3 2 3 3 3 2 2 3 3 2 3 3 3 3 3 2 1 1 4 4 1 1 4 5 5 1 5 5 5 1 1 5 1 2 3 0 0 0 100 100 0 95 1 100 91 0 0 100 100 0 93 15 86 100 15 15 85 0 81 100 89 97 73 85 94 96 100 91 91 2 1 2 96 1 1 1 1 1 3 5 1 2 2 4 1 3 3 2 4 1 2 5 3 2 3 4 4 2 4 2 4 1 0 0 0 0
"228" 3 2 5 3 2 3 2 1 1 3 2 3 1 1 2 3 3 3 1 3 3 3 3 2 4 5 1 5 2 4 4 1 5 1 3 3 0 0 0 33 49 19 87 3 60 82 0 0 49 0 12 52 40 86 69 30 65 65 2 63 91 48 86 71 59 91 80 60 88 63 28 0 53 67 2 1 1 1 1 3 4 1 4 3 3 1 3 2 2 5 2 3 5 3 3 4 5 5 4 3 3 4 1 0 0 0 0
"229" 3 1 1 1 1 1 5 1 4 1 3 2 1 4 1 4 1 5 1 1 2 5 7 3 5 2 3 5 1 1 3 4 1 2 4 3 4 0 0 1 2 99 4 62 16 9 0 0 0 2 63 51 43 53 54 84 84 17 61 87 5 53 91 72 61 84 52 49 88 52 76 0 90 59 1 0 1 0 0 2 3 4 5 1 1 1 3 3 2 5 2 1 5 5 5 3 3 3 1 5 3 5 0 0 0 1 0
"230" 1 1 7 1 1 2 5 1 4 1 3 1 1 3 2 5 1 5 2 1 1 5 7 2 4 2 3 2 1 1 2 3 2 4 4 1 1 1 1 1 50 99 2 95 1 15 1 50 1 0 98 14 80 45 2 99 99 30 96 99 0 50 96 99 98 98 0 2 98 45 98 0 98 10 1 1 1 0 0 2 2 7 5 1 1 2 2 2 2 3 5 5 3 5 5 3 3 5 4 3 4 5 0 0 0 0 1
"231" 1 2 5 4 1 1 3 3 1 2 5 2 3 5 1 4 3 3 1 4 4 4 4 4 3 2 2 2 2 4 3 5 5 5 5 5 6 1 2 5 1 87 86 8 7 85 1 2 1 19 16 3 9 2 12 83 62 8 10 52 73 15 7 6 100 41 4 13 9 5 15 19 16 17 2 1 1 1 1 3 3 4 5 5 5 2 1 3 2 1 5 5 2 5 3 1 3 4 4 3 1 5 0 0 0 1 0
"232" 3 2 1 1 1 1 1 1 1 1 1 2 2 2 2 2 2 2 2 2 3 4 4 3 5 5 3 4 1 2 3 4 3 1 2 3 1 0 0 51 1 100 35 47 59 54 0 54 51 1 63 47 50 50 66 100 72 100 70 94 0 91 100 100 100 100 52 51 88 100 1 0 72 92 1 1 1 1 0 3 3 6 5 2 3 1 3 3 2 5 1 1 2 5 1 1 1 4 1 5 1 4 0 0 0 1 0
"233" 2 1 4 1 2 2 5 5 1 1 5 5 2 5 2 5 1 5 2 1 3 4 7 2 4 2 2 5 1 1 5 4 3 5 4 3 0 0 0 0 0 65 0 65 0 0 0 40 0 0 60 0 0 10 0 75 65 5 70 85 0 10 10 85 40 65 0 0 50 10 50 0 50 0 1 0 1 0 0 2 3 6 5 1 1 2 2 2 2 1 5 4 2 5 4 1 2 2 3 3 5 5 0 0 0 1 0
"234" 3 1 4 1 3 1 5 3 1 1 3 3 3 3 2 3 3 3 2 2 1 5 7 1 1 1 1 3 5 1 5 5 5 1 3 3 42 15 51 33 54 49 63 100 38 44 50 50 75 50 87 49 100 51 44 100 91 86 100 97 100 87 50 100 43 46 34 30 64 68 48 49 50 50 3 0 0 0 0 2 3 4 5 5 5 2 1 1 2 3 3 5 1 3 3 1 3 3 4 2 5 5 0 0 0 1 0
"235" 3 4 7 1 1 1 1 1 1 1 1 1 1 1 1 1 2 5 2 1 3 5 3 4 5 5 1 5 2 5 1 1 3 1 3 2 9 1 2 54 51 77 54 45 54 100 1 2 54 6 54 82 64 53 52 83 100 100 50 97 41 79 100 91 100 100 53 53 100 100 100 1 100 87 1 1 1 1 1 3 3 4 5 3 3 1 3 3 3 5 1 1 5 5 3 3 5 5 2 5 3 3 0 1 0 0 0
"236" 2 5 4 2 3 2 3 1 3 4 1 3 2 2 3 1 3 1 2 1 3 3 3 3 2 4 2 3 2 4 3 2 1 3 3 2 44 53 26 66 49 14 58 53 55 60 60 0 60 63 65 50 29 0 1 69 27 37 35 64 49 51 57 83 50 6 1 47 34 71 0 87 0 100 3 1 1 1 0 2 3 3 3 3 3 2 2 2 2 2 2 4 3 2 3 4 3 3 4 4 1 1 0 0 0 1 0
"237" 1 1 2 2 3 3 1 1 1 3 2 2 1 1 1 2 3 2 1 1 3 3 3 3 5 1 1 5 2 3 4 1 4 1 3 2 0 0 0 65 100 10 100 10 70 85 0 0 50 40 10 85 60 100 100 50 85 70 0 70 100 80 100 70 100 100 100 100 100 85 65 0 60 60 1 1 1 1 1 3 1 2 2 4 3 1 3 3 1 4 1 2 5 4 5 3 4 5 2 3 2 4 1 0 0 0 0
"238" 1 1 3 3 3 3 2 2 1 2 2 2 2 2 3 3 3 2 2 1 3 4 1 1 5 2 1 5 2 5 3 2 5 1 3 3 0 0 0 84 50 15 85 5 20 67 10 40 90 75 40 94 35 50 30 92 80 79 0 87 93 94 80 86 86 89 40 40 86 45 51 20 80 75 2 1 1 0 1 2 1 4 5 1 1 1 3 3 2 3 2 2 3 4 3 3 2 4 1 5 2 4 0 1 0 0 0
"239" 1 3 6 3 3 2 1 3 1 3 3 2 1 2 1 2 2 4 1 4 3 4 2 4 4 5 1 5 1 4 3 1 2 1 1 1 0 0 0 47 50 19 96 94 84 57 0 0 48 74 0 42 11 49 50 30 35 64 0 23 83 53 46 50 50 94 50 50 50 50 36 0 46 33 1 1 1 1 1 3 3 3 3 4 4 1 1 3 2 3 4 3 4 1 4 2 3 3 3 4 3 3 0 1 0 0 0
"240" 3 3 7 1 2 1 4 3 1 1 2 1 1 2 1 5 1 5 2 1 2 4 7 2 5 1 1 5 1 1 5 2 1 5 4 3 2 1 0 0 1 85 15 85 3 10 3 15 2 2 90 50 25 60 1 100 85 1 85 90 0 14 30 90 30 85 1 2 85 1 100 0 90 15 2 0 1 0 0 1 4 5 5 1 1 3 3 3 1 4 5 5 4 3 3 3 2 3 5 5 5 5 0 0 1 0 0
"241" 3 3 4 4 1 1 2 3 2 1 4 4 1 2 2 4 3 3 2 4 4 3 4 4 5 4 1 5 2 3 4 1 4 1 4 3 0 0 2 61 2 30 60 41 50 51 3 16 38 6 51 51 32 50 50 65 47 72 43 85 78 71 70 70 70 80 51 50 75 51 48 0 55 85 3 1 1 1 0 3 5 3 3 4 4 1 3 2 2 3 2 3 3 4 3 2 3 2 4 5 3 4 1 0 0 0 0
"242" 3 1 5 4 2 1 4 1 1 2 2 4 1 2 4 4 2 3 1 2 4 3 5 2 5 4 3 5 1 1 5 1 3 4 4 4 15 0 15 0 50 0 85 100 50 50 15 50 50 50 25 30 50 50 40 50 95 50 85 70 85 60 99 100 60 50 50 15 50 50 50 0 50 50 1 1 1 1 0 3 3 1 3 2 2 3 1 1 1 1 4 5 2 4 3 2 2 3 3 5 5 5 1 0 0 0 0
"243" 3 1 3 1 3 1 4 1 4 2 5 2 4 5 2 5 1 5 1 1 2 4 4 4 4 5 1 5 1 1 2 5 2 5 4 3 15 0 0 5 15 75 5 80 20 10 0 15 5 15 5 25 10 50 35 85 75 15 75 90 0 30 35 80 60 85 35 35 50 40 90 0 90 30 1 0 1 1 0 1 4 6 5 1 1 3 1 1 2 1 5 4 2 5 2 2 2 2 2 3 4 5 0 0 0 1 0
"244" 3 1 3 1 2 1 4 4 3 1 3 4 3 3 2 4 1 5 1 1 1 5 7 1 5 5 2 4 1 1 5 5 5 5 4 4 0 2 1 11 0 31 17 85 20 19 1 33 3 1 30 16 72 33 6 85 100 0 100 74 3 22 85 85 74 86 5 2 76 62 90 1 93 10 2 0 1 0 0 1 1 2 5 1 1 3 1 2 2 2 5 4 3 4 5 1 1 2 5 5 3 5 1 0 0 0 0
"245" 2 1 7 1 1 1 2 1 1 1 2 2 2 2 1 1 2 4 1 1 1 4 7 2 3 4 1 5 1 1 4 2 3 2 2 2 5 3 9 42 18 47 52 45 6 42 5 22 14 52 40 54 27 51 48 87 96 49 66 76 85 57 51 51 89 35 6 20 54 48 62 68 61 63 1 1 1 1 1 3 3 2 5 1 5 2 1 2 2 2 5 5 4 5 3 1 4 5 3 4 2 5 1 0 0 0 0
"246" 3 4 7 5 5 1 5 3 3 1 5 3 3 5 1 5 3 3 2 3 4 5 4 3 4 2 1 3 3 3 1 5 3 4 3 3 11 0 31 95 0 27 20 80 13 39 0 11 50 8 38 82 47 0 0 65 61 83 53 100 74 45 100 95 56 31 23 0 44 30 25 38 35 17 3 1 1 1 1 1 4 4 3 1 1 1 3 2 2 2 2 1 5 5 3 1 3 2 1 4 3 3 0 1 0 0 0
"247" 3 3 4 4 1 1 3 4 3 2 4 3 4 5 2 5 3 3 1 2 3 3 4 3 3 3 2 3 2 3 3 4 4 4 4 4 50 39 32 1 40 50 49 3 44 44 59 52 45 0 27 50 38 87 53 18 78 50 52 52 62 63 19 53 11 1 50 30 49 21 4 4 3 10 2 0 1 0 0 2 5 3 3 3 3 2 2 2 1 2 4 1 3 3 3 2 3 3 3 5 5 5 0 1 0 0 0
"248" 1 1 7 1 2 1 5 2 5 1 5 1 1 5 2 2 1 5 2 1 2 3 7 1 2 2 5 5 1 1 3 3 3 3 3 3 50 14 14 3 3 49 16 60 1 1 16 2 3 49 71 32 85 16 2 71 85 50 94 99 70 51 71 69 70 62 2 3 70 42 50 51 48 48 1 1 1 0 1 3 1 1 5 1 1 2 1 2 2 1 5 4 1 4 4 2 1 1 4 5 5 5 1 0 0 0 0
"249" 1 1 4 1 2 1 5 5 1 1 1 4 3 5 1 5 1 4 2 1 1 4 5 3 5 1 3 5 2 1 3 3 1 5 4 4 4 1 1 1 16 88 49 100 1 57 1 84 1 1 30 50 53 1 1 92 100 16 99 97 1 30 85 86 86 85 1 1 50 8 95 1 1 17 1 0 1 0 0 1 1 4 5 1 1 2 3 2 1 3 3 3 3 4 3 1 3 2 5 3 4 5 0 0 0 1 0
"250" 1 2 5 4 4 3 1 2 1 3 1 2 1 2 4 2 3 3 1 2 3 4 5 3 5 5 1 5 2 5 1 1 4 1 2 2 1 2 1 85 49 1 88 2 74 87 2 1 64 50 3 88 2 70 69 49 49 29 1 52 83 65 85 52 60 84 70 71 73 83 51 10 51 51 2 1 1 1 1 3 5 1 3 3 3 1 3 3 2 5 2 1 5 5 3 2 2 5 1 5 1 4 1 0 0 0 0
"251" 2 1 7 1 1 1 1 3 1 1 3 1 1 1 1 1 3 3 2 3 3 4 7 1 5 5 1 5 1 1 3 1 1 1 3 3 1 5 6 5 1 100 4 100 6 3 6 14 2 5 4 99 49 3 4 49 98 100 100 99 99 100 50 100 99 99 7 50 100 100 100 5 100 98 1 1 1 0 0 2 3 1 3 3 3 1 3 3 2 1 1 1 1 5 1 3 3 1 1 1 1 1 0 0 0 1 0
"252" 3 1 1 4 3 1 1 1 1 4 3 2 1 2 4 4 3 3 1 4 3 4 1 3 5 5 2 5 2 3 2 1 3 2 4 2 0 0 0 80 100 0 100 31 100 100 0 0 100 61 0 100 0 100 88 26 32 100 38 50 100 72 100 100 67 100 75 90 100 39 64 28 100 6 1 0 1 0 1 1 5 3 3 4 3 1 3 1 2 5 1 2 5 4 3 3 2 5 2 5 2 4 1 0 0 0 0
"253" 2 2 3 3 3 2 3 3 3 3 3 3 2 2 3 2 3 3 2 2 3 3 5 3 3 3 3 3 3 2 3 3 3 3 2 3 84 77 79 63 77 70 74 74 72 78 77 69 69 76 68 68 49 75 76 76 53 74 76 72 76 71 55 71 72 76 55 78 63 80 59 61 65 60 2 1 1 1 1 3 3 4 3 3 2 2 2 1 2 2 2 2 3 2 2 2 3 2 4 4 3 2 0 1 0 0 0
"254" 1 3 4 5 1 1 1 3 3 1 5 5 5 4 1 5 2 3 2 4 2 2 1 4 5 3 4 2 5 5 2 3 3 3 3 3 50 9 15 98 9 70 90 64 98 98 15 6 67 51 69 63 50 98 82 83 59 48 82 81 57 83 97 85 98 97 83 93 85 88 59 59 50 49 3 0 1 1 1 1 3 4 5 1 1 1 3 3 2 2 2 5 1 5 2 1 1 5 1 5 1 3 0 1 0 0 0
"255" 3 2 2 2 1 1 1 2 2 1 2 2 1 2 2 3 2 4 1 2 2 4 1 2 3 2 4 5 2 3 4 2 2 2 3 1 8 5 50 99 13 42 60 21 6 79 15 29 60 9 14 19 46 9 14 85 24 20 20 31 81 46 86 41 11 32 9 7 56 32 68 22 42 17 2 1 1 1 1 3 1 2 4 2 1 1 3 2 1 1 1 3 4 5 4 2 2 1 1 4 2 2 0 1 0 0 0
"256" 1 3 3 2 2 2 2 3 3 3 3 4 3 3 3 3 3 2 2 3 3 2 5 2 2 4 2 3 3 4 3 2 3 3 3 3 21 0 18 68 28 42 18 41 8 78 85 17 79 11 43 17 80 11 8 85 72 50 32 72 65 57 76 85 15 65 1 3 26 72 26 31 31 43 2 1 1 1 0 2 2 4 5 2 2 1 2 2 1 2 2 2 2 4 2 2 3 2 2 4 3 4 0 1 0 0 0
"257" 1 2 1 2 3 4 1 1 1 4 2 1 2 1 4 2 2 1 1 3 3 3 4 2 5 4 2 5 2 4 4 1 4 2 1 3 0 0 0 85 100 100 100 100 100 95 0 0 50 100 0 75 30 100 100 35 75 75 0 70 100 85 100 85 100 100 100 100 100 100 40 0 60 60 1 1 1 1 1 2 3 2 3 4 4 1 3 3 3 5 1 1 5 3 5 5 5 5 1 3 2 3 0 0 1 0 0
"258" 2 1 4 1 2 1 2 2 1 1 1 1 2 2 1 2 2 3 2 2 3 3 4 3 3 3 1 5 1 1 5 1 1 1 2 1 1 0 0 3 51 39 91 4 0 3 0 100 5 0 10 100 51 0 1 100 69 66 0 75 100 50 75 77 62 85 2 1 100 53 100 0 100 60 3 1 1 1 1 3 3 3 5 3 3 1 3 3 2 1 4 4 1 4 2 3 2 3 4 4 3 3 0 1 0 0 0
"259" 3 1 4 2 1 1 1 1 1 2 2 2 1 1 2 2 2 3 1 1 2 5 4 3 5 4 1 5 2 4 4 1 3 1 2 2 0 0 0 70 50 100 100 100 100 100 0 0 45 50 0 70 30 77 70 55 72 70 0 83 100 70 71 84 72 73 60 80 72 70 60 0 85 85 2 1 1 1 1 3 2 3 2 3 3 1 3 3 2 3 2 2 5 5 3 3 3 5 4 3 1 2 1 0 0 0 0
"260" 3 1 1 5 3 4 1 1 2 4 2 2 1 1 4 2 3 1 1 4 4 2 1 2 5 4 2 5 5 5 1 1 4 1 1 1 0 0 0 100 100 0 100 0 100 100 0 0 100 100 0 90 10 100 90 10 10 90 0 40 100 90 90 50 90 90 90 100 90 90 40 0 60 70 2 1 1 1 1 3 4 1 2 4 4 1 3 3 3 5 1 1 5 2 3 4 2 3 1 5 2 3 1 0 0 0 0
"261" 1 2 2 3 2 3 3 1 3 2 3 2 1 2 2 3 2 3 1 1 2 5 4 1 4 3 2 5 2 4 3 1 1 1 3 3 1 0 3 65 80 25 84 25 74 74 10 16 79 43 30 88 68 75 56 70 80 82 17 67 93 85 77 75 80 85 51 55 85 71 80 10 80 56 2 1 1 1 0 2 1 2 3 2 2 1 3 2 2 3 2 3 3 4 3 2 2 3 5 3 3 3 1 0 0 0 0
"262" 1 1 2 1 1 2 5 5 5 1 2 1 4 3 1 5 1 5 1 1 1 5 7 1 4 2 3 4 1 1 5 2 1 5 4 2 0 0 0 0 0 100 0 5 0 0 95 91 3 0 100 48 89 9 0 100 100 8 100 94 0 21 62 68 85 89 0 0 97 3 100 0 100 0 1 1 1 0 0 2 3 5 5 1 1 2 2 2 2 1 4 5 2 2 2 1 1 3 4 4 4 5 0 0 0 1 0
"263" 1 1 5 1 1 1 1 1 1 1 1 1 1 1 1 1 3 3 2 3 3 4 1 2 5 4 1 5 2 4 4 1 1 3 1 2 15 14 11 58 37 68 58 57 65 64 17 61 53 45 40 71 40 64 72 80 65 50 61 85 74 63 82 71 75 70 63 63 72 69 68 40 78 29 2 1 1 1 1 3 3 3 5 4 3 2 3 3 2 5 1 1 5 3 3 1 1 2 1 1 1 2 0 0 0 1 0
"264" 3 2 4 1 1 1 4 4 2 1 3 2 1 3 1 4 1 5 2 1 2 5 4 3 4 2 3 5 2 3 4 2 2 2 4 2 0 0 0 0 76 70 20 95 20 35 0 35 20 0 50 25 85 75 35 95 90 35 75 95 50 60 87 85 90 80 30 50 85 70 85 0 86 35 1 0 1 1 0 2 2 5 5 3 3 1 2 2 2 3 2 3 2 2 4 3 2 3 4 4 4 3 0 1 0 0 0
"265" 2 2 3 4 2 1 2 2 3 3 3 4 2 4 2 4 1 2 1 2 2 4 2 3 3 2 2 3 3 4 2 3 3 3 3 3 14 8 40 50 9 40 60 30 0 15 16 75 20 60 40 30 50 0 0 60 72 55 30 53 75 60 40 70 30 40 0 0 70 23 55 8 55 42 2 1 1 1 1 3 3 3 5 1 1 2 2 2 2 4 3 3 2 4 3 1 2 3 3 4 4 3 0 1 0 0 0
"266" 1 4 6 4 4 2 5 1 3 4 5 4 3 5 4 3 2 2 1 2 3 3 4 4 5 5 2 5 2 3 4 4 2 2 2 2 3 0 0 86 97 52 100 2 100 81 0 0 51 2 15 53 50 100 96 75 60 54 2 75 100 92 100 99 95 96 100 100 100 86 100 0 100 42 3 1 1 1 1 3 3 1 3 3 3 1 3 3 2 4 1 2 5 4 3 2 4 4 3 5 3 4 1 0 0 0 0
"267" 2 1 7 1 1 1 5 2 1 1 4 2 4 4 1 4 1 5 2 1 2 5 6 1 3 2 1 5 1 1 4 2 1 4 4 2 0 0 0 0 22 55 45 100 1 44 46 41 0 0 90 30 82 40 5 100 95 30 75 100 5 10 90 74 70 85 2 0 86 50 100 0 100 0 1 0 1 0 0 1 2 5 5 1 1 2 1 2 2 2 5 4 2 5 2 3 2 3 3 5 4 5 0 1 0 0 0
"268" 1 2 6 1 2 1 1 5 5 1 2 2 3 3 1 5 1 5 1 1 1 4 7 2 3 1 2 5 3 1 3 2 1 5 4 3 0 0 0 0 50 50 50 50 15 15 0 30 15 0 50 15 60 50 50 85 95 15 85 100 15 50 50 50 85 70 50 50 65 50 85 0 85 15 1 1 1 1 0 1 3 4 5 1 1 2 1 2 2 2 5 5 3 3 3 3 3 3 5 5 5 5 0 0 1 0 0
"269" 3 1 5 2 2 3 4 3 2 3 4 2 2 2 3 3 1 4 2 1 2 4 6 3 4 3 2 5 1 2 2 1 2 2 3 3 4 8 7 48 19 68 13 58 23 57 0 30 7 5 53 18 51 56 33 75 90 36 67 75 8 54 93 48 89 89 28 17 78 55 54 13 63 60 1 1 1 1 1 3 3 5 5 1 1 1 2 2 2 3 2 3 3 4 3 2 3 3 2 5 4 5 0 0 0 1 0
"270" 1 2 7 2 2 1 1 2 1 1 1 3 2 1 2 2 3 4 1 1 2 3 5 2 3 3 2 5 2 2 4 2 5 1 4 4 50 15 0 40 50 85 85 40 50 50 15 40 60 50 70 85 40 60 60 60 70 70 15 85 60 100 70 85 100 85 40 30 85 85 40 15 30 85 2 1 1 0 1 3 3 2 5 1 1 1 3 2 1 1 5 5 2 4 3 2 4 5 3 4 4 5 1 0 0 0 0
"271" 2 1 3 1 1 1 5 5 1 1 3 1 1 2 1 5 1 5 1 1 1 1 7 1 4 1 1 5 1 1 2 1 2 5 3 3 0 0 0 0 100 0 0 100 14 51 0 0 0 0 51 0 68 100 52 51 100 30 70 100 0 15 100 100 100 100 13 0 100 100 100 0 100 0 1 1 1 0 0 1 4 4 5 1 1 2 2 2 2 1 5 5 1 5 5 1 2 5 5 5 5 5 0 0 1 0 0
"272" 3 2 2 4 2 1 1 1 1 3 2 2 1 1 3 2 3 2 1 3 4 2 1 4 5 5 2 5 3 5 2 1 4 1 2 3 0 0 0 85 70 30 85 15 85 85 0 0 85 85 0 100 40 70 70 50 45 75 0 40 85 80 70 70 70 70 70 70 70 70 15 0 15 60 1 1 1 1 1 2 5 2 1 4 4 1 3 2 2 4 1 2 5 3 4 4 4 5 3 5 2 2 1 0 0 0 0
"273" 1 4 4 4 2 2 4 3 3 3 5 5 4 5 2 5 3 3 1 3 4 3 3 3 3 2 2 5 2 1 5 5 5 5 4 4 0 0 0 5 0 0 0 5 5 5 0 2 0 0 0 23 5 20 5 1 5 0 64 0 2 0 6 10 20 0 2 2 0 0 0 0 0 0 2 0 0 0 0 2 4 5 5 3 3 2 2 2 2 3 3 3 3 5 2 1 2 5 4 4 4 3 0 1 0 0 0
"274" 2 1 4 2 2 1 2 1 1 2 4 3 3 4 1 3 3 2 1 2 3 3 4 2 5 3 2 5 2 2 4 5 5 4 3 3 50 0 50 82 50 75 85 50 49 50 7 50 50 50 50 50 50 53 50 50 59 50 50 50 85 85 100 65 73 85 50 50 50 50 50 50 50 50 3 1 1 1 1 2 2 2 4 1 1 1 3 2 2 3 2 2 2 4 2 2 4 4 4 3 1 4 0 1 0 0 0
"275" 3 5 1 1 2 1 5 5 5 1 3 2 4 5 1 5 1 5 3 1 2 5 7 2 5 1 5 2 1 1 5 5 2 5 4 1 0 0 0 0 17 100 100 100 0 7 0 86 0 23 71 0 0 85 8 73 95 0 100 100 0 0 86 86 86 86 0 0 86 51 95 0 87 0 1 0 1 1 0 1 3 6 5 1 1 2 1 2 2 1 5 4 1 5 3 1 1 2 4 3 5 5 0 0 0 1 0
"276" 3 5 4 2 2 1 3 2 2 2 5 4 3 4 2 5 3 3 2 3 3 3 5 2 3 3 2 2 3 3 3 2 2 3 3 3 38 45 25 11 27 32 37 35 11 35 22 17 26 27 50 49 33 17 48 55 20 24 74 23 24 15 40 11 20 23 25 28 29 19 69 42 40 47 4 0 1 0 0 2 5 5 5 1 1 3 1 1 2 4 4 4 2 3 3 2 1 1 3 3 3 3 0 0 0 1 0
"277" 1 2 3 2 2 2 2 2 2 2 2 2 2 2 2 2 3 1 1 1 2 3 1 2 2 2 2 2 2 2 4 1 1 1 4 4 57 46 53 70 62 60 58 69 34 60 46 66 61 58 69 57 66 19 26 69 63 59 64 66 48 55 61 64 49 67 69 59 63 55 69 13 60 39 3 1 0 1 0 3 1 5 3 2 2 1 2 2 2 2 2 3 2 3 3 3 3 1 3 3 1 1 0 0 0 0 1
"278" 3 3 3 2 1 1 2 2 1 1 3 3 2 2 2 3 2 2 2 1 2 5 7 3 4 5 2 2 2 2 3 2 4 4 2 1 71 6 48 91 53 69 48 85 91 53 44 21 83 17 62 86 94 92 92 74 90 92 59 69 91 86 94 86 92 81 93 95 66 58 47 0 41 38 4 0 1 1 1 3 3 3 4 1 1 1 2 2 2 5 2 2 4 4 3 1 3 5 5 4 3 3 0 0 0 1 0
"279" 3 2 4 1 2 2 5 2 5 2 4 2 3 5 2 5 1 5 2 1 1 5 7 3 4 4 1 5 1 1 3 4 3 4 4 3 0 0 0 2 28 86 15 1 7 32 2 39 0 5 52 40 50 48 16 51 94 53 100 99 2 31 84 86 52 84 30 16 91 31 100 0 93 16 1 1 1 1 1 2 2 6 5 1 1 2 1 2 2 1 5 5 1 5 4 2 3 4 5 3 4 5 0 0 0 1 0
"280" 1 3 2 3 2 2 2 2 3 3 4 3 2 4 2 4 2 2 1 3 3 3 4 4 4 3 2 4 2 3 2 4 4 4 2 4 2 0 3 51 53 82 70 39 49 77 2 4 12 1 72 75 49 61 49 65 51 59 15 88 71 86 78 65 77 87 42 48 62 49 50 50 50 50 3 1 1 1 1 3 2 3 4 2 2 1 3 2 2 4 2 2 4 5 2 2 4 3 4 5 4 4 0 1 0 0 0
"281" 2 2 4 1 1 1 5 2 1 2 3 2 2 4 1 5 1 5 2 1 1 3 6 2 5 1 3 2 2 1 2 4 2 4 4 2 0 0 0 0 45 100 15 95 5 30 10 60 0 0 85 5 70 15 40 95 90 30 85 60 0 50 50 50 50 55 15 10 55 45 90 0 90 96 1 1 1 1 0 3 4 6 5 1 1 3 1 1 3 1 5 4 2 4 4 3 2 3 3 3 5 5 0 0 0 0 1
"282" 2 3 2 5 2 4 1 4 3 3 3 3 1 3 2 4 3 2 1 2 3 3 5 2 5 3 3 5 3 4 3 2 4 3 3 3 4 1 1 77 77 38 66 34 79 94 2 3 63 44 33 82 56 88 66 48 63 64 12 60 62 67 88 89 85 88 72 77 77 56 62 5 63 53 1 1 1 0 1 3 3 3 3 3 3 1 3 2 2 4 2 2 4 3 4 3 3 4 2 3 2 3 1 0 0 0 0
"283" 3 3 4 1 3 1 1 2 1 1 3 2 2 3 3 3 4 3 2 3 4 3 7 2 4 5 2 5 2 5 2 2 2 2 3 3 51 0 0 51 16 51 51 86 0 51 15 70 71 50 52 100 51 0 30 100 40 52 85 60 85 90 70 90 70 70 0 0 90 52 51 0 52 51 2 1 1 1 1 3 3 6 5 2 2 1 3 3 2 2 3 3 3 4 2 2 2 3 2 4 3 3 0 0 0 1 0
"284" 2 4 6 1 1 1 1 5 1 5 1 5 5 1 1 1 4 1 2 1 5 3 1 1 1 1 1 1 3 3 5 3 3 3 1 5 6 9 13 17 10 100 17 100 100 100 9 8 100 15 100 100 6 100 100 100 6 13 100 100 100 100 39 100 100 100 100 100 100 100 100 100 100 100 3 0 0 0 0 2 5 7 3 3 3 2 2 2 2 3 3 3 3 2 2 2 2 2 1 1 5 5 0 0 0 0 1
"285" 3 3 4 4 1 1 1 1 2 2 1 2 1 3 2 1 4 3 1 4 5 2 3 4 5 5 2 5 3 5 1 3 5 1 1 2 0 0 0 76 100 0 100 0 100 100 0 0 60 0 0 61 32 100 100 16 20 17 3 6 90 30 50 50 50 50 100 100 50 50 0 0 17 91 2 1 1 1 1 2 4 2 2 5 5 1 3 3 3 5 1 2 5 5 2 4 4 5 2 5 3 5 1 0 0 0 0
"286" 1 2 4 1 1 1 1 1 1 1 2 1 1 1 1 2 2 1 2 1 1 5 7 1 1 1 1 2 1 1 5 5 5 5 2 2 60 0 0 100 0 80 87 100 95 100 50 100 95 0 100 100 50 100 85 100 100 98 0 100 100 95 98 100 95 100 0 100 100 95 100 50 100 60 1 1 1 1 1 1 1 1 3 3 3 2 1 2 2 5 3 3 5 1 2 1 2 5 1 3 1 1 0 0 0 1 0
"287" 3 3 4 3 2 1 1 2 1 2 1 3 1 1 1 2 3 3 1 4 5 1 2 3 5 5 2 5 5 5 2 2 5 1 1 3 0 0 0 72 100 0 100 0 100 100 0 0 73 68 0 69 0 100 100 10 0 100 0 30 50 67 100 15 100 100 100 100 100 100 0 0 100 100 1 1 1 1 1 3 3 1 5 5 5 1 3 2 3 5 1 1 5 1 5 5 2 5 4 5 1 3 1 0 0 0 0
"288" 2 4 5 1 1 1 1 1 1 1 1 1 1 1 1 1 2 4 2 2 4 3 1 1 1 1 1 1 5 4 3 1 1 1 1 1 0 0 0 100 50 0 0 100 86 71 0 0 51 85 70 70 60 85 85 100 40 100 60 100 100 70 100 85 70 100 100 85 100 100 85 0 70 85 1 0 0 0 0 2 3 1 1 5 5 1 3 1 1 1 5 1 5 5 5 1 2 5 4 5 1 1 1 0 0 0 0
"289" 3 1 2 1 1 1 2 1 1 1 2 1 1 2 2 2 2 3 3 1 1 5 7 1 5 1 1 3 1 1 5 2 1 5 3 1 13 0 8 0 0 100 12 100 15 20 0 67 10 17 100 93 72 67 14 100 100 73 100 95 84 68 71 88 68 68 37 8 78 46 100 52 100 68 1 0 0 0 0 1 4 4 5 1 1 3 1 1 2 3 4 5 3 5 2 1 1 2 4 3 4 3 0 1 0 0 0
"290" 2 2 2 1 1 1 2 1 1 1 2 2 1 2 2 2 4 2 2 4 4 3 1 3 3 5 2 5 4 3 3 1 4 1 2 2 0 0 0 49 49 49 100 56 50 59 0 0 38 0 50 72 30 60 50 69 15 69 50 50 100 50 84 39 100 85 49 50 50 85 34 0 34 64 2 1 1 1 1 3 3 3 2 3 3 1 3 3 2 4 1 2 4 4 3 5 5 4 2 5 2 3 0 1 0 0 0
"291" 2 3 4 1 1 1 2 2 2 1 3 3 1 3 1 3 3 2 2 2 2 4 4 3 5 5 2 4 1 2 2 2 3 3 3 3 50 2 50 87 51 89 87 86 88 86 2 3 50 50 50 87 70 89 87 88 70 88 87 88 86 88 86 88 89 88 88 88 88 87 51 51 88 51 2 0 1 1 1 2 5 2 5 1 1 1 3 3 3 2 2 4 2 5 2 2 2 4 1 3 3 3 1 0 0 0 0
"292" 1 1 3 1 1 1 1 1 1 1 1 2 1 3 1 1 4 3 2 4 4 5 7 1 3 3 1 5 1 1 3 3 4 2 3 2 9 5 5 82 10 87 81 7 97 35 3 0 33 6 7 67 65 89 93 5 45 82 4 62 83 68 72 11 71 54 92 89 65 54 27 6 44 41 1 1 0 1 1 3 3 3 2 5 4 2 2 3 3 2 2 4 3 3 2 3 3 2 2 2 3 3 0 1 0 0 0
"293" 2 3 4 1 2 1 1 2 1 2 3 2 1 3 2 2 1 3 2 3 4 2 7 4 5 5 3 5 4 3 3 4 4 4 5 5 51 50 53 32 48 49 60 51 53 60 50 52 62 51 74 79 69 49 48 51 58 59 73 57 34 64 51 71 95 51 50 51 53 48 49 49 51 50 5 0 0 0 0 2 5 1 3 3 3 2 2 2 2 3 3 3 3 3 3 3 3 3 3 4 5 3 1 0 0 0 0
"294" 3 5 7 5 5 1 5 5 1 1 5 5 1 5 5 5 3 3 1 2 1 5 7 1 1 1 1 1 1 1 5 5 5 5 2 2 0 0 0 0 0 0 0 0 0 0 0 0 51 0 0 49 0 0 1 100 98 50 0 49 51 50 50 49 100 48 1 0 0 0 1 0 1 0 3 1 1 1 1 3 2 7 5 5 5 2 2 2 2 3 3 3 3 5 3 1 3 3 2 1 3 4 0 0 0 0 1
"295" 1 3 4 5 1 1 5 5 5 3 5 5 5 5 3 5 3 3 2 2 2 4 6 4 5 3 3 5 3 3 3 5 5 5 3 3 0 0 0 2 1 2 34 9 1 15 1 7 32 11 0 0 26 40 3 0 30 30 23 31 17 6 13 27 4 11 0 5 45 19 1 0 0 1 3 0 0 0 0 2 3 4 3 3 3 2 2 2 2 3 3 3 3 3 3 3 3 3 4 4 3 3 1 0 0 0 0
"296" 3 1 4 3 1 3 1 1 1 3 4 2 1 1 2 1 5 3 2 4 4 3 3 4 5 5 4 5 2 4 2 1 5 1 1 4 0 0 0 100 99 81 100 0 54 100 0 53 70 0 0 89 0 52 72 51 60 69 0 100 82 70 100 64 85 69 69 72 61 60 50 0 50 60 2 1 1 1 1 3 1 1 4 2 2 1 3 3 2 4 1 2 4 5 3 3 4 5 2 2 2 5 1 0 0 0 0
"297" 2 3 4 4 3 3 2 4 4 3 4 4 3 4 3 4 3 2 2 1 2 3 4 3 4 5 2 4 3 2 2 3 2 3 4 4 4 1 0 70 71 68 52 59 52 15 54 4 70 0 62 61 70 76 27 65 66 64 53 54 54 65 77 77 54 57 27 26 31 20 64 0 50 39 1 1 0 1 1 2 3 5 4 4 4 2 2 2 2 4 2 2 3 4 3 3 2 4 4 3 3 3 0 0 0 1 0
"298" 3 4 6 2 1 1 3 3 3 2 3 3 3 3 2 3 2 4 2 4 4 4 3 1 4 4 2 5 2 4 4 5 4 4 3 3 51 0 8 44 52 7 45 17 29 41 0 48 53 14 0 61 35 52 44 19 45 54 42 85 8 70 71 57 70 72 41 39 72 51 52 55 54 54 2 0 1 0 0 2 4 4 5 1 1 2 1 2 2 4 2 3 4 5 2 2 3 3 2 5 3 4 0 0 0 1 0
"299" 3 1 2 4 2 1 2 1 1 1 4 2 1 3 1 3 3 3 2 4 4 3 7 4 5 5 1 5 3 3 3 3 3 3 1 2 0 0 3 100 0 49 100 1 85 6 1 1 50 3 51 100 40 100 100 100 52 70 1 39 71 100 100 50 100 50 100 100 99 100 7 10 7 7 2 0 1 1 1 2 3 1 3 3 3 1 3 3 3 3 3 2 3 5 3 1 3 5 4 5 2 2 1 0 0 0 0
"300" 2 3 4 2 2 3 2 2 2 2 2 2 2 2 2 2 1 3 2 2 2 3 7 3 4 2 2 2 3 3 3 1 2 2 3 2 15 51 18 100 100 100 100 0 99 100 50 15 50 50 51 100 62 100 100 100 89 84 51 100 80 73 100 100 100 100 100 100 100 100 53 52 52 52 3 1 1 1 1 2 2 4 3 3 3 2 2 2 3 3 2 3 5 4 2 4 5 3 4 3 3 3 0 1 0 0 0
"301" 2 3 4 3 1 3 2 3 1 4 4 5 5 5 2 4 3 3 1 4 4 3 5 2 4 4 3 4 3 3 3 3 3 3 3 4 49 0 50 50 50 50 49 49 50 50 0 0 51 0 50 51 50 49 50 50 49 50 50 49 50 50 51 0 52 49 50 49 49 50 0 0 0 0 3 0 0 0 0 2 3 4 3 3 3 2 3 3 2 3 3 3 3 3 3 3 3 3 4 4 3 4 0 1 0 0 0
"302" 3 2 7 1 1 1 3 3 1 1 2 2 1 2 1 2 2 3 2 3 3 2 1 3 4 4 1 5 3 2 3 2 1 3 4 2 10 0 0 74 52 23 76 75 15 81 4 5 45 87 83 84 72 46 0 94 73 76 44 66 100 38 83 62 75 65 0 2 92 43 100 0 100 41 1 1 1 1 1 3 4 3 5 1 1 1 3 2 2 3 2 3 3 4 1 3 2 5 2 4 1 1 1 0 0 0 0
"303" 3 2 3 1 1 1 2 1 1 1 2 4 1 1 1 4 4 3 3 3 4 4 7 4 5 4 1 5 2 1 5 2 3 3 4 4 73 12 62 98 68 64 75 59 38 91 79 36 72 32 83 88 77 42 50 85 51 79 73 79 98 93 94 84 49 52 33 31 22 20 42 33 58 44 2 0 0 0 0 3 4 5 4 2 2 1 3 2 2 3 2 4 4 2 2 3 2 4 3 2 1 2 0 0 0 1 0
"304" 1 5 4 5 4 1 1 1 3 4 2 5 1 5 1 5 3 1 1 4 5 1 1 4 5 5 3 5 3 5 3 3 5 1 4 5 0 0 0 59 100 0 100 55 100 50 0 0 52 0 51 95 35 100 83 33 10 100 70 82 100 100 65 84 85 85 100 100 55 85 0 0 0 78 2 0 1 1 1 1 3 1 3 4 4 1 3 3 2 4 1 4 4 4 2 2 4 5 1 5 3 4 1 0 0 0 0
"305" 1 3 4 3 1 1 1 1 1 1 2 3 3 1 3 3 3 3 2 4 4 3 7 1 3 3 3 3 3 3 3 3 3 3 3 3 11 20 5 7 12 19 6 11 0 8 10 6 0 11 9 0 5 14 8 5 9 10 1 3 3 2 10 13 10 11 9 9 6 7 0 4 4 4 3 0 0 0 0 2 5 6 3 3 3 2 1 1 2 5 5 5 5 3 1 2 3 1 5 5 5 5 0 1 0 0 0
"306" 3 3 4 1 1 1 3 1 1 1 1 5 5 1 2 5 1 5 1 3 3 3 7 1 5 3 1 5 1 1 5 1 3 4 5 5 1 1 1 1 50 50 85 100 2 1 2 1 1 1 49 53 31 50 30 80 80 80 100 40 100 70 70 70 80 100 30 50 100 1 70 1 70 30 1 1 1 0 0 2 5 1 5 4 4 2 2 2 2 1 5 5 1 5 1 1 1 3 4 5 3 5 0 0 1 0 0
"307" 2 2 5 1 2 1 5 1 1 1 5 5 1 5 1 5 1 5 2 2 3 4 7 2 3 3 2 3 1 1 5 5 5 3 4 4 0 0 0 0 10 75 24 100 0 12 0 0 0 0 75 0 0 50 0 94 60 0 75 100 0 10 72 72 72 72 1 0 72 72 72 0 50 72 1 0 1 0 0 2 4 7 5 1 1 2 2 2 2 3 5 4 4 5 3 2 3 2 5 3 5 5 0 0 0 0 1
"308" 3 2 7 1 1 1 4 4 1 2 4 5 1 4 1 4 4 3 1 2 3 4 3 4 5 4 2 4 1 1 5 5 5 5 5 5 0 0 0 0 50 15 50 75 0 10 0 50 0 0 25 50 15 25 25 45 55 60 50 50 0 65 100 50 25 25 0 0 0 50 0 0 0 0 1 1 1 1 0 3 5 1 5 1 1 1 3 2 2 4 1 2 5 5 3 1 3 2 2 3 1 1 1 0 0 0 0
"309" 2 2 1 1 1 1 1 1 1 1 3 2 1 4 1 1 1 2 1 1 1 3 7 3 1 1 1 1 1 1 2 1 1 1 1 3 68 56 67 63 66 100 100 16 40 100 100 40 50 58 100 100 97 4 7 100 51 100 100 100 100 100 100 100 20 100 49 10 100 100 100 50 100 41 3 1 1 1 1 1 2 7 1 2 3 1 1 2 2 1 2 2 1 3 1 1 2 1 1 3 1 1 1 0 0 0 0
"310" 3 4 4 1 1 1 4 3 2 2 3 2 3 5 2 2 2 3 2 2 2 4 4 3 4 4 2 3 1 1 5 4 3 2 4 3 49 40 9 9 38 88 31 70 32 64 0 50 35 50 88 44 62 51 50 92 78 64 72 86 57 61 50 66 50 50 39 50 69 50 59 15 62 60 3 0 0 0 0 3 4 6 5 1 1 1 2 2 2 2 5 4 2 4 4 2 3 3 5 2 3 4 0 1 0 0 0
"311" 3 3 4 1 2 1 2 2 1 1 2 3 3 2 2 2 2 2 1 1 2 3 7 3 3 3 1 2 2 1 2 2 3 4 1 2 16 16 7 65 76 86 77 5 4 76 8 28 8 5 81 35 84 8 8 72 88 44 43 61 11 63 66 78 59 49 13 18 78 9 70 13 76 34 2 1 1 0 1 3 2 3 5 4 4 1 3 3 2 2 4 2 2 2 2 2 4 2 3 2 2 2 0 0 0 1 0
"312" 1 1 4 3 1 1 1 1 1 1 1 3 1 1 1 3 3 3 2 2 1 3 7 1 1 1 1 1 3 3 2 1 1 3 1 1 0 0 0 100 0 60 51 100 0 49 0 31 60 20 100 100 51 0 0 100 100 100 76 86 49 100 91 85 55 95 0 0 100 70 74 56 59 41 1 0 0 0 1 2 4 1 5 5 5 2 2 2 2 3 3 2 3 2 2 1 3 3 4 4 3 3 1 0 0 0 0
"313" 2 2 7 1 1 1 5 5 4 2 4 4 2 4 3 5 3 3 2 2 3 4 7 2 3 2 1 2 1 1 3 3 3 4 2 2 50 50 51 0 0 100 20 100 10 50 93 75 0 29 89 60 49 50 5 100 65 50 90 97 49 85 38 100 49 33 1 0 50 5 56 0 51 3 2 0 0 0 0 2 4 6 5 1 1 2 1 3 3 1 2 4 1 5 2 1 2 3 4 3 2 5 0 0 0 1 0
"314" 1 1 1 1 5 5 5 5 5 3 5 5 1 1 5 5 1 4 1 1 3 3 1 3 5 2 3 1 1 1 1 1 1 5 5 3 0 0 0 70 100 50 65 0 65 50 50 0 0 0 50 80 100 100 100 50 90 100 50 100 50 100 100 100 100 100 90 100 100 40 90 0 100 0 1 1 1 1 0 1 1 1 3 1 1 2 2 2 2 1 1 3 1 3 3 3 3 3 4 4 4 5 1 0 0 0 0
"315" 3 5 4 1 1 1 4 1 1 1 5 5 5 1 1 5 3 3 1 3 3 3 7 3 5 5 1 1 1 1 5 3 3 3 5 5 7 7 39 88 4 58 53 92 95 53 57 39 78 4 84 82 59 92 97 89 86 91 7 40 90 89 93 83 72 82 82 94 8 8 52 50 49 50 2 0 1 1 1 2 5 7 3 3 3 2 2 2 2 3 3 3 3 3 3 1 3 3 1 5 3 3 0 0 0 1 0
"316" 1 5 4 4 1 1 1 1 3 2 2 1 2 3 2 3 4 3 2 4 4 3 4 4 5 5 4 5 3 3 3 3 3 3 3 3 52 0 51 70 39 51 86 52 50 31 0 53 5 5 6 50 51 72 52 28 15 52 44 51 100 52 87 51 50 50 52 71 50 50 51 50 50 52 3 0 0 0 0 3 4 1 4 3 3 1 3 3 3 4 2 2 5 5 3 2 4 4 2 5 2 5 1 0 0 0 0
"317" 3 3 4 1 1 1 3 1 1 1 1 1 1 1 2 2 4 4 3 4 4 5 6 1 4 1 3 1 1 1 5 1 1 1 3 3 53 5 29 97 21 33 38 31 34 22 14 32 62 37 99 61 40 14 18 97 14 54 30 55 72 34 49 19 23 26 22 25 59 34 100 47 100 53 1 0 1 1 1 3 1 7 5 1 1 2 2 2 2 4 3 1 5 5 3 1 3 3 2 1 1 1 0 0 0 1 0
"318" 2 2 7 1 1 1 2 2 2 1 3 2 1 2 1 3 1 4 1 1 2 5 5 2 2 1 1 3 1 3 4 4 3 3 2 2 41 35 42 34 59 80 40 50 50 23 23 43 54 0 87 41 65 100 100 100 100 69 50 100 47 100 100 100 100 100 60 62 61 61 81 0 71 50 1 0 1 1 0 2 4 4 5 1 1 2 2 3 2 1 4 5 2 5 4 2 2 2 3 5 4 5 0 0 1 0 0
"319" 2 3 4 1 1 1 5 1 2 1 1 2 2 3 1 4 1 5 2 1 3 4 4 1 2 4 2 2 1 1 2 2 1 2 3 1 1 1 0 4 43 100 100 99 3 15 1 67 1 2 75 75 60 2 56 100 93 20 99 100 0 30 98 90 98 98 1 30 98 50 97 1 90 70 1 0 0 1 0 1 3 7 5 1 1 1 3 2 2 2 2 4 4 5 5 1 2 4 1 5 4 5 0 0 0 0 1
"320" 3 2 4 2 2 1 1 1 1 2 1 2 2 2 1 2 2 2 1 3 4 3 1 4 3 3 1 5 3 4 2 3 5 1 1 3 70 0 0 100 85 30 100 100 100 100 15 0 75 50 45 95 50 24 100 45 35 100 50 90 100 85 100 90 100 100 100 100 90 100 0 50 0 100 1 1 0 1 1 3 3 1 2 5 5 1 3 3 2 3 1 1 4 3 1 3 2 5 2 3 1 2 1 0 0 0 0
"321" 3 3 3 2 2 1 1 2 2 2 4 3 2 1 2 3 4 3 1 5 5 2 3 3 5 5 2 5 1 1 4 1 4 4 2 2 42 51 31 36 52 80 52 42 32 51 52 50 55 32 25 96 50 54 29 46 17 94 76 100 51 79 48 68 21 80 14 35 49 53 52 10 55 49 1 1 1 1 1 3 4 4 3 1 1 2 1 1 2 3 1 5 5 4 3 2 2 2 3 5 3 5 0 1 0 0 0
"322" 3 1 4 1 1 1 1 5 1 3 1 3 3 2 2 2 3 3 2 4 3 3 2 3 5 5 3 3 1 1 1 3 1 1 3 3 1 6 15 61 7 45 18 100 10 35 0 16 54 31 100 98 50 15 17 100 31 100 100 100 75 100 100 100 100 100 12 13 100 56 100 0 100 100 1 0 1 0 1 2 5 6 5 3 3 1 3 2 2 3 2 1 5 5 3 1 2 5 1 4 2 5 0 0 0 1 0
"323" 2 3 4 1 1 1 1 1 1 1 5 3 1 3 1 4 3 3 2 3 5 3 6 4 5 4 1 3 2 1 5 5 5 5 4 5 0 0 1 39 7 0 16 66 1 0 0 0 60 2 12 0 5 0 5 1 1 55 55 53 52 0 46 9 83 57 0 1 7 2 0 0 10 7 1 0 0 0 0 3 3 4 3 3 3 2 2 2 2 3 3 3 3 3 3 3 3 3 4 4 5 3 0 0 0 1 0
"324" 2 2 4 1 2 1 2 2 1 1 2 3 3 1 2 3 1 2 1 3 2 4 7 2 5 5 1 5 1 1 3 1 1 1 4 4 49 14 6 15 85 51 49 29 64 86 14 15 69 15 59 50 50 84 50 84 84 70 15 64 70 70 86 85 84 85 50 52 85 69 70 30 50 49 1 1 1 0 0 3 4 3 5 3 3 1 1 2 2 2 5 3 3 5 3 2 2 3 1 5 3 3 1 0 0 0 0
"325" 2 1 7 1 1 1 5 1 1 1 4 4 1 5 1 4 1 5 1 1 1 5 7 1 5 1 1 3 1 1 5 5 5 5 4 2 0 0 0 0 85 85 0 50 0 0 0 0 0 0 50 0 50 60 50 60 90 0 90 85 0 0 85 85 85 85 50 50 70 85 85 0 85 85 1 0 1 0 0 2 5 6 5 1 1 2 2 2 2 1 5 5 5 5 3 1 2 1 3 5 5 5 0 0 0 1 0
"326" 3 2 6 2 2 1 1 1 2 4 2 2 2 2 2 2 2 2 2 4 4 2 1 4 5 3 2 5 1 4 1 1 4 1 1 2 0 0 0 95 95 13 92 0 85 91 0 0 93 95 0 100 14 92 92 70 47 91 0 50 87 81 96 76 95 93 93 88 89 87 27 0 76 88 2 1 1 1 1 2 5 2 2 5 5 1 2 2 2 4 1 1 5 3 5 4 4 5 4 3 2 3 1 0 0 0 0
"327" 1 1 4 1 1 1 5 1 2 1 2 1 2 3 1 1 1 5 3 1 1 4 5 1 2 1 1 3 1 1 5 2 1 2 2 1 0 0 0 0 15 98 2 86 0 0 0 9 0 1 69 0 50 1 0 100 92 31 96 98 9 15 77 93 40 89 0 0 98 14 100 0 100 32 1 0 1 0 0 3 3 7 5 1 1 2 1 1 2 1 5 4 2 5 4 2 2 3 3 3 5 5 0 0 0 0 1
"328" 3 1 4 2 1 1 3 1 1 1 2 1 1 2 1 1 3 3 2 1 2 3 7 1 5 4 1 5 1 3 3 1 5 1 1 3 27 1 1 100 100 3 100 84 100 100 1 1 2 55 12 50 52 100 100 72 100 96 100 100 100 100 100 100 100 100 100 100 100 100 1 2 2 100 1 1 1 1 1 1 3 2 3 5 1 1 3 3 3 3 2 1 5 5 1 1 3 3 4 2 3 3 0 1 0 0 0
"329" 1 1 1 1 3 1 1 1 1 4 1 1 1 1 1 1 5 3 1 3 3 4 1 1 5 5 1 5 1 5 1 1 1 1 1 1 1 1 1 100 100 1 100 1 100 100 1 1 100 100 1 100 1 100 100 1 51 86 1 51 100 86 100 51 100 100 100 100 99 86 86 1 86 85 4 1 1 1 1 3 1 1 1 5 5 1 3 3 3 3 1 1 3 3 3 3 3 5 4 5 1 1 1 0 0 0 0
"330" 2 3 4 1 1 1 4 4 1 2 5 4 1 5 3 5 2 3 1 1 4 3 6 2 5 2 1 5 2 1 4 5 5 5 4 4 4 0 1 5 52 50 53 80 46 6 3 48 52 7 15 25 52 45 39 39 61 50 73 71 47 20 52 53 52 56 47 30 51 50 19 1 17 12 3 1 1 1 1 3 3 2 4 1 1 2 2 2 2 2 4 4 3 4 2 2 2 3 3 4 3 5 1 0 0 0 0
"331" 1 1 4 1 1 1 5 5 5 2 5 5 5 5 3 5 3 5 1 1 1 5 7 3 5 2 2 5 1 1 5 5 5 5 4 4 1 0 0 1 71 51 51 70 16 14 1 1 1 1 30 51 55 51 9 74 95 14 90 100 29 14 49 100 51 87 0 2 100 16 1 1 1 1 1 1 0 0 0 3 5 5 5 1 1 2 2 2 2 1 5 5 1 5 2 3 1 1 5 3 5 5 0 0 0 1 0
"332" 2 3 2 2 2 3 3 2 2 2 2 3 1 4 3 3 4 2 1 2 3 4 5 1 3 3 2 4 2 2 4 3 2 4 2 3 15 25 27 84 64 55 4 40 0 0 65 20 66 36 57 50 61 0 36 67 67 67 74 65 35 82 82 92 19 77 16 0 27 88 15 17 16 65 2 0 1 1 1 1 2 4 4 3 3 2 2 1 1 4 3 2 3 2 3 3 4 4 5 3 3 4 0 1 0 0 0
"333" 2 3 4 2 1 1 4 5 1 1 5 1 4 5 1 4 2 2 1 2 4 3 7 3 5 5 1 5 1 1 5 3 3 3 1 1 5 4 11 7 81 75 12 71 65 39 27 6 23 6 14 52 55 82 67 63 6 21 93 82 83 53 74 87 70 34 20 63 85 51 88 5 85 50 3 1 1 1 1 1 3 1 5 1 1 2 2 2 2 2 5 4 2 5 2 3 5 5 3 5 4 5 1 0 0 0 0
"334" 3 3 4 1 2 1 5 4 4 2 5 5 4 5 1 5 1 4 1 1 1 3 6 4 4 1 1 4 1 1 5 5 5 5 5 5 0 0 14 0 51 0 0 75 0 0 14 29 0 0 42 65 53 0 0 69 86 17 68 72 0 18 0 84 0 40 1 0 15 0 50 49 48 50 1 1 1 1 0 1 3 3 5 1 1 3 1 2 2 4 1 5 1 5 4 1 1 5 3 2 5 5 1 0 0 0 0
"335" 3 1 6 4 2 1 1 1 2 3 2 2 1 2 3 2 2 2 1 4 3 3 2 3 5 4 1 5 4 5 2 1 3 1 1 1 0 0 0 70 70 10 85 4 0 85 0 0 60 85 15 90 10 100 100 40 33 79 7 70 100 70 85 60 85 85 100 100 85 70 60 3 67 93 1 1 1 0 1 2 4 1 1 5 5 1 3 3 3 5 1 2 5 4 5 4 5 5 2 3 2 3 1 0 0 0 0
"336" 2 1 6 1 2 1 5 1 4 1 3 1 1 3 2 3 1 3 2 1 1 4 7 1 5 1 2 3 1 1 5 5 3 3 3 2 3 0 3 1 20 9 8 50 6 18 5 9 0 4 51 20 32 0 7 70 98 27 77 66 5 16 55 51 85 52 5 3 51 5 50 5 53 51 2 0 1 0 0 3 5 5 5 1 1 2 2 2 2 2 5 5 3 4 4 1 1 2 4 3 5 5 0 0 0 1 0
"337" 3 1 6 1 1 1 5 5 5 1 2 2 2 5 1 5 1 5 2 1 1 5 7 2 4 1 1 5 1 1 3 4 1 4 4 2 0 0 0 0 0 100 0 100 0 10 0 50 0 0 95 25 75 50 25 100 100 10 100 50 0 10 50 50 50 50 10 25 50 25 100 0 100 0 1 0 1 0 0 2 3 6 5 1 1 2 2 2 2 2 4 4 2 5 4 2 2 4 3 5 5 5 0 1 0 0 0
"338" 1 2 4 2 3 3 1 1 1 3 2 4 1 2 2 4 3 2 1 3 4 3 4 2 5 5 1 5 2 3 5 1 4 1 2 3 0 0 0 75 91 0 92 0 83 93 0 0 64 71 0 70 29 70 70 50 45 70 0 50 91 65 70 60 70 79 70 70 70 70 50 5 55 70 3 1 1 1 1 3 3 2 2 3 3 1 3 3 3 4 1 3 4 4 5 3 4 5 4 3 2 4 1 0 0 0 0
"339" 2 4 4 1 1 1 2 2 3 2 3 4 3 3 1 4 4 3 1 3 5 3 1 3 4 4 1 4 2 1 5 3 3 3 3 3 10 3 5 21 5 40 21 43 8 8 3 7 28 8 10 27 23 6 7 15 6 18 54 9 23 47 72 45 51 22 10 4 18 11 9 4 5 5 4 0 1 1 0 2 3 4 5 2 2 1 3 1 1 5 2 1 5 4 3 3 3 3 4 3 1 3 1 0 0 0 0
"340" 3 1 2 5 1 1 1 1 3 5 1 3 1 3 1 1 4 4 1 5 5 1 1 4 5 5 2 5 5 5 1 1 5 1 1 4 0 0 0 95 50 0 100 0 100 100 0 0 75 100 0 100 0 100 100 0 0 90 0 50 90 85 100 50 100 50 100 100 50 100 0 50 0 100 1 1 1 1 1 2 2 1 1 5 5 1 3 3 2 5 1 1 5 3 5 5 5 5 1 5 1 3 1 0 0 0 0
"341" 3 3 2 2 2 2 2 2 2 2 3 3 3 2 2 3 2 3 2 3 3 2 4 3 3 3 3 2 3 3 2 3 3 3 3 3 37 11 36 45 41 34 32 62 48 36 48 48 35 13 78 44 41 28 36 69 60 53 34 51 36 45 56 51 17 32 14 39 45 49 62 35 63 88 3 0 1 0 0 2 3 4 4 3 3 2 1 2 2 4 3 2 5 3 4 4 3 2 5 4 2 3 1 0 0 0 0
"342" 3 2 4 1 2 1 5 5 3 3 3 5 5 1 3 5 1 5 1 1 1 3 4 1 4 3 2 4 1 1 5 4 4 3 3 4 2 1 2 2 2 2 2 30 3 2 2 1 2 1 45 61 52 2 1 100 89 2 86 100 2 2 85 87 85 86 2 2 86 56 63 2 79 52 1 0 1 0 0 3 5 5 5 1 1 1 3 2 2 3 4 3 5 5 3 1 3 3 3 3 4 5 0 0 0 1 0
"343" 3 1 3 1 4 1 4 3 5 2 3 3 1 4 2 2 1 5 2 1 3 5 4 3 5 4 3 5 2 2 5 4 4 2 3 3 0 0 0 0 50 50 30 45 0 0 0 5 0 0 0 50 40 50 50 50 90 40 50 90 50 40 60 60 60 50 50 50 50 50 40 15 40 40 3 0 1 1 0 2 5 5 5 3 3 2 2 1 2 2 5 4 2 4 3 1 2 2 3 3 5 5 0 0 0 1 0
"344" 1 1 1 3 3 2 2 1 1 4 2 2 1 2 2 2 3 2 1 3 3 3 1 3 5 5 1 5 2 5 2 1 4 1 2 2 0 0 2 77 50 14 100 100 85 50 0 2 50 50 28 71 48 86 100 51 48 47 1 50 78 61 100 73 80 86 83 91 88 84 40 1 52 61 1 1 1 1 0 2 3 1 3 3 3 1 3 3 2 4 1 3 5 4 4 4 3 5 3 5 1 4 1 0 0 0 0
"345" 2 1 4 2 1 1 2 1 1 2 2 1 1 2 2 2 4 2 1 2 1 4 2 2 5 3 2 5 2 3 3 3 3 3 2 4 30 7 2 50 28 19 90 54 54 51 6 7 16 54 32 54 76 52 53 87 85 62 53 54 64 71 52 72 89 53 53 53 87 55 54 32 55 55 1 1 1 1 1 3 3 1 3 3 3 1 2 2 2 3 4 3 3 5 3 2 3 5 4 5 3 4 1 0 0 0 0
"346" 1 2 7 1 1 1 2 5 2 2 5 4 3 4 2 4 3 3 2 1 1 5 7 2 2 2 2 2 1 1 3 3 3 3 3 3 50 15 22 31 51 85 50 71 50 65 44 70 22 54 56 77 84 54 60 100 100 58 98 83 50 66 84 100 100 92 2 59 89 75 89 14 89 45 1 1 1 0 0 3 3 5 3 1 5 2 2 2 2 1 5 3 1 5 1 1 1 3 4 4 5 5 0 0 0 1 0
"347" 3 3 3 2 3 2 3 3 3 2 4 4 4 3 2 4 3 3 2 2 4 4 4 4 5 4 2 5 3 2 1 3 3 3 1 3 47 0 5 40 55 61 61 100 42 89 7 13 50 51 40 61 60 70 73 70 44 38 100 100 85 51 61 75 70 63 73 69 63 42 54 52 53 51 1 0 1 1 1 2 2 4 4 1 1 1 3 3 1 2 4 3 4 4 3 1 1 2 4 5 4 5 0 0 0 1 0
"348" 3 3 4 1 1 1 5 2 5 1 5 5 4 5 2 5 1 3 2 1 1 5 6 1 1 1 1 3 1 1 5 5 1 1 3 3 1 2 1 2 100 100 100 2 2 100 2 1 2 1 3 50 31 100 100 100 100 100 52 100 1 100 100 100 100 100 100 100 100 100 87 3 87 3 2 0 1 0 0 2 3 6 5 3 3 2 2 2 2 3 4 5 3 5 3 1 3 3 5 5 4 5 0 0 1 0 0
"349" 1 2 7 1 1 1 3 3 1 1 3 2 1 3 1 3 3 3 1 1 2 5 7 1 5 3 2 5 1 2 2 3 2 2 3 3 0 0 18 76 82 9 56 70 62 53 0 15 15 33 70 54 91 89 90 91 100 37 84 100 56 99 91 84 81 100 77 93 92 80 52 10 55 53 4 1 1 1 1 3 5 2 3 3 3 2 2 2 2 2 5 2 5 3 3 3 3 3 3 5 3 5 1 0 0 0 0
"350" 3 1 4 2 2 1 1 3 3 1 4 4 1 2 1 4 2 3 1 2 3 4 1 2 5 5 1 5 2 2 4 1 4 4 2 1 0 0 0 78 100 0 100 28 100 100 0 0 80 50 0 87 72 100 97 5 56 89 50 100 100 78 100 84 100 100 99 100 76 41 31 0 52 15 1 1 1 0 0 3 4 1 3 5 5 1 3 3 3 5 1 1 5 4 2 5 4 5 2 4 1 3 1 0 0 0 0
"351" 3 1 6 3 2 1 2 4 2 2 3 3 3 3 3 3 3 2 2 2 2 3 3 3 5 5 2 5 3 4 3 4 4 4 3 3 14 11 13 65 53 54 52 28 50 61 35 53 74 10 71 82 39 51 50 80 68 76 55 86 72 89 70 71 70 78 52 52 87 54 78 10 80 51 2 1 1 1 1 3 5 1 4 2 2 1 3 3 3 4 2 2 5 4 4 2 5 5 4 5 3 5 1 0 0 0 0
"352" 2 1 4 1 3 1 5 4 1 1 2 1 5 4 1 5 1 5 2 3 2 5 7 1 5 1 1 5 1 1 3 2 5 5 3 2 2 0 0 0 51 100 64 100 3 64 4 3 4 4 58 4 54 50 51 100 81 14 91 95 2 9 100 100 100 35 31 42 100 80 100 2 100 4 1 1 1 1 1 3 2 6 5 1 1 2 2 2 2 1 5 4 1 4 4 1 3 2 4 5 4 5 0 0 0 1 0
"353" 2 3 6 1 2 2 3 3 2 1 2 1 3 1 3 3 1 3 2 3 3 3 7 2 2 2 2 2 1 1 2 1 1 3 3 2 1 0 0 3 42 45 11 50 15 7 49 16 4 1 32 15 50 39 0 51 51 54 50 40 40 58 50 49 50 50 2 1 70 51 86 0 70 15 3 0 0 0 0 2 3 1 3 3 3 2 2 2 2 3 3 3 3 2 2 2 3 3 5 5 4 4 1 0 0 0 0
"354" 3 3 4 1 1 1 5 5 1 1 1 3 1 5 1 5 1 3 2 1 2 3 4 3 5 3 3 3 1 3 4 5 2 3 5 5 0 0 0 0 0 0 0 100 0 0 0 0 47 0 64 50 26 60 0 100 77 18 100 100 0 52 85 100 100 56 0 0 64 26 100 0 100 0 3 0 1 1 0 2 5 4 3 3 3 2 2 2 2 3 3 3 3 3 3 3 3 3 4 4 3 3 0 0 0 1 0
"355" 2 3 3 4 3 2 4 3 2 4 4 2 3 2 3 2 4 3 1 2 3 3 4 2 3 3 4 3 3 4 3 4 2 3 2 3 48 48 65 24 71 61 25 40 8 49 54 62 58 54 49 50 48 59 71 77 57 55 79 54 63 51 55 90 61 51 63 45 54 50 63 51 62 54 3 0 0 0 0 3 3 4 3 2 4 2 2 3 2 3 2 3 3 4 3 3 3 2 2 3 3 3 0 0 0 1 0
"356" 2 1 4 4 3 3 1 4 2 3 1 1 2 1 2 3 3 5 2 3 3 3 4 3 5 5 1 5 3 3 4 1 1 5 3 2 3 0 0 28 40 50 51 9 51 11 0 9 14 19 16 4 31 50 50 40 41 50 9 48 30 51 51 51 51 50 49 51 50 49 51 0 51 18 3 1 1 1 1 2 3 3 5 5 5 1 3 2 2 3 3 2 4 3 3 2 3 4 4 4 3 4 0 0 0 1 0
"357" 3 1 4 3 3 2 3 1 3 2 3 2 3 3 3 3 2 3 1 2 2 4 4 4 5 4 2 5 3 4 3 3 3 3 3 4 0 0 0 65 100 0 100 48 88 50 0 0 2 0 0 56 10 90 85 0 50 27 39 76 100 50 84 71 80 90 75 81 85 66 50 50 50 50 3 0 1 1 0 2 4 2 4 3 3 2 2 2 2 2 4 3 3 3 3 3 3 5 4 5 4 4 0 0 1 0 0
"358" 2 1 5 3 1 1 2 3 3 2 2 2 1 2 3 2 2 3 2 1 1 4 3 3 5 4 2 5 3 4 4 2 3 1 2 2 0 0 0 79 84 64 72 63 96 81 0 22 78 54 34 87 67 94 91 78 74 91 29 90 82 81 90 83 92 85 85 92 89 91 80 34 89 79 2 1 1 1 1 2 3 3 4 4 4 1 3 3 2 5 2 2 5 3 3 3 4 5 2 5 2 3 0 1 0 0 0
"359" 3 1 7 1 1 1 5 2 1 2 3 4 2 2 1 4 1 4 1 4 5 1 3 4 5 2 4 5 1 2 5 3 1 5 4 4 0 2 5 0 29 0 0 1 0 1 0 0 16 0 0 22 67 30 49 31 7 12 54 85 83 82 26 29 8 10 1 10 74 39 100 53 100 4 1 0 1 1 0 1 3 5 5 2 2 2 1 2 1 1 5 5 1 5 2 2 1 1 2 3 5 5 0 0 0 1 0
"360" 3 2 7 1 1 1 2 2 2 1 2 3 2 3 1 2 2 4 1 2 4 3 4 3 3 3 2 2 2 1 5 4 4 3 2 3 36 12 5 54 17 32 28 47 10 73 55 36 35 17 50 70 10 73 68 62 65 20 55 45 50 27 75 66 77 84 62 32 57 78 16 12 5 21 3 0 0 1 1 2 2 7 3 5 5 3 1 2 1 2 4 3 2 3 4 2 3 1 3 2 1 3 0 0 0 0 1
"361" 2 2 4 3 1 1 3 5 2 3 4 5 2 3 3 5 5 3 2 3 3 4 7 2 2 5 1 5 3 3 1 3 3 3 3 4 3 7 0 14 0 15 22 41 1 7 0 25 9 0 3 3 21 26 12 16 75 3 3 1 64 0 3 39 70 15 1 2 0 6 0 0 0 0 4 1 1 0 1 2 5 6 5 1 3 1 3 3 2 3 1 2 3 3 4 3 4 4 5 1 2 3 0 0 0 1 0
"362" 3 1 4 1 1 1 4 4 3 1 4 4 1 4 1 5 1 5 3 1 3 4 7 2 3 1 1 4 1 1 5 3 3 3 5 3 0 0 0 0 0 71 0 71 0 41 0 56 0 0 100 79 47 0 16 100 100 0 95 74 62 0 30 84 44 6 0 0 92 0 79 0 80 0 1 1 1 1 1 2 4 5 5 1 1 3 1 2 2 1 5 5 1 5 3 2 3 2 3 3 5 5 0 0 0 1 0
"363" 1 1 1 1 3 1 1 2 1 2 1 2 1 2 1 1 4 1 2 2 1 5 7 2 1 1 3 2 1 1 1 5 5 5 1 2 75 80 85 76 79 80 67 71 87 84 82 69 82 82 63 87 76 66 81 70 65 84 69 84 67 83 78 86 82 64 81 81 88 83 52 55 41 87 1 0 0 0 0 1 1 7 1 1 1 2 1 2 2 2 2 1 2 2 1 2 2 2 2 2 1 1 0 1 0 0 0
"364" 3 4 4 4 1 1 2 3 2 4 2 3 3 3 2 3 3 3 1 3 4 3 1 5 5 5 3 5 3 5 3 3 3 2 3 3 50 1 0 93 49 3 91 100 54 0 1 3 46 0 6 50 52 51 1 1 48 54 97 54 100 52 100 56 100 93 49 50 95 99 50 53 47 54 1 0 1 1 1 1 5 1 5 1 1 2 2 2 2 3 2 2 4 4 5 1 3 5 2 5 3 5 1 0 0 0 0
"365" 3 1 1 3 1 1 1 1 1 3 1 3 1 1 1 3 5 4 1 5 5 1 1 5 5 5 1 5 5 5 1 4 5 1 2 4 0 0 0 100 100 0 100 0 100 100 0 0 100 100 0 50 0 100 100 0 0 50 0 50 100 50 100 0 50 50 100 100 0 0 0 50 0 100 1 0 1 1 1 2 5 1 1 5 5 1 3 3 2 5 1 1 5 2 3 3 3 4 4 3 1 2 1 0 0 0 0
"366" 3 1 2 2 1 1 1 1 2 1 1 4 1 1 1 2 3 1 3 2 2 4 1 1 1 5 1 1 2 2 2 1 3 2 2 3 21 11 34 97 44 54 40 75 15 33 67 75 50 44 85 81 64 6 73 49 61 71 69 72 60 89 31 27 7 53 81 34 85 55 42 63 47 46 1 0 0 0 0 3 4 4 5 1 1 1 3 2 1 3 3 2 2 5 2 1 3 3 2 3 3 1 0 1 0 0 0
"367" 3 1 2 2 1 1 1 1 1 1 1 2 1 1 3 1 3 2 1 1 3 4 6 3 5 5 3 5 1 4 4 1 5 1 1 2 51 2 3 63 65 38 87 23 81 71 0 3 89 55 42 75 47 62 54 36 66 76 3 44 84 72 57 55 53 57 52 51 57 61 56 21 61 61 2 0 1 1 1 1 4 1 5 4 4 1 3 3 2 5 4 2 4 2 4 2 5 5 3 5 3 4 1 0 0 0 0
"368" 3 1 7 1 1 1 5 5 1 1 5 5 1 3 5 5 3 3 3 2 2 1 7 1 5 1 5 5 1 1 5 3 3 3 5 5 2 0 0 0 4 10 0 100 0 0 12 100 86 4 100 100 0 0 0 100 31 7 100 100 0 100 31 90 9 49 0 0 29 4 51 39 54 50 5 0 1 0 0 1 5 7 5 1 1 3 1 1 1 1 5 5 1 3 5 1 1 1 2 5 5 5 0 0 0 0 1
"369" 1 1 4 1 1 1 5 4 3 1 3 2 3 4 1 3 1 5 2 3 3 5 7 2 2 2 2 2 1 1 5 4 2 4 3 2 0 0 0 0 0 100 100 100 0 50 0 0 0 0 81 0 0 53 6 100 72 0 100 100 0 0 76 89 100 91 0 0 100 51 100 0 100 40 2 0 1 1 1 2 2 6 5 1 1 2 3 3 2 2 4 3 2 4 3 3 2 2 3 4 5 5 0 0 0 1 0
"370" 2 2 2 2 2 2 2 2 2 2 2 2 2 1 3 1 2 2 1 2 2 2 6 2 2 2 2 1 2 2 2 2 2 2 2 2 60 56 50 65 61 62 59 82 68 59 66 72 77 59 61 56 62 58 75 73 48 60 75 85 53 70 67 96 77 83 80 62 78 55 74 58 73 53 2 1 1 1 1 1 2 7 2 2 2 2 1 1 2 1 2 3 2 3 2 2 2 2 2 2 2 2 0 0 0 1 0
"371" 1 1 4 1 3 1 3 1 1 1 1 3 1 1 3 3 4 3 2 1 1 5 7 1 5 1 1 5 1 1 3 1 1 1 3 3 10 2 1 1 50 100 100 0 50 32 1 84 50 1 51 52 62 50 50 50 100 49 1 100 100 100 50 51 85 88 52 50 84 85 70 1 86 86 1 1 1 1 1 3 1 1 3 3 3 2 2 3 2 1 5 3 1 5 1 1 1 2 2 3 4 5 1 0 0 0 0
"372" 3 1 2 5 3 3 2 1 1 5 2 3 1 3 5 2 3 3 1 5 5 1 1 5 5 5 3 5 4 5 1 1 5 1 2 2 0 0 0 60 50 0 75 0 70 80 0 0 60 55 2 80 12 50 60 30 5 70 5 50 65 50 50 50 70 50 65 65 50 50 50 15 70 70 2 1 1 0 0 3 5 1 3 3 3 2 2 2 2 4 1 3 5 1 5 5 5 5 1 5 3 3 1 0 0 0 0
"373" 2 1 4 1 1 1 1 1 1 1 1 1 1 1 1 2 5 4 1 1 1 5 7 3 5 2 1 5 1 1 4 1 1 4 2 1 15 40 15 70 90 15 86 57 70 89 28 50 28 51 50 72 53 84 73 72 76 49 49 83 74 51 52 71 50 80 53 72 90 50 86 8 86 15 1 1 1 1 1 1 1 1 5 3 3 1 2 2 2 2 4 4 1 2 2 3 2 3 4 5 2 3 1 0 0 0 0
"374" 3 3 4 3 2 1 2 3 3 3 4 4 3 4 4 4 3 2 1 1 3 3 6 4 5 4 1 2 1 1 5 4 3 2 3 4 4 0 1 51 18 85 50 54 84 50 1 1 51 50 73 82 52 72 85 94 77 72 51 71 62 53 81 92 54 50 71 85 71 52 61 40 61 65 1 1 1 1 1 3 2 6 3 4 3 1 2 2 2 1 3 2 2 5 3 1 4 4 3 5 3 2 0 0 0 1 0
"375" 3 3 6 1 2 1 2 2 3 2 4 3 3 4 4 3 4 3 2 1 2 4 6 4 4 5 2 5 1 1 3 3 3 3 2 2 0 0 0 50 10 50 25 35 50 10 0 25 50 0 50 50 30 50 25 100 85 50 50 75 25 50 75 85 65 65 25 30 75 50 50 25 25 50 2 0 1 1 1 2 3 5 5 1 1 3 1 2 2 1 5 5 2 4 3 2 3 3 3 3 4 5 0 0 0 1 0
"376" 2 3 4 3 2 2 3 3 2 2 4 3 2 3 2 3 4 4 2 2 3 2 5 1 5 5 4 5 2 2 2 3 3 3 3 3 22 25 19 66 42 54 53 43 66 42 18 20 38 51 52 63 53 79 68 81 58 56 23 52 61 86 62 53 74 80 54 74 78 75 66 17 62 61 1 1 1 1 1 3 4 4 4 2 2 1 2 3 2 5 3 3 5 5 5 1 2 3 4 5 1 3 0 0 0 1 0
"377" 2 2 2 2 2 2 2 2 3 3 2 1 2 5 2 5 1 2 2 2 2 5 1 3 2 3 2 2 1 1 2 3 3 3 5 1 65 86 75 71 98 78 31 84 78 50 73 84 7 77 99 75 84 87 7 100 80 83 17 50 55 86 7 82 81 95 44 84 45 53 80 62 97 90 2 0 0 1 0 2 1 1 3 3 3 3 3 3 3 3 2 3 3 5 3 5 5 3 2 2 3 3 0 0 1 0 0
"378" 2 2 3 3 2 2 1 2 2 2 3 3 2 3 2 3 3 3 1 2 3 4 1 2 5 5 1 5 2 3 3 1 4 1 3 2 1 2 5 51 50 50 51 16 50 48 3 6 50 50 14 60 52 74 50 77 50 84 19 74 87 60 76 73 73 76 50 50 74 76 74 0 78 87 2 0 0 1 1 3 2 2 4 2 2 1 3 2 2 5 1 1 5 5 4 2 4 5 1 5 2 4 1 0 0 0 0
"379" 3 4 4 4 3 3 2 4 4 3 5 3 2 4 3 3 2 3 1 2 2 3 2 3 5 3 2 5 3 4 2 3 4 4 3 4 30 1 1 62 85 66 69 48 69 67 1 9 59 1 19 60 77 85 83 42 80 50 30 74 64 49 81 76 94 84 78 77 83 73 67 16 69 76 2 1 0 1 1 2 3 3 4 4 4 1 3 3 2 4 2 3 4 4 4 3 4 5 4 5 3 5 1 0 0 0 0
"380" 2 2 4 1 1 1 5 3 3 1 1 2 3 3 1 5 1 5 1 1 1 5 6 1 5 3 4 4 1 1 3 2 1 3 3 3 1 1 1 1 50 50 51 1 1 51 1 40 1 1 50 1 50 50 50 50 86 1 50 100 1 1 100 50 100 100 50 50 100 50 100 1 50 50 1 1 1 0 0 3 1 5 1 1 3 2 2 2 2 3 3 3 3 4 3 3 1 3 3 4 3 5 0 0 0 1 0
"381" 2 2 2 3 3 2 1 2 2 3 1 3 1 2 2 3 2 2 1 3 3 2 2 4 5 4 2 5 4 5 3 1 4 1 3 2 11 0 0 76 80 55 86 85 76 77 4 21 50 79 11 72 43 76 50 50 65 87 20 76 85 74 78 69 76 94 75 72 73 72 58 6 76 65 1 1 1 1 0 3 1 2 3 4 3 1 3 3 2 4 2 3 4 4 3 3 3 3 2 3 4 4 0 1 0 0 0
"382" 2 4 4 1 1 1 5 2 4 1 3 2 3 4 1 4 1 5 2 1 2 5 7 1 3 3 2 1 1 1 5 3 1 5 3 3 0 0 0 0 41 100 0 71 0 9 0 98 13 0 69 50 41 6 0 100 90 6 75 100 21 7 84 85 45 81 0 0 93 3 79 0 86 11 2 0 0 1 1 3 4 7 5 1 1 3 1 2 2 1 5 5 1 5 3 1 2 1 5 4 4 5 0 0 0 1 0
"383" 3 5 4 1 1 1 2 1 1 1 4 3 3 2 4 4 1 4 2 5 5 1 1 4 5 4 2 1 1 1 5 5 1 4 2 1 28 71 44 10 9 95 13 93 10 31 41 55 25 34 40 75 19 9 9 92 7 14 95 31 58 19 41 69 45 14 7 5 60 53 82 51 57 53 1 0 1 1 1 2 5 7 5 1 1 2 3 3 1 3 5 4 2 5 2 1 2 1 1 5 1 1 0 0 0 0 1
"384" 2 1 3 1 1 1 5 3 5 1 4 4 1 5 1 4 1 5 2 2 2 4 5 2 4 2 1 4 1 1 5 5 3 5 4 3 1 1 1 1 50 50 1 70 15 1 1 50 1 1 50 35 50 50 10 85 50 10 15 50 1 20 50 50 50 50 5 5 50 50 50 1 50 15 1 0 1 0 0 1 5 6 5 1 1 2 2 2 2 2 4 4 3 2 4 3 2 4 2 3 5 5 0 0 0 1 0
"385" 3 3 7 3 1 1 2 5 2 2 1 3 3 4 1 1 3 3 3 3 3 3 4 4 3 3 1 3 3 2 3 2 4 2 4 5 42 5 22 90 7 51 49 47 6 37 19 82 35 53 57 89 81 0 0 59 60 64 35 73 43 92 95 74 100 85 0 0 41 100 0 23 39 86 4 1 1 0 1 3 2 3 5 1 1 1 2 2 3 2 1 2 4 4 2 2 3 2 3 5 3 5 0 1 0 0 0
"386" 2 2 4 2 2 2 3 2 2 2 3 2 2 4 2 3 1 5 2 1 2 4 5 2 5 5 1 3 2 2 2 3 1 1 4 2 0 0 0 60 0 68 28 50 0 41 0 47 1 0 77 50 45 31 46 71 70 47 50 85 0 47 90 85 77 88 29 31 89 50 90 25 90 29 2 1 1 1 1 3 3 7 5 1 1 2 2 2 2 2 2 4 3 5 3 3 2 2 3 3 3 5 0 0 0 0 1
"387" 3 1 6 1 1 1 5 2 2 1 3 2 2 3 1 4 1 5 1 2 4 5 7 1 5 2 1 5 1 2 4 3 1 5 3 1 0 0 0 0 0 95 0 50 0 1 0 0 0 0 98 0 50 50 0 99 50 0 90 100 0 0 100 70 100 100 0 0 99 50 100 0 100 0 1 1 1 1 1 3 5 4 5 1 1 2 1 1 2 1 2 3 2 5 3 1 1 1 1 5 5 5 0 1 0 0 0
"388" 3 3 4 1 1 1 1 1 4 1 3 1 1 3 3 1 2 3 1 1 2 5 6 3 5 4 3 5 2 1 4 3 4 2 3 4 5 0 0 45 52 51 48 50 50 100 0 0 0 0 0 66 54 49 51 67 64 30 50 100 70 51 100 100 50 100 50 52 100 72 50 0 50 50 2 1 1 1 1 3 3 3 4 1 3 2 2 2 2 2 3 3 3 2 4 4 3 4 4 3 2 4 0 0 0 1 0
"389" 1 1 2 3 2 2 3 3 1 2 3 3 2 3 3 3 3 2 1 2 3 4 5 2 5 5 1 5 2 2 3 3 3 3 3 3 40 6 19 70 65 57 68 6 66 71 14 11 40 18 60 58 46 63 70 69 62 63 9 68 64 75 74 72 63 61 62 60 61 62 55 57 58 54 3 1 1 1 1 3 4 1 3 3 3 2 3 2 2 3 3 3 3 5 3 3 4 5 4 5 3 3 1 0 0 0 0
"390" 3 3 7 1 1 1 2 2 2 1 3 2 3 3 3 3 3 3 2 1 2 4 4 4 5 3 2 5 1 4 4 3 5 3 2 1 50 0 0 60 50 50 50 50 50 50 0 70 50 0 40 85 0 95 95 85 95 90 0 90 50 50 95 95 95 85 85 95 85 95 50 0 50 50 1 1 1 1 1 3 3 4 5 1 1 2 2 2 2 3 3 3 3 5 3 2 3 5 4 5 2 2 0 1 0 0 0
"391" 3 3 4 2 1 1 1 1 2 1 3 2 1 3 1 3 3 2 1 2 3 4 7 2 5 1 1 1 3 5 2 3 3 3 4 4 56 0 55 50 0 31 100 72 49 72 35 55 73 20 78 74 69 41 49 62 87 85 58 56 100 93 83 54 90 50 41 54 53 53 51 56 53 53 1 1 1 1 1 3 3 1 5 5 5 1 3 2 1 1 4 2 2 5 2 1 2 5 5 5 1 1 1 0 0 0 0
"392" 1 1 4 1 4 2 2 1 1 3 1 3 1 1 3 4 2 3 1 1 1 4 2 2 5 2 1 5 1 1 5 1 2 1 3 3 1 0 0 62 95 4 95 2 29 93 1 0 30 1 0 63 61 100 56 62 72 91 0 96 100 74 94 73 89 83 69 51 96 61 93 0 100 57 2 1 1 1 1 3 1 1 5 1 1 1 3 3 3 3 2 5 4 4 4 4 2 4 4 1 4 5 1 0 0 0 0
"393" 3 1 7 1 1 1 4 3 2 2 4 1 3 3 1 3 1 5 2 2 3 5 7 3 4 1 1 5 1 1 5 4 3 3 3 2 46 51 49 15 48 43 45 59 2 47 51 44 39 2 74 34 49 35 0 75 68 5 69 87 49 50 47 51 50 48 0 0 50 50 48 27 50 47 1 0 0 1 0 3 5 4 5 1 1 2 2 2 2 1 5 5 1 5 2 1 1 1 4 4 2 5 0 0 0 1 0
"394" 2 2 4 1 1 1 5 5 3 1 4 4 2 4 1 5 1 5 1 1 2 5 7 2 5 4 2 5 1 1 5 2 2 3 3 1 0 0 0 0 50 50 50 50 50 50 0 0 0 0 50 14 50 50 50 50 90 0 70 50 50 15 50 50 50 50 50 50 50 50 50 0 50 50 1 0 1 0 0 2 3 4 5 5 5 3 1 1 3 1 5 3 5 5 3 1 3 5 4 4 3 5 0 0 1 0 0
"395" 3 1 4 4 2 3 2 2 2 4 4 5 1 2 3 4 2 2 1 1 2 3 2 4 5 4 3 5 2 5 1 1 2 1 3 4 0 0 0 69 100 13 93 7 94 89 0 0 76 64 0 79 53 100 83 41 72 89 18 65 93 89 84 74 75 79 92 92 79 67 61 14 75 63 2 1 1 0 0 1 1 1 1 4 4 1 3 3 1 5 2 2 4 1 5 5 4 3 3 4 2 3 1 0 0 0 0
"396" 3 1 7 4 2 1 3 2 1 1 3 4 2 3 2 4 4 3 3 2 2 5 7 2 5 5 1 5 1 1 5 5 5 3 3 3 0 0 0 100 0 0 50 100 100 100 0 50 50 0 100 100 50 50 100 100 100 100 100 100 100 50 100 50 50 50 50 100 50 50 100 0 50 0 2 1 1 1 1 3 5 1 5 3 3 1 3 1 1 5 1 1 5 5 3 1 3 1 4 3 1 3 1 0 0 0 0
"397" 3 1 3 5 1 3 5 2 1 1 2 2 1 2 2 1 2 1 2 1 2 4 3 1 4 4 1 5 1 1 3 1 1 1 1 2 0 0 35 49 8 95 100 18 100 100 0 100 100 86 100 100 100 100 100 100 92 100 1 2 100 100 93 85 100 93 72 73 100 59 13 21 12 48 1 1 1 1 1 3 1 1 1 2 2 2 2 2 2 2 3 3 2 1 1 1 1 5 1 4 2 2 1 0 0 0 0
"398" 2 1 7 5 1 1 1 5 5 1 5 5 5 5 5 5 3 5 2 1 1 5 1 1 5 1 1 1 3 5 1 3 3 3 1 1 68 0 3 0 42 10 0 22 0 0 0 0 0 11 24 0 32 0 0 59 17 19 36 34 26 31 20 52 51 44 0 1 0 21 0 0 0 0 1 1 1 1 1 1 1 7 5 1 1 3 1 3 1 1 1 1 1 3 5 1 5 3 5 5 5 5 0 0 0 0 1
"399" 3 1 2 1 3 2 4 4 4 1 1 3 1 2 2 3 2 4 2 2 2 4 2 2 5 5 1 4 1 2 5 1 2 1 3 4 2 0 0 32 18 50 87 62 61 34 10 9 29 10 49 39 54 70 51 88 86 16 62 84 17 64 80 73 94 72 54 51 51 43 40 7 41 61 1 1 1 0 0 2 4 3 4 2 2 2 3 3 3 3 2 4 4 5 3 2 2 3 1 5 2 5 0 1 0 0 0
"400" 3 2 3 3 1 1 2 1 2 4 3 2 1 3 3 2 3 3 1 3 4 3 2 4 5 4 2 5 3 5 2 1 3 1 2 3 0 0 0 50 50 0 50 11 73 50 0 0 43 26 10 80 25 50 50 14 18 43 0 40 50 50 50 50 50 50 50 50 50 19 30 0 50 50 1 1 1 0 1 2 3 2 1 5 5 1 3 3 2 5 1 1 5 1 5 5 5 5 3 3 2 2 1 0 0 0 0
"401" 3 2 4 3 1 1 1 5 3 1 3 4 3 3 2 3 4 4 2 4 5 3 5 2 5 2 3 2 1 3 3 3 3 3 1 2 0 0 0 51 51 71 0 50 29 51 0 51 51 28 53 51 15 50 41 50 29 14 49 50 51 50 62 0 52 85 13 30 50 52 51 39 50 50 3 1 1 1 1 3 3 7 5 2 2 1 2 3 3 4 2 1 5 2 2 3 3 4 4 5 3 5 0 0 0 0 1
"402" 2 3 4 3 3 3 3 3 3 3 3 3 3 3 3 3 4 3 2 3 3 3 1 3 3 3 5 3 3 3 3 3 3 3 3 3 14 50 11 14 16 13 12 52 51 52 42 11 11 16 9 13 52 49 5 19 12 12 12 52 9 57 51 9 58 51 13 52 53 42 11 14 11 14 1 1 1 1 1 1 3 1 3 2 2 2 1 2 2 3 3 3 3 3 3 3 3 3 4 4 3 3 0 0 0 0 1
"403" 2 1 3 2 1 2 3 2 1 1 3 2 1 3 1 2 3 3 2 3 4 4 4 3 4 2 1 1 2 2 4 3 2 2 3 2 11 0 0 30 0 49 83 47 51 49 0 53 46 21 72 83 60 30 20 100 50 70 17 50 87 55 84 75 75 78 3 16 86 71 70 18 71 70 3 0 1 1 0 2 3 3 5 1 1 1 3 2 2 4 2 2 4 5 2 1 2 3 4 4 3 4 0 1 0 0 0
"404" 2 4 7 1 1 1 5 4 5 1 4 4 1 4 1 4 1 5 1 1 1 5 7 1 3 3 1 5 1 1 3 3 1 5 4 4 0 0 0 0 50 50 50 50 0 0 0 0 0 0 50 0 50 50 0 50 100 0 50 50 50 0 50 50 50 50 0 0 50 50 50 0 50 0 1 1 1 1 0 3 3 4 5 1 1 2 2 2 2 1 5 5 1 5 3 2 3 4 5 5 5 5 0 1 0 0 0
"405" 2 3 6 1 2 1 5 4 3 1 4 4 2 5 2 4 1 5 1 1 2 5 7 1 2 1 2 5 1 1 5 5 4 5 4 3 0 0 0 0 8 43 49 2 0 0 0 0 0 0 51 0 61 3 0 78 92 0 63 85 81 0 85 85 85 87 0 0 85 50 55 0 64 1 1 1 1 1 0 3 5 2 5 1 1 2 2 2 2 1 5 5 2 4 2 2 3 3 5 5 5 5 1 0 0 0 0
"406" 3 2 4 1 1 1 3 2 1 1 3 3 1 5 1 4 1 5 2 3 4 4 4 2 4 3 1 3 1 1 4 5 2 5 4 4 0 0 0 0 50 51 40 100 0 17 0 32 0 0 51 36 31 50 23 45 50 50 31 87 0 31 50 50 50 52 0 0 50 40 51 0 51 18 1 0 1 1 0 2 4 6 5 1 1 2 2 2 2 3 4 3 3 3 4 3 2 3 3 3 5 5 0 0 0 1 0
"407" 3 1 4 1 1 2 3 1 1 1 3 1 1 2 1 1 1 5 2 1 4 5 7 2 4 1 1 2 1 1 5 5 5 1 1 1 1 1 0 3 5 100 7 100 3 53 3 9 2 5 86 100 43 14 3 100 100 6 100 100 3 7 100 21 84 100 5 3 92 54 100 1 100 100 1 1 1 1 0 3 3 6 5 1 1 2 2 2 3 2 2 4 4 5 2 2 2 4 1 5 1 3 0 0 0 1 0
"408" 2 4 4 2 2 2 3 4 3 3 4 4 4 5 3 3 3 2 1 3 3 2 7 4 5 4 3 3 2 2 4 4 4 4 2 2 66 1 64 71 51 57 72 27 51 68 1 33 52 53 17 72 76 0 38 87 70 75 68 90 68 80 84 60 79 77 0 0 66 79 2 65 13 59 3 0 1 1 1 2 2 6 2 3 2 1 3 2 2 3 2 2 3 4 2 2 2 3 2 5 3 4 0 0 0 1 0
"409" 2 3 7 1 1 1 3 3 5 1 5 1 1 5 2 3 2 5 2 5 3 3 1 1 3 5 1 2 1 1 5 5 3 5 5 2 0 0 0 0 53 92 0 2 53 0 0 0 0 0 27 55 67 52 51 89 1 79 99 92 0 4 17 89 85 94 53 52 83 0 53 0 49 0 3 0 0 0 0 2 5 6 5 1 1 2 2 2 2 1 5 5 1 3 5 3 2 1 4 1 5 5 0 0 0 1 0
"410" 1 1 1 3 3 1 3 1 2 4 1 4 1 3 3 3 3 1 1 5 5 2 2 4 5 3 1 5 3 5 2 1 5 1 1 2 0 0 0 85 100 0 100 85 100 100 0 0 70 70 0 85 15 100 100 15 15 70 0 60 100 100 100 60 100 100 100 100 100 100 0 0 60 100 1 1 1 1 1 3 3 1 1 5 5 1 3 3 2 5 1 1 5 5 5 3 5 5 1 5 1 1 1 0 0 0 0
"411" 2 1 4 1 1 1 2 2 1 1 2 1 1 1 1 1 1 3 3 1 4 4 1 2 5 2 1 5 1 2 5 2 2 1 2 1 16 2 1 96 14 83 99 51 86 52 14 52 50 50 48 52 52 53 90 100 70 53 5 48 100 52 99 52 60 83 18 53 97 52 86 3 96 85 2 1 1 1 1 3 3 4 5 1 1 1 3 1 1 5 1 1 5 5 1 1 5 5 1 5 1 5 0 0 0 1 0
"412" 3 3 4 3 2 1 3 3 3 3 3 2 2 4 3 5 3 3 2 2 3 3 3 4 2 5 1 4 3 4 2 3 5 1 2 5 49 63 40 50 58 70 68 31 4 32 31 11 62 52 53 69 57 0 0 61 59 58 51 64 52 61 55 58 68 61 11 8 51 59 16 50 2 54 3 1 1 1 1 2 3 6 5 1 1 1 3 2 2 3 2 2 4 4 2 1 5 2 2 3 1 3 0 1 0 0 0
"413" 2 1 4 1 1 1 2 2 2 1 4 5 1 5 1 5 1 4 1 3 4 3 4 2 5 2 3 2 2 2 3 5 5 5 4 4 2 1 1 1 45 89 5 71 1 2 2 3 2 1 16 33 5 3 2 74 61 74 100 64 4 100 100 70 60 72 1 2 2 1 1 4 3 1 1 1 1 1 1 3 3 5 5 1 1 1 3 2 1 5 1 2 4 4 5 5 2 1 3 2 2 2 0 0 0 1 0
"414" 3 4 4 2 1 1 1 4 1 1 4 4 2 4 2 4 2 3 1 2 3 3 5 2 5 5 2 4 2 2 4 5 5 5 4 4 50 4 20 9 50 50 66 24 50 50 30 34 50 50 52 82 49 75 72 90 59 63 50 50 61 56 76 71 82 65 65 65 64 59 20 50 19 24 3 0 1 1 1 3 3 7 3 4 4 2 1 2 2 3 5 5 5 4 4 3 3 3 4 5 2 3 0 0 0 0 1
"415" 2 2 4 3 1 1 2 2 1 1 4 3 2 3 1 3 4 4 2 2 4 4 5 2 4 2 1 4 3 4 3 3 3 3 2 3 43 15 16 54 50 55 40 45 56 37 17 42 45 20 29 26 49 62 79 50 37 43 41 58 51 53 87 54 68 57 53 53 31 55 54 52 54 53 2 1 1 1 1 2 3 3 5 1 1 1 3 2 2 3 4 1 4 5 2 1 2 3 4 3 1 5 0 0 0 1 0
"416" 2 3 4 2 2 2 4 1 2 2 3 3 2 3 4 3 3 3 2 3 3 3 4 3 5 4 1 5 2 3 4 3 3 3 2 3 7 1 2 80 44 3 50 6 50 82 6 20 14 10 9 50 45 60 66 11 8 30 12 21 47 46 94 4 94 50 60 76 55 65 50 50 50 60 2 1 0 1 1 3 3 1 3 3 3 1 3 2 2 5 3 1 5 3 3 3 3 3 2 5 2 2 1 0 0 0 0
"417" 1 4 4 3 2 1 2 2 2 2 3 3 2 4 2 3 2 2 3 3 3 5 7 4 5 5 1 5 2 4 3 4 3 3 2 2 13 0 0 100 0 100 97 43 44 91 0 42 23 19 100 87 30 46 54 100 83 88 17 85 95 90 100 63 70 82 37 55 90 65 69 31 72 50 5 1 1 1 1 2 4 1 5 5 5 1 3 2 2 5 1 1 4 4 2 1 3 3 5 5 1 5 1 0 0 0 0
"418" 3 2 7 2 1 1 1 1 2 1 1 1 2 2 2 2 1 4 1 1 1 5 7 4 4 2 2 3 1 2 4 2 2 2 4 4 14 4 4 90 86 95 50 71 42 31 17 32 48 8 86 90 91 19 25 91 88 89 97 87 73 90 91 99 100 88 26 24 99 86 96 64 92 73 2 0 1 0 0 3 4 6 5 4 4 1 2 2 1 2 2 2 2 4 2 2 3 4 3 5 4 4 0 0 0 1 0
"419" 3 1 4 1 1 1 2 1 1 2 2 4 1 1 1 4 5 4 1 1 4 3 7 2 5 1 1 5 2 1 5 5 5 5 1 1 7 0 0 3 0 8 0 10 0 36 0 0 53 1 0 41 12 31 0 0 65 19 0 31 77 85 2 19 86 54 4 8 6 0 0 0 0 0 1 1 1 1 1 3 5 1 5 1 1 1 2 2 2 1 1 5 3 5 1 1 2 5 5 5 1 3 1 0 0 0 0
"420" 3 3 3 1 1 1 1 1 1 1 1 1 1 1 1 1 2 2 3 2 3 3 4 2 2 2 2 2 3 3 3 3 3 3 1 3 42 12 54 72 15 52 35 100 14 11 8 42 89 29 7 97 52 16 4 51 30 88 4 100 88 66 99 52 51 68 17 5 53 100 88 79 81 80 2 1 1 1 1 3 3 5 3 5 5 2 2 2 2 3 3 3 3 3 3 2 3 3 4 4 3 3 0 0 0 1 0
"421" 1 1 7 1 1 1 4 1 1 1 3 1 1 3 1 1 3 3 2 3 5 3 1 2 5 5 1 5 1 1 5 5 1 3 3 2 5 0 0 52 0 54 52 54 52 50 0 52 51 0 52 55 99 53 53 51 0 54 51 51 55 53 51 50 52 51 54 51 51 52 100 52 53 52 1 1 1 1 0 2 5 5 5 1 1 1 2 3 1 3 3 3 3 5 1 2 3 5 4 5 1 5 0 0 1 0 0
"422" 1 2 1 1 1 1 1 4 1 1 5 1 1 5 1 5 2 4 3 1 4 1 2 3 5 5 1 5 1 1 5 5 1 5 3 5 0 0 0 60 50 100 85 15 0 0 0 50 100 70 100 100 25 0 0 100 60 100 0 85 100 100 85 90 75 79 0 0 100 30 100 50 100 50 1 0 1 1 1 3 5 1 5 1 5 1 3 1 2 5 1 1 5 5 5 1 2 1 3 3 1 4 1 0 0 0 0
"423" 2 2 4 2 3 2 5 3 3 2 3 2 2 3 2 4 2 4 1 2 4 4 7 3 5 2 2 5 2 2 4 2 2 3 3 3 15 0 0 51 51 50 49 50 50 30 0 13 15 15 29 50 30 50 50 49 60 50 50 49 52 49 49 50 51 50 14 15 50 50 50 16 48 15 2 1 1 1 1 2 3 2 4 2 2 2 2 2 2 4 2 2 4 4 3 2 3 4 5 5 3 4 1 0 0 0 0
"424" 1 1 1 3 3 1 1 1 1 3 3 2 1 3 2 2 3 3 1 5 5 3 1 4 5 5 1 5 1 5 1 1 3 1 1 2 0 0 0 100 50 0 100 0 100 75 0 0 45 50 0 91 0 63 59 47 0 50 0 50 100 100 100 38 60 97 69 51 50 50 50 0 50 55 3 1 1 1 1 1 5 1 1 2 2 1 3 2 2 5 1 1 5 4 3 3 4 5 2 5 1 3 1 0 0 0 0
"425" 3 1 1 4 3 3 1 1 1 3 2 2 1 2 2 2 3 3 1 4 4 3 1 4 5 5 1 5 5 5 2 3 4 1 1 2 0 0 0 95 100 1 100 0 100 84 0 0 100 84 0 85 1 94 100 50 40 50 0 50 84 94 100 51 100 100 99 100 91 100 6 3 7 29 2 1 1 1 1 3 3 1 3 4 4 1 3 3 3 4 2 2 4 3 4 3 4 3 1 5 2 3 1 0 0 0 0
"426" 3 1 3 2 2 3 1 1 1 3 2 1 1 2 3 2 3 2 2 2 4 2 3 4 5 5 1 5 5 5 1 2 4 1 1 2 0 0 0 100 75 11 100 99 98 94 0 0 100 15 2 100 17 100 100 80 52 66 0 66 100 91 100 69 100 97 100 100 100 100 20 20 76 73 1 1 1 1 1 3 3 1 2 5 5 1 3 3 3 5 2 2 5 4 4 4 5 5 2 5 2 2 1 0 0 0 0
"427" 2 2 4 1 2 1 2 1 3 3 3 2 2 2 2 2 3 3 2 3 3 3 7 3 5 4 4 5 1 1 5 5 5 5 3 3 3 5 4 6 50 3 4 51 51 50 2 50 51 3 6 51 51 49 50 50 50 53 99 51 97 49 50 50 50 52 50 50 50 50 13 50 50 50 3 0 0 0 0 2 3 1 5 3 3 2 2 2 2 3 3 3 5 3 3 3 3 3 3 5 3 3 1 0 0 0 0
"428" 3 1 3 1 2 1 5 1 4 1 3 4 2 5 1 5 2 5 2 1 2 4 6 2 5 2 1 1 2 1 5 5 4 4 4 3 30 15 30 6 40 90 6 80 0 15 40 50 15 0 70 55 60 70 35 95 75 30 75 80 0 40 70 85 85 79 15 20 65 80 70 0 70 50 1 0 1 0 0 2 3 6 5 1 1 2 2 2 1 1 4 5 2 5 2 1 2 2 5 3 5 5 0 0 1 0 0
"429" 3 1 4 1 2 1 5 2 1 1 5 5 2 5 1 5 1 5 2 1 1 4 6 2 5 1 5 5 1 1 3 5 5 3 5 5 0 0 0 0 50 70 0 100 0 0 0 15 0 0 50 0 50 50 0 100 100 0 70 100 0 0 50 70 50 50 0 0 50 0 50 0 50 0 1 0 1 0 0 2 5 6 5 1 1 2 2 2 2 1 5 5 2 5 3 2 1 5 5 4 5 5 0 0 0 0 1
"430" 2 2 3 2 1 1 2 1 2 1 2 3 2 1 1 2 3 3 2 2 3 4 7 2 4 4 3 5 3 2 3 3 4 3 3 3 37 7 36 67 46 45 61 54 69 38 38 69 74 66 58 53 48 75 78 60 57 58 47 68 45 25 80 67 64 64 75 57 40 64 3 23 5 24 2 0 1 0 1 3 3 1 3 3 3 2 2 2 2 3 3 4 3 4 3 3 3 3 4 2 3 3 1 0 0 0 0
"431" 2 1 4 1 1 1 1 2 2 2 3 4 3 4 1 3 3 3 2 1 2 3 2 3 1 5 2 3 3 3 3 3 3 3 5 5 51 26 48 69 50 60 51 50 24 34 52 70 50 37 60 50 67 30 23 71 53 50 50 53 54 51 68 70 55 50 38 24 70 74 53 41 51 50 3 1 0 0 0 2 3 4 5 2 2 2 2 2 2 2 2 3 2 5 1 1 3 3 1 5 3 2 0 0 0 1 0
"432" 3 2 4 2 2 1 1 1 1 2 2 2 2 1 2 2 3 3 2 3 3 3 6 4 4 5 2 1 4 3 3 1 4 1 3 2 46 16 33 61 65 1 100 72 100 100 0 0 48 43 1 100 3 100 100 1 57 100 1 78 25 24 86 22 88 90 85 100 83 58 3 44 2 87 1 1 1 0 1 3 4 2 1 1 5 2 2 2 2 3 1 1 5 5 1 5 3 5 5 3 2 1 1 0 0 0 0
"433" 1 2 7 1 1 1 1 2 1 1 2 2 2 2 1 2 2 2 1 4 3 3 4 2 5 3 1 3 1 1 3 1 4 1 2 3 0 0 0 0 0 15 28 0 0 0 0 0 0 49 15 82 15 57 61 61 33 29 47 62 41 90 61 61 69 61 61 61 61 61 16 0 11 8 3 1 1 1 1 3 3 4 5 1 1 1 3 3 2 2 2 4 2 5 2 2 2 5 1 5 2 3 0 0 0 1 0
"434" 3 3 4 1 1 1 2 1 3 2 5 5 4 4 1 5 1 5 1 1 2 5 7 1 1 1 1 5 1 1 5 5 5 5 5 5 27 0 0 0 82 0 83 6 0 13 0 22 4 0 15 63 61 33 0 97 95 95 30 84 100 69 1 98 15 79 0 0 3 62 0 8 0 54 1 0 0 1 0 2 5 1 5 1 1 3 1 2 2 1 5 5 1 5 4 1 4 2 5 4 5 5 1 0 0 0 0
"435" 1 1 3 1 1 1 1 1 1 1 1 1 1 1 2 1 2 2 1 1 2 4 2 2 2 5 2 2 2 4 2 2 1 3 3 3 72 56 53 64 66 66 59 41 67 57 70 69 59 56 60 66 61 60 70 100 72 68 58 63 60 55 62 64 53 62 4 8 62 73 71 76 74 76 2 1 1 1 1 3 1 3 5 2 1 2 2 2 2 1 2 2 2 4 2 2 2 2 5 3 2 2 0 0 0 0 1
"436" 3 1 2 5 1 1 1 1 1 4 1 1 1 4 1 2 4 3 1 5 5 1 1 5 5 5 2 5 5 5 1 2 5 1 2 2 0 0 0 100 100 0 100 0 100 92 0 0 100 100 0 100 0 100 100 23 0 87 0 72 100 70 100 32 100 100 100 100 100 99 1 41 8 85 1 1 1 1 1 3 5 1 1 5 5 1 3 3 3 5 1 1 5 5 5 3 5 5 1 5 1 2 1 0 0 0 0
"437" 2 2 6 3 1 2 3 3 4 3 3 4 3 3 4 4 3 2 2 1 2 3 3 4 2 3 2 4 3 4 2 5 5 1 4 5 49 50 13 53 52 49 50 70 10 5 91 50 50 48 89 67 64 8 6 77 86 79 63 84 27 96 84 91 78 64 11 15 70 85 35 36 40 61 3 1 1 0 0 3 3 3 5 5 2 2 2 2 2 2 5 4 2 3 4 2 2 4 3 3 3 3 0 0 0 1 0
"438" 3 4 4 2 2 1 3 3 1 3 5 3 5 5 2 5 3 4 3 3 4 3 7 2 4 3 3 3 2 1 5 3 3 3 4 4 10 15 6 15 20 71 11 89 9 10 18 55 4 9 85 28 16 10 5 82 21 18 82 69 96 50 23 49 14 42 9 8 53 31 23 15 34 25 1 1 1 0 1 2 3 6 5 1 1 2 2 2 2 3 4 3 3 3 4 3 3 2 4 2 5 5 0 0 0 1 0
"439" 3 3 3 3 4 3 3 4 3 3 4 3 4 4 3 4 3 3 1 1 5 3 3 3 3 1 1 4 3 2 4 3 3 2 3 3 9 5 11 15 43 51 16 53 53 52 14 50 53 12 7 18 11 51 51 84 90 14 16 51 49 61 86 87 31 88 17 40 93 55 13 12 8 15 3 1 1 1 1 3 3 3 3 1 2 2 2 2 2 1 4 4 2 5 1 1 3 2 2 5 5 5 0 0 1 0 0
"440" 3 3 3 3 2 2 2 1 2 2 3 2 2 3 2 2 1 4 3 4 4 3 4 3 3 5 1 1 2 3 2 2 3 3 3 4 10 0 0 50 50 85 0 30 30 40 0 45 50 20 40 50 20 50 50 95 50 50 5 50 0 40 50 50 50 50 50 50 50 50 50 15 50 50 1 1 1 1 1 3 3 6 5 1 1 1 3 3 3 4 2 2 4 5 5 4 3 4 3 3 4 5 0 0 1 0 0
"441" 1 2 7 1 1 1 1 2 1 1 2 3 1 2 1 3 3 2 1 1 2 3 1 3 1 1 1 1 3 1 3 4 2 3 3 4 9 28 32 13 14 51 52 29 8 43 32 17 51 51 51 73 84 16 4 72 100 74 69 76 98 86 51 88 43 43 4 4 100 41 100 16 100 32 3 0 0 0 0 2 3 6 5 1 1 2 2 2 2 2 3 4 2 4 2 1 3 2 2 3 2 1 0 0 0 1 0
"442" 3 2 6 1 3 1 3 3 3 1 2 2 2 3 1 2 1 4 2 3 3 5 4 1 5 1 1 5 1 1 5 2 2 2 4 2 2 1 2 3 43 57 64 88 74 64 8 9 9 3 84 9 37 73 11 84 71 15 61 87 41 19 87 88 89 71 21 29 69 9 85 2 84 26 1 1 1 1 0 2 3 3 5 1 1 3 1 2 2 3 4 5 2 4 4 2 2 4 2 5 3 5 0 0 1 0 0
"443" 1 1 3 2 2 1 1 1 4 1 4 1 1 3 2 3 4 3 2 3 1 3 7 1 2 2 2 2 3 2 1 3 3 3 1 2 37 52 45 28 61 72 27 19 24 55 76 27 38 18 90 58 77 29 14 35 92 46 48 65 46 85 77 77 100 7 12 35 36 37 76 55 29 24 1 0 0 0 0 2 2 5 2 2 4 2 2 2 2 5 3 2 3 3 3 3 3 4 5 1 2 2 0 0 0 1 0
"444" 3 1 4 1 3 1 5 5 5 1 3 5 1 3 1 5 1 1 2 3 1 5 7 1 1 1 1 5 1 1 5 1 3 5 5 3 0 0 50 0 0 50 50 100 50 0 50 50 0 0 86 0 0 50 50 100 70 0 100 100 50 0 50 86 85 85 50 50 85 0 85 0 86 0 1 0 1 0 0 1 3 5 5 1 1 3 1 1 3 1 5 5 1 5 3 1 1 1 4 4 5 5 0 1 0 0 0
"445" 3 1 7 5 1 1 1 1 1 1 1 1 5 1 1 1 3 5 2 5 5 5 7 1 5 5 1 5 1 1 5 5 5 5 1 1 100 100 100 99 100 99 100 100 100 100 99 99 100 100 100 100 100 96 100 98 100 97 98 99 100 100 99 100 100 100 100 99 98 99 97 99 98 98 5 0 0 0 0 2 5 1 3 3 3 2 2 2 2 3 3 3 3 3 3 3 3 3 4 4 1 1 1 0 0 0 0
"446" 2 1 6 3 2 1 1 1 2 1 4 2 1 4 2 3 3 2 1 1 2 3 4 1 2 2 1 4 2 2 3 3 3 2 2 4 38 45 41 59 76 49 47 55 23 100 83 36 67 35 99 88 56 13 13 92 100 89 50 96 61 93 87 100 90 76 13 4 99 51 73 8 75 49 1 1 1 1 1 1 3 4 5 3 3 1 3 2 2 2 5 4 1 4 2 1 4 2 3 3 3 2 0 1 0 0 0
"447" 3 4 4 4 3 3 4 3 3 2 4 4 4 4 4 4 2 3 1 1 2 3 2 4 4 5 2 5 3 5 2 3 3 3 4 4 20 0 1 53 41 49 51 40 50 50 1 9 41 50 40 46 30 50 50 84 71 38 47 60 48 41 50 50 50 50 50 50 50 50 50 50 50 50 2 0 1 1 1 1 3 3 3 4 4 1 3 3 2 4 1 2 5 2 4 5 5 5 2 5 3 3 0 1 0 0 0
"448" 1 2 4 2 1 1 1 1 2 2 2 3 2 3 1 3 2 4 3 2 3 4 6 3 3 5 1 2 1 1 3 3 2 3 3 3 0 0 0 99 0 100 100 53 0 83 0 100 53 0 100 100 53 0 0 100 99 96 100 100 0 100 100 100 100 99 0 0 100 31 100 0 100 32 1 0 0 0 0 2 1 7 5 1 1 2 2 2 2 4 4 4 4 4 2 2 2 4 3 5 5 2 0 0 0 0 1
"449" 3 1 4 1 1 1 5 2 3 1 1 1 1 1 1 4 1 5 2 1 1 5 7 1 5 2 1 5 1 1 5 3 1 3 5 3 1 0 0 0 0 96 100 89 43 4 1 53 0 0 88 30 100 89 17 100 100 17 71 98 11 17 99 100 86 99 0 7 96 85 98 0 100 39 1 1 1 1 0 2 1 4 5 1 1 2 1 2 2 2 5 3 3 5 3 3 2 3 2 5 5 5 0 1 0 0 0
"450" 2 2 5 2 2 2 1 1 1 2 2 3 1 2 2 3 2 2 1 3 4 4 4 4 5 4 1 5 2 4 3 1 3 2 2 2 0 0 0 50 50 0 100 30 50 50 0 0 50 50 0 40 15 85 50 40 31 85 0 85 70 61 71 86 85 85 50 50 86 86 84 0 86 86 2 1 1 1 1 3 3 1 3 3 3 1 3 3 1 4 1 2 5 5 5 5 5 5 2 5 3 4 1 0 0 0 0
"451" 1 3 4 3 3 2 3 2 3 3 3 3 3 2 3 3 2 3 1 3 3 3 3 3 4 3 3 5 2 4 3 2 4 2 3 3 15 20 15 49 50 40 30 50 50 50 15 30 50 50 30 60 40 50 50 50 50 60 40 50 60 60 50 50 50 50 50 50 50 50 40 30 50 50 3 1 1 1 1 3 3 2 3 3 3 1 3 2 2 3 3 3 4 3 3 3 3 3 3 3 3 4 1 0 0 0 0
"452" 1 2 5 2 1 1 2 1 2 2 4 3 2 3 1 3 3 4 1 2 2 3 4 4 5 4 2 5 4 4 2 3 3 3 3 3 22 23 12 56 56 54 57 61 86 79 17 32 54 50 52 65 56 75 78 100 79 86 52 93 73 85 90 100 86 81 63 66 75 81 72 17 67 58 3 1 1 1 1 3 5 3 3 3 3 1 3 3 1 4 2 2 5 2 3 4 3 5 3 5 4 4 1 0 0 0 0
"453" 1 1 1 1 1 1 3 4 3 3 5 1 1 5 1 1 3 2 2 3 3 5 4 1 1 3 1 3 1 1 3 5 5 5 1 1 6 4 4 100 54 54 56 57 53 100 3 65 100 53 54 56 55 3 4 54 88 83 54 67 55 100 100 87 100 100 3 3 100 100 54 54 53 55 1 1 1 1 1 1 2 4 5 2 2 2 2 1 2 2 2 3 3 3 3 2 3 3 5 5 4 5 0 1 0 0 0
"454" 1 1 3 2 1 2 2 1 2 2 2 2 2 2 1 2 2 1 1 1 2 4 7 1 2 2 2 2 2 2 2 2 2 2 1 2 74 33 30 40 54 22 67 43 25 46 62 62 23 33 11 39 75 3 31 82 27 45 86 78 33 48 90 94 59 25 31 53 95 89 32 64 49 58 1 0 0 0 1 1 2 7 4 3 4 2 3 2 2 1 2 2 2 2 2 1 2 1 4 2 3 3 0 0 0 0 1
"455" 1 1 4 1 1 1 5 1 2 2 1 1 1 2 1 5 1 5 3 1 3 3 5 1 5 2 2 4 1 2 1 3 1 2 4 2 2 2 3 1 3 40 50 100 3 3 2 51 2 51 86 3 31 1 3 89 72 2 99 93 2 1 88 87 86 60 2 3 84 41 97 2 89 22 1 1 1 0 0 3 3 6 5 1 1 2 2 1 2 2 3 2 2 5 2 1 2 3 3 3 3 5 0 0 0 1 0
"456" 1 1 7 2 1 1 1 2 1 2 3 3 1 3 1 3 3 2 2 2 3 3 4 3 3 2 1 5 1 1 5 2 2 3 4 4 50 0 50 86 50 30 86 15 100 50 51 15 43 49 50 49 30 100 100 100 71 51 0 100 100 86 100 100 100 100 100 100 71 49 61 49 50 50 2 1 1 1 1 3 3 2 1 5 5 2 2 2 2 2 2 4 2 3 3 3 5 5 3 5 2 3 0 1 0 0 0
"457" 3 2 7 1 1 1 5 1 1 1 5 3 2 5 1 2 4 3 1 1 2 5 7 2 2 2 2 2 1 1 5 5 5 5 2 2 0 0 0 0 75 50 50 50 100 50 0 0 5 0 0 75 50 100 75 0 50 25 75 50 100 50 50 75 75 75 50 0 75 50 0 0 0 0 3 1 1 1 1 3 3 3 5 1 1 2 2 2 2 1 5 5 2 5 3 2 4 3 5 3 5 4 1 0 0 0 0
"458" 3 4 4 1 2 1 3 5 5 2 3 4 2 4 2 3 3 3 2 2 3 3 6 4 5 3 4 4 1 1 4 3 3 3 4 5 0 0 0 0 0 75 25 30 50 50 0 50 0 0 50 50 50 50 0 50 75 50 50 50 0 50 50 50 50 50 0 0 75 50 80 70 25 75 2 1 0 1 1 3 1 5 5 5 1 2 2 2 2 2 4 4 4 4 2 2 3 3 4 4 4 5 0 0 0 1 0
"459" 2 1 4 1 1 1 1 1 3 3 1 1 1 2 2 5 2 1 1 1 1 5 3 4 4 2 3 5 1 2 4 2 1 3 4 5 0 1 0 80 77 85 81 40 65 60 93 62 86 5 100 91 92 69 69 100 95 86 93 92 82 100 100 100 100 86 60 73 100 71 100 0 100 30 1 1 1 1 1 3 3 2 3 3 3 2 2 2 2 2 3 3 3 2 2 1 2 2 5 5 2 2 0 1 0 0 0
"460" 3 3 3 1 1 1 4 4 3 1 4 5 4 4 2 4 1 5 1 2 4 4 7 3 4 4 2 4 1 1 5 5 5 5 5 5 25 0 30 0 41 70 93 88 0 13 42 14 7 0 49 73 22 8 1 73 50 9 100 73 4 0 44 100 30 47 2 0 21 20 18 11 21 11 2 0 1 0 0 3 3 6 5 1 1 3 1 1 3 1 5 5 1 4 4 2 1 1 3 3 5 5 0 0 0 1 0
"461" 2 5 4 3 1 2 1 1 2 2 2 2 3 1 1 2 3 3 1 2 3 4 5 4 5 5 1 5 5 1 2 1 5 1 2 4 0 0 0 85 55 0 0 0 87 95 0 0 0 0 0 64 32 100 54 52 45 52 0 53 100 0 54 52 52 53 95 91 53 54 53 53 53 67 5 1 0 1 1 2 3 1 3 5 5 1 3 2 2 3 3 1 5 3 3 3 3 3 1 2 1 3 1 0 0 0 0
"462" 3 1 4 1 1 1 5 3 1 1 5 3 1 4 1 5 1 5 1 1 1 5 7 1 5 1 1 5 1 1 2 3 1 3 5 1 0 0 0 0 51 50 52 93 30 50 0 0 0 0 60 39 87 85 49 60 98 15 85 93 55 30 84 75 86 74 16 15 86 31 85 0 83 0 1 1 0 1 0 3 3 4 5 1 1 3 1 1 2 3 5 5 3 4 4 2 3 2 5 5 5 3 0 1 0 0 0
"463" 2 2 4 2 2 2 2 2 2 2 2 3 2 2 2 3 3 3 2 3 3 3 6 3 3 3 2 2 3 3 3 3 3 3 4 3 74 68 54 89 71 68 45 52 35 74 73 53 61 53 68 62 66 58 40 66 60 46 63 67 66 50 42 37 60 64 70 60 47 16 54 50 54 54 3 1 1 1 0 3 3 5 5 5 5 2 2 2 2 3 2 2 5 4 2 2 4 4 4 5 2 2 0 0 0 1 0
"464" 3 3 4 1 2 1 3 3 2 2 3 3 2 3 4 3 3 2 1 2 2 3 4 3 1 3 1 4 1 1 2 2 2 2 2 3 20 0 15 51 5 73 30 70 7 71 49 76 77 30 90 58 60 4 10 90 77 59 42 73 81 70 93 50 29 49 4 11 21 42 50 24 50 18 3 1 1 1 1 3 2 6 5 4 4 1 2 2 2 2 2 1 4 4 3 3 2 4 2 4 2 2 0 0 0 1 0
"465" 3 3 5 1 1 1 3 2 1 1 2 1 3 2 1 3 4 4 1 2 3 2 6 3 5 4 2 1 3 4 2 3 5 2 2 3 4 1 3 17 31 5 6 14 4 14 4 12 17 18 28 41 8 39 25 75 50 17 26 28 84 6 27 26 80 66 5 6 95 56 2 11 1 87 2 1 1 1 0 2 4 3 5 4 4 1 3 3 3 3 2 3 4 3 2 3 4 4 4 4 3 5 1 0 0 0 0
"466" 3 1 4 2 1 1 5 1 2 1 3 2 4 3 2 2 1 3 1 2 3 4 5 2 5 5 2 5 2 2 3 4 4 4 3 4 0 0 0 62 89 13 80 64 75 93 0 0 43 1 27 62 39 74 73 46 65 18 62 83 93 30 85 61 91 93 74 86 75 78 70 0 76 71 1 1 1 1 1 3 3 1 4 4 4 1 3 2 2 4 1 4 4 5 5 1 4 5 2 5 2 5 1 0 0 0 0
"467" 3 4 7 3 2 2 2 1 1 3 3 2 3 2 3 2 2 3 1 3 3 3 4 3 4 5 1 5 3 4 2 3 3 1 1 2 0 0 0 100 50 1 100 4 99 87 0 3 61 0 1 97 2 100 100 14 7 3 0 12 100 52 51 51 54 51 100 100 100 52 49 0 51 53 2 1 1 1 1 3 3 1 3 5 5 1 3 3 3 5 1 1 5 4 3 3 5 5 4 3 3 4 1 0 0 0 0
"468" 3 4 5 2 2 2 3 2 2 2 3 2 2 3 2 3 2 4 2 4 1 3 2 3 5 3 1 3 2 3 3 2 2 2 3 2 0 0 0 0 40 70 0 0 0 50 0 0 40 0 70 60 40 0 0 80 80 85 0 50 0 60 50 50 80 45 0 0 80 40 80 0 80 40 2 1 1 1 1 3 3 6 5 2 2 2 2 2 2 2 4 3 2 3 3 2 4 2 3 3 2 4 0 1 0 0 0
"469" 3 3 4 1 1 1 5 3 1 1 2 1 1 3 1 1 3 3 2 3 3 3 4 3 3 3 3 3 3 4 3 3 3 3 3 3 58 73 57 53 67 65 56 60 63 64 55 55 41 53 54 59 51 58 48 66 45 59 43 62 67 59 46 44 48 76 46 56 56 57 58 62 57 52 3 0 0 0 0 1 3 6 5 3 5 2 2 2 2 2 3 3 3 3 3 3 3 3 4 4 3 3 0 0 0 1 0
"470" 3 3 4 3 3 1 2 3 1 2 5 5 3 5 5 5 3 3 1 3 4 3 4 4 5 3 5 5 4 2 5 2 5 2 2 2 0 0 0 82 100 0 60 85 100 63 0 0 50 0 0 50 20 100 100 0 50 34 45 85 65 50 94 17 99 51 100 100 50 50 0 0 50 50 1 1 1 1 1 3 5 2 1 5 5 1 1 3 2 3 1 1 5 5 5 5 5 5 5 2 1 2 0 1 0 0 0
"471" 3 2 2 3 1 1 1 2 1 2 1 3 1 4 1 1 4 3 2 3 3 4 1 2 3 2 1 5 3 2 1 4 3 3 2 3 49 30 13 74 0 69 72 66 64 27 70 0 56 35 100 70 96 0 0 100 70 95 58 65 100 70 93 94 87 64 0 0 60 32 100 71 100 55 2 0 1 1 1 2 2 7 3 5 3 2 1 2 2 3 1 2 3 3 1 1 2 3 1 1 3 1 0 0 0 0 1
"472" 3 3 4 3 5 2 5 5 4 4 1 5 5 5 5 4 3 4 1 3 4 3 1 3 5 5 3 5 2 2 4 5 5 1 3 3 7 5 4 4 87 15 51 53 100 65 4 8 98 55 1 55 1 99 100 38 58 2 55 55 25 53 78 58 100 100 100 100 52 50 5 5 6 56 1 1 1 1 0 2 5 2 3 3 3 2 3 2 1 3 1 2 4 2 2 1 1 3 3 3 3 3 1 0 0 0 0
"473" 1 1 2 4 2 1 1 2 2 2 1 2 2 1 2 3 3 2 2 2 3 4 1 3 4 4 3 5 3 2 3 1 1 2 2 2 7 60 8 59 16 76 58 55 76 43 26 31 67 70 41 57 62 30 31 60 66 51 69 61 51 80 45 88 58 45 35 26 94 29 85 7 91 22 1 1 1 1 1 3 3 5 5 2 2 2 2 2 2 3 1 1 2 4 2 1 2 2 1 1 1 1 0 1 0 0 0
"474" 1 1 7 2 1 1 1 1 3 1 1 2 2 1 2 1 2 2 1 1 1 5 7 2 2 1 1 1 5 1 2 2 2 1 5 4 71 85 47 66 86 71 52 78 60 51 57 81 56 67 74 63 66 65 47 52 46 84 59 92 72 63 71 82 72 71 85 56 75 86 93 72 100 14 1 1 1 0 0 3 2 6 1 3 2 2 1 1 1 1 2 2 3 1 2 1 1 1 1 2 1 1 0 1 0 0 0
"475" 2 2 4 3 3 2 2 3 1 3 2 2 2 2 3 2 3 3 2 2 3 3 2 4 4 5 1 4 3 4 2 1 3 1 2 2 2 0 0 75 16 21 33 22 42 53 0 2 54 54 5 75 55 32 43 53 41 75 0 63 0 79 75 31 74 53 55 64 44 54 44 43 50 52 3 1 1 1 1 3 3 5 4 3 3 1 3 3 3 3 2 1 3 5 2 1 3 3 2 5 1 3 0 0 0 1 0
"476" 2 1 4 3 3 3 1 1 1 2 2 3 3 1 5 2 3 2 1 1 1 5 5 3 5 2 1 5 2 2 3 1 2 1 2 3 3 0 0 50 50 14 71 78 69 50 0 0 50 0 0 60 31 50 50 50 100 87 21 30 85 86 51 51 51 51 50 50 50 51 71 3 71 51 2 1 1 1 0 3 3 2 3 3 4 1 3 3 2 4 2 3 4 4 2 3 4 3 5 3 3 4 1 0 0 0 0
"477" 1 1 7 2 1 2 1 1 1 1 1 2 1 1 1 2 1 1 2 1 1 5 7 2 1 2 2 1 1 2 1 1 1 5 2 3 51 100 56 70 65 51 71 30 18 39 62 57 41 52 50 51 68 47 41 48 48 31 55 62 18 61 28 55 38 76 59 79 45 28 92 13 100 12 1 0 1 1 1 3 5 7 1 3 2 2 1 1 2 4 3 2 1 1 3 2 2 5 1 3 3 2 1 0 0 0 0
"478" 2 3 4 3 2 3 4 2 1 2 2 2 1 2 1 2 3 3 1 4 4 3 4 4 5 3 1 5 3 3 4 1 2 1 3 3 82 0 0 15 50 50 50 50 100 50 0 100 100 50 50 50 0 100 50 40 40 50 51 100 100 100 100 100 100 100 50 50 100 100 50 30 70 70 1 1 1 1 1 3 3 4 3 3 3 3 2 2 2 3 2 2 4 3 3 3 3 3 3 5 3 3 1 0 0 0 0
"479" 3 3 3 3 1 2 4 2 2 1 4 4 2 4 3 4 3 4 1 2 3 3 7 2 3 2 2 4 2 1 3 3 3 4 4 4 22 5 45 19 19 54 13 9 10 2 9 12 21 17 17 65 22 11 7 7 40 26 42 43 40 74 51 22 50 64 5 15 10 19 8 16 5 7 2 1 1 1 1 3 3 1 5 1 1 1 2 2 1 2 2 4 1 5 2 1 4 2 3 4 3 2 1 0 0 0 0
"480" 2 2 2 2 3 2 1 4 4 4 4 5 5 4 4 3 2 4 1 4 3 3 2 4 5 5 2 5 5 5 1 4 4 2 1 4 0 0 0 91 0 12 27 2 50 40 0 1 47 46 31 50 22 56 51 51 36 80 0 85 55 57 79 36 71 81 50 50 79 57 40 23 50 80 1 1 1 1 1 2 4 2 3 3 3 1 3 3 1 5 1 3 5 3 4 3 2 5 2 4 1 4 1 0 0 0 0
"481" 3 5 4 3 2 3 3 2 2 2 5 3 3 3 3 3 3 3 1 2 2 3 7 4 4 3 1 4 2 2 4 2 3 2 3 3 74 10 12 15 86 28 18 64 88 41 49 39 27 6 38 29 13 79 91 7 72 42 29 79 42 57 29 99 11 37 72 89 13 20 17 13 17 31 4 1 0 1 1 2 3 3 3 3 2 2 2 2 2 3 3 3 3 3 3 3 3 3 4 4 3 3 0 1 0 0 0
"482" 3 3 4 3 3 1 4 3 3 3 4 4 4 4 4 5 1 5 2 4 4 3 7 1 5 3 3 5 1 2 3 2 3 2 3 3 1 1 1 30 1 30 15 60 1 30 1 1 1 1 1 85 30 1 1 75 60 60 1 60 1 31 60 85 70 61 1 1 70 70 30 1 40 40 2 1 1 1 1 3 5 5 5 1 1 3 3 3 2 2 5 3 3 5 3 2 2 5 2 5 2 5 0 0 0 1 0
"483" 3 2 3 1 1 2 2 5 2 2 3 4 1 4 2 3 4 2 2 2 3 3 1 2 3 4 1 4 2 2 2 3 2 4 3 3 50 51 50 51 71 50 49 63 46 50 90 50 71 51 95 51 53 31 42 95 86 66 61 85 76 51 75 95 70 68 30 46 56 72 90 45 96 54 3 0 1 1 0 2 4 3 5 4 1 1 3 2 2 4 1 2 4 3 2 2 2 1 2 5 3 3 0 1 0 0 0
"484" 2 2 2 1 1 1 1 1 1 1 2 1 1 2 1 5 2 3 1 3 3 4 1 3 4 5 2 5 2 5 4 4 5 3 2 2 4 1 4 83 100 4 100 8 91 98 3 5 76 40 4 83 53 96 89 53 61 89 4 79 100 79 87 2 97 93 83 96 82 78 33 1 41 72 1 1 1 1 1 3 3 1 4 3 3 1 3 3 3 4 2 2 5 5 5 3 5 5 1 5 1 1 1 0 0 0 0
"485" 2 2 2 2 2 1 1 1 1 1 3 1 1 3 1 1 2 3 1 2 2 3 3 4 5 4 1 5 1 1 3 2 2 2 1 1 0 0 0 82 52 25 80 17 90 81 0 0 21 72 19 97 51 91 93 89 90 83 7 85 86 79 91 98 80 89 80 95 80 91 57 13 80 57 2 1 1 1 1 3 2 2 5 4 4 1 2 3 2 2 2 2 4 4 2 4 2 4 2 4 3 3 1 0 0 0 0
"486" 3 2 7 3 3 2 3 4 3 2 4 4 3 4 2 4 1 4 1 1 1 3 5 3 4 4 2 5 2 1 3 3 3 3 4 4 7 4 6 13 50 50 50 11 29 13 2 4 19 1 20 60 6 50 50 41 50 50 50 50 50 56 50 50 50 50 50 50 50 50 50 50 50 50 2 1 1 1 1 3 3 4 5 1 1 3 1 2 2 1 5 5 3 4 3 3 5 5 3 5 4 5 0 0 1 0 0
"487" 2 2 5 3 5 5 3 2 4 4 4 3 2 2 3 3 2 4 1 3 4 3 4 2 5 5 2 5 3 5 1 1 3 4 3 3 0 0 0 70 100 40 50 39 50 60 0 0 50 40 0 85 50 100 50 50 40 90 0 100 61 70 100 100 100 100 50 50 50 50 70 0 70 60 2 1 1 0 0 1 2 1 5 2 5 1 3 2 2 4 1 1 5 4 5 5 4 5 1 4 3 4 1 0 0 0 0
"488" 2 1 2 3 3 2 2 1 2 3 2 1 1 2 5 1 3 1 1 3 4 2 3 4 5 5 1 5 4 5 3 1 5 2 2 1 2 0 0 100 100 100 100 43 100 100 0 2 100 0 6 100 2 100 100 51 63 52 0 100 100 100 100 51 100 100 100 100 100 100 63 31 61 86 1 1 1 1 1 3 3 2 4 3 3 1 3 3 3 5 1 1 5 3 5 2 5 5 1 5 1 4 1 0 0 0 0
"489" 3 2 2 3 3 2 1 1 1 4 2 3 1 2 3 3 3 2 1 4 4 3 1 3 5 5 1 5 3 5 2 1 5 1 2 3 0 0 0 85 85 0 90 0 90 100 0 0 50 50 0 85 50 90 85 0 15 85 0 15 90 50 85 45 85 85 85 85 85 85 5 0 40 70 2 1 1 0 1 3 3 1 1 5 5 1 3 3 2 5 1 1 5 3 5 3 5 5 1 5 2 3 1 0 0 0 0
"490" 3 1 4 1 2 2 5 5 1 3 5 5 1 5 1 5 1 4 2 3 3 4 4 3 5 3 4 5 1 1 5 5 5 5 5 5 1 50 6 2 36 48 52 50 2 2 48 48 0 1 31 50 5 35 4 51 51 48 51 100 39 4 50 100 45 44 0 4 51 39 49 50 50 51 1 0 1 1 0 2 3 3 5 5 1 3 1 2 2 2 5 5 3 5 5 2 2 3 5 5 5 5 1 0 0 0 0
"491" 3 3 5 1 3 2 3 1 3 2 2 1 2 2 1 2 1 5 3 2 3 5 5 2 4 2 1 1 1 2 4 2 2 4 5 1 3 6 4 7 52 100 100 48 49 52 16 54 15 0 85 52 47 49 51 100 82 50 51 85 23 42 100 89 100 100 36 53 97 54 100 1 100 20 4 1 1 0 1 2 2 7 5 2 2 1 2 2 2 2 3 4 2 5 3 3 3 3 2 3 3 5 0 0 0 0 1
"492" 3 3 4 1 2 1 5 2 1 1 3 3 2 3 1 3 1 5 3 4 4 3 7 2 5 4 2 3 2 1 5 4 2 2 4 4 0 0 0 0 0 9 0 100 0 0 0 0 0 0 100 0 0 0 0 100 50 0 100 100 0 0 58 54 51 53 0 0 55 0 97 0 99 0 2 1 1 0 0 3 1 7 5 1 2 2 3 3 2 3 3 3 3 5 3 1 2 2 3 5 5 5 0 0 0 1 0
"493" 1 1 4 1 1 1 4 2 2 1 3 1 1 3 1 2 1 4 3 2 2 4 7 3 4 3 1 1 1 2 4 3 1 4 4 1 5 6 4 4 7 86 16 59 11 53 2 54 19 3 52 34 55 7 6 78 85 33 52 77 6 30 60 69 78 82 2 3 76 53 53 8 72 29 2 1 1 1 1 1 3 7 5 1 1 2 1 3 3 1 4 4 1 5 2 2 2 2 3 3 3 5 0 0 0 0 1
"494" 3 4 4 5 2 1 4 4 1 1 5 3 3 4 3 5 3 5 2 4 4 2 4 2 3 4 1 2 3 3 4 3 4 3 3 3 71 5 3 85 2 78 21 100 9 41 61 100 62 52 64 71 79 9 9 100 37 92 70 78 65 60 69 32 98 62 9 1 91 100 16 17 10 30 2 1 1 1 1 2 4 5 5 3 3 2 2 1 1 2 2 4 2 5 3 4 3 2 5 4 3 5 1 0 0 0 0
"495" 3 2 6 1 2 1 3 1 2 2 5 5 5 4 4 5 2 4 1 1 2 5 2 3 5 3 1 5 1 2 3 2 4 3 4 4 1 1 1 6 50 40 100 40 60 97 1 0 39 50 53 90 70 100 46 100 93 50 50 52 90 50 85 100 85 85 77 50 100 100 50 50 50 50 3 1 1 1 0 3 5 3 5 1 1 2 2 3 2 1 4 5 1 3 5 3 4 5 4 5 5 5 1 0 0 0 0
"496" 1 1 4 1 1 1 1 1 3 3 1 1 1 3 1 3 3 1 1 1 2 3 4 4 4 2 4 5 1 1 4 2 1 3 4 4 8 0 14 71 77 84 84 69 73 60 95 38 68 6 100 91 94 57 62 100 100 93 91 99 73 100 100 100 100 88 66 62 100 40 100 0 100 30 1 1 1 1 1 3 3 2 3 3 3 2 2 2 2 2 3 3 2 3 2 2 1 3 5 5 2 2 0 1 0 0 0
"497" 2 2 6 1 2 1 1 2 1 1 1 1 1 1 2 1 2 3 2 2 4 4 7 2 5 2 1 5 1 1 5 1 2 2 2 1 20 0 0 55 13 50 59 0 51 0 0 19 21 44 53 44 50 39 57 54 19 88 18 37 53 86 88 44 74 49 20 54 57 54 60 42 65 54 1 1 1 1 1 3 5 2 5 1 1 1 3 3 1 5 1 1 5 3 2 4 2 2 2 2 1 2 0 0 0 0 1
"498" 3 2 6 1 1 1 3 4 3 1 2 3 1 2 2 3 4 3 2 3 4 5 7 4 5 4 4 2 1 3 5 3 5 5 5 5 0 1 1 3 47 3 2 89 3 11 1 53 7 2 3 20 6 3 0 6 29 36 99 13 6 41 4 36 100 4 5 3 6 0 4 5 4 3 1 0 0 0 0 2 4 1 5 1 5 1 2 2 2 1 5 5 1 3 4 3 1 3 3 3 1 5 1 0 0 0 0
"499" 1 2 2 2 1 3 2 2 3 2 3 1 2 3 2 2 3 1 2 3 4 4 6 2 1 1 3 2 2 2 3 3 2 2 1 1 33 0 0 24 0 19 0 100 0 3 0 0 60 4 7 0 100 12 0 8 0 0 20 4 1 0 82 68 77 100 0 0 0 50 0 0 0 0 1 1 0 1 0 1 1 5 3 3 3 2 2 1 2 2 2 4 2 2 3 3 3 3 2 2 3 3 0 1 0 0 0
"500" 2 3 5 3 1 1 4 5 4 2 4 3 3 3 2 3 3 2 1 2 3 4 4 2 5 4 2 5 3 3 4 4 4 3 3 3 50 0 50 20 50 50 48 45 50 30 50 40 50 50 49 51 100 50 50 100 81 52 62 86 74 72 100 100 100 100 50 50 100 50 50 50 50 50 2 1 1 1 1 2 3 4 4 2 2 2 2 2 2 2 2 3 2 4 2 1 2 2 2 3 3 4 0 0 0 1 0
"501" 3 1 4 1 2 1 5 4 5 1 5 4 5 5 2 5 5 5 2 1 2 5 7 1 4 2 2 4 1 1 3 5 5 5 5 2 0 0 0 10 50 50 50 50 50 10 0 50 0 0 50 50 0 50 10 50 50 10 50 100 0 10 50 50 50 50 50 10 50 50 50 0 50 50 1 0 1 1 0 2 2 4 5 1 1 3 1 2 3 2 5 5 2 4 3 2 2 5 4 5 5 5 0 1 0 0 0
"502" 1 3 4 3 3 3 3 3 3 3 3 3 3 3 3 3 3 3 2 3 5 3 7 3 3 3 3 3 3 3 3 3 3 3 3 3 2 5 2 5 5 1 9 2 6 4 6 2 1 1 8 3 4 7 3 0 5 3 1 4 2 0 8 2 6 6 2 3 5 3 4 5 6 8 1 0 0 0 0 2 3 3 3 3 3 2 2 2 2 3 3 3 3 3 3 3 3 3 4 4 3 3 1 0 0 0 0
"503" 3 1 4 1 1 1 3 1 2 1 4 3 1 5 1 3 2 5 1 3 3 3 4 3 2 2 3 3 3 1 1 5 5 2 3 4 37 63 57 71 24 64 42 40 35 47 58 68 53 53 83 61 70 61 56 61 62 41 90 62 67 93 40 59 50 53 47 68 18 69 44 16 51 42 4 0 1 0 1 1 1 4 5 1 1 2 2 2 2 1 4 5 2 5 4 1 3 3 4 3 3 5 1 0 0 0 0
"504" 3 2 1 1 2 1 4 1 3 1 4 3 1 3 2 2 1 5 2 1 1 5 1 1 5 5 1 1 1 1 5 5 2 5 4 4 0 0 0 0 0 86 85 52 0 9 0 50 0 0 52 43 17 0 0 100 88 18 50 49 0 16 50 50 50 50 0 0 50 50 50 50 50 50 1 1 1 1 0 3 2 6 5 1 1 2 2 2 2 1 4 5 2 4 5 1 2 2 4 4 4 5 0 0 0 0 1
"505" 3 3 4 2 2 1 2 3 2 2 4 3 4 4 3 3 3 3 2 2 3 3 6 3 5 4 2 5 2 2 2 3 3 3 2 3 17 10 26 22 18 55 26 23 41 31 15 53 35 46 52 60 23 25 47 54 57 30 38 43 64 53 52 53 47 57 28 30 51 48 35 41 44 34 3 1 1 1 1 1 3 3 4 2 2 1 2 3 2 3 2 3 3 3 4 3 2 3 3 5 3 4 0 1 0 0 0
"506" 3 1 7 2 1 1 1 4 2 2 5 4 3 3 2 5 1 4 1 1 2 5 4 4 5 1 3 5 1 1 5 2 2 2 4 3 2 1 2 12 72 9 70 23 7 27 3 7 52 5 7 77 2 39 3 34 83 40 26 51 65 40 54 84 69 74 4 2 60 39 54 2 55 30 1 1 1 1 1 3 5 2 5 1 1 1 3 3 1 2 2 5 4 5 5 1 1 1 5 5 3 5 1 0 0 0 0
"507" 2 3 4 4 3 3 3 2 3 3 3 3 2 3 3 3 3 3 2 2 2 4 7 2 3 4 3 4 1 3 1 3 1 3 3 2 0 0 0 0 46 100 0 49 0 64 0 0 0 0 58 18 48 0 0 100 49 28 51 83 0 58 100 100 100 100 0 0 100 59 87 0 68 60 1 1 1 1 0 3 1 7 5 1 1 2 2 2 2 3 4 4 3 5 5 1 2 3 2 3 5 5 0 0 0 0 1
"508" 2 1 3 1 3 2 5 2 3 1 4 5 2 5 1 5 1 5 2 1 1 4 4 1 2 1 2 1 1 1 3 5 3 5 5 3 0 0 0 0 0 100 0 100 0 0 0 0 0 0 100 4 13 0 0 100 100 82 100 100 0 0 100 100 100 100 0 0 100 13 65 0 66 4 1 1 1 1 1 3 3 7 5 1 1 3 1 2 2 1 5 5 1 5 5 1 1 2 3 5 5 5 0 0 0 0 1
"509" 2 3 7 1 2 1 3 1 2 1 3 3 2 3 2 3 3 3 2 2 2 3 7 3 4 5 1 5 1 1 5 3 3 3 3 3 0 0 0 50 0 50 50 60 50 50 0 0 50 50 50 50 50 50 50 100 85 50 50 100 50 50 85 100 70 85 50 50 50 50 50 50 50 50 3 1 1 1 1 3 3 6 5 2 2 2 2 3 2 2 2 3 3 4 2 2 2 2 4 4 3 4 0 0 0 1 0
"510" 1 5 4 1 4 2 3 4 2 2 5 4 5 5 5 3 2 3 2 1 3 3 6 1 3 3 1 4 1 3 2 3 4 3 4 3 0 0 0 50 33 50 50 50 50 50 6 50 49 41 50 49 50 50 50 56 49 49 50 49 50 50 55 56 62 67 50 50 50 46 50 28 50 50 3 1 1 1 1 3 3 4 4 3 3 2 2 1 2 3 4 3 3 3 3 1 3 4 3 5 3 5 0 1 0 0 0
"511" 3 2 4 4 3 2 3 2 2 4 3 3 3 3 2 3 2 3 1 1 3 4 4 3 4 3 2 5 2 4 3 3 2 2 3 3 50 0 0 50 50 50 50 50 50 50 0 40 50 50 40 50 50 50 50 50 50 50 50 50 50 50 50 50 50 50 50 50 50 50 50 50 50 50 2 1 1 1 1 3 3 5 4 4 4 1 3 1 3 4 2 2 4 2 4 4 4 1 2 5 2 4 0 1 0 0 0
"512" 2 1 4 1 1 1 2 1 1 1 4 2 1 1 1 2 3 3 1 2 3 3 3 3 4 3 1 5 3 3 1 2 3 3 2 4 16 0 16 87 100 61 50 16 52 76 0 50 50 51 32 62 50 50 50 50 61 63 27 60 100 59 78 62 100 51 51 50 52 50 39 36 51 48 1 1 1 1 0 3 3 1 5 3 3 1 3 3 3 4 2 1 4 4 4 1 3 4 3 5 2 2 1 0 0 0 0
"513" 2 1 2 3 3 3 3 2 2 2 3 3 3 2 3 3 2 2 2 3 3 2 5 3 3 3 3 3 2 2 3 4 3 2 3 3 66 60 77 63 50 45 25 58 41 65 59 41 66 41 59 62 50 35 62 27 65 44 67 30 87 51 34 67 59 22 66 71 62 54 51 84 61 53 3 1 1 1 1 3 3 6 5 5 5 3 3 1 1 4 3 2 2 4 3 2 4 4 3 4 3 5 0 0 0 1 0
"514" 1 1 6 1 1 1 2 2 2 1 2 1 1 2 2 2 3 2 1 1 1 5 3 1 4 2 1 4 1 1 5 1 1 5 1 3 5 60 12 27 74 85 71 63 1 45 53 6 30 14 52 47 63 9 2 100 91 48 80 42 77 76 34 80 23 6 5 8 58 9 90 1 91 2 1 1 1 1 1 3 3 4 5 1 1 1 2 3 3 1 5 5 1 5 5 1 4 4 4 5 1 3 0 1 0 0 0
"515" 3 2 6 1 2 2 1 2 5 2 3 3 2 3 3 3 1 2 1 1 1 5 7 2 5 2 2 5 1 1 5 4 4 4 5 5 8 6 6 7 52 62 70 63 47 51 7 18 49 12 9 31 41 87 82 53 87 54 70 71 87 50 72 72 72 73 73 70 72 53 53 6 47 32 2 1 1 1 0 3 3 3 5 1 1 2 2 2 2 2 4 4 2 2 4 4 2 2 5 3 4 5 1 0 0 0 0
"516" 2 1 2 1 1 1 1 1 1 1 1 1 1 1 1 1 2 1 2 1 2 4 5 1 2 1 1 1 1 1 1 3 3 2 2 4 0 0 0 83 46 63 100 85 52 9 0 5 38 0 0 74 30 64 50 95 93 64 48 90 51 94 100 47 100 100 82 74 61 100 82 100 97 69 2 1 1 1 1 1 3 7 5 5 5 3 2 2 2 3 2 2 2 4 3 1 1 1 2 4 1 2 0 0 0 0 1
"517" 2 1 3 2 1 1 1 3 3 1 4 2 2 1 3 4 4 1 2 2 3 3 1 1 1 2 1 2 3 3 2 4 3 4 2 3 90 67 46 52 66 44 53 78 12 49 65 6 28 72 89 94 65 51 20 58 65 74 94 94 24 62 43 88 100 36 31 0 54 81 58 62 54 60 1 1 1 1 0 1 4 6 5 5 4 2 2 2 2 5 5 5 4 5 1 1 4 4 4 5 3 1 0 0 0 1 0
"518" 3 2 4 1 1 1 5 3 3 2 2 2 1 4 1 3 1 4 2 1 1 5 4 2 5 3 1 5 1 1 5 3 3 3 2 2 7 1 1 47 89 62 56 97 79 56 2 2 0 1 82 19 73 100 94 99 95 41 100 100 79 72 98 98 94 95 97 95 100 93 91 3 91 52 1 0 1 0 0 2 5 3 5 2 3 2 2 2 2 4 4 3 5 4 5 3 2 4 4 4 4 5 0 1 0 0 0
"519" 3 4 4 1 3 2 5 5 4 4 4 4 4 4 4 4 2 4 1 2 3 4 4 3 4 3 3 4 3 3 3 3 3 3 4 4 3 16 11 2 34 12 38 43 6 1 15 37 36 5 7 13 42 12 5 60 52 34 86 50 48 53 17 75 40 36 2 6 15 27 51 1 47 1 2 1 1 0 0 2 3 2 5 1 1 2 2 2 2 1 4 3 2 5 4 3 2 2 3 5 5 5 0 0 1 0 0
"520" 2 2 2 3 2 1 2 2 2 1 2 4 1 3 2 2 3 2 1 1 2 3 6 3 2 2 1 2 2 2 4 3 5 1 3 3 15 72 16 84 0 50 93 86 0 69 31 0 84 60 94 15 100 0 0 99 88 88 81 100 100 86 98 100 51 55 0 0 100 100 0 49 16 86 3 1 1 1 1 3 3 6 5 5 5 2 2 2 2 3 2 2 2 4 3 2 2 2 3 3 3 2 0 0 0 1 0
"521" 3 2 2 1 2 4 2 2 1 1 1 3 2 1 1 4 4 2 2 1 2 4 3 2 1 3 1 4 1 1 5 2 1 2 5 5 71 54 7 85 55 93 70 53 85 31 92 12 72 52 96 66 86 51 52 100 85 85 72 89 70 95 71 96 79 50 51 54 70 3 90 2 90 45 3 1 0 1 1 3 3 2 3 4 4 1 2 2 2 1 3 4 1 5 1 1 2 2 3 4 2 3 1 0 0 0 0
"522" 2 3 4 2 1 1 1 2 1 1 2 2 1 2 1 3 2 3 1 5 5 3 7 4 5 2 3 5 1 2 5 3 3 3 3 3 50 0 0 100 50 50 50 100 100 50 0 50 50 50 50 50 0 95 60 60 30 50 90 70 90 90 100 40 0 25 50 50 50 40 50 50 50 50 2 0 1 1 0 1 3 4 5 3 3 1 3 1 1 5 1 1 5 1 5 5 1 1 5 1 5 3 0 1 0 0 0
"523" 2 2 6 1 2 1 2 2 2 1 3 3 2 4 1 4 2 4 2 1 1 5 6 4 4 2 2 5 1 1 3 3 3 3 4 3 3 0 0 0 62 87 91 53 56 3 0 0 3 1 9 100 46 99 98 67 100 13 89 51 100 52 41 100 99 100 100 100 100 52 96 0 100 100 2 1 1 1 1 3 5 1 5 1 1 2 2 2 2 1 5 5 1 5 2 3 3 5 3 5 4 5 1 0 0 0 0
"524" 3 2 5 4 3 3 1 1 3 4 5 5 1 2 2 5 3 3 1 1 1 3 5 1 5 4 1 5 2 5 4 1 3 3 4 5 0 0 0 0 100 0 80 0 40 30 0 0 0 0 0 80 10 50 0 0 90 75 0 30 50 60 30 60 60 60 0 0 30 30 40 0 40 20 2 1 1 1 1 3 4 1 5 1 1 1 1 1 2 1 5 5 1 3 2 3 2 3 5 3 4 4 1 0 0 0 0
"525" 3 1 3 1 1 1 2 1 1 1 1 1 1 1 1 1 2 4 1 5 1 3 2 4 5 5 1 5 3 5 3 2 1 1 3 3 0 0 0 96 0 0 100 100 100 100 0 0 98 0 9 51 52 100 100 100 100 99 0 91 100 60 100 100 100 100 100 100 100 100 56 24 56 48 1 0 1 1 1 2 4 1 2 5 5 1 3 2 3 5 1 1 5 5 2 3 2 4 1 5 1 4 1 0 0 0 0
"526" 2 1 5 1 3 1 5 1 2 1 5 4 3 5 4 2 1 3 1 3 3 3 7 2 3 2 2 5 1 1 5 5 5 3 3 3 0 0 0 22 51 25 75 53 33 51 1 6 7 35 20 47 45 53 49 51 65 67 44 70 62 63 48 73 41 59 51 51 69 75 19 1 42 60 1 1 1 0 1 3 3 1 5 2 2 3 3 2 2 3 4 3 3 4 4 3 4 5 4 4 4 5 1 0 0 0 0
"527" 2 3 4 4 1 2 3 2 5 3 5 4 2 5 1 4 3 3 2 3 5 3 3 4 5 5 5 2 3 3 3 3 4 4 1 3 22 0 0 71 14 19 77 19 11 0 29 0 38 0 68 16 61 5 1 33 35 50 16 19 70 18 85 15 83 74 4 2 18 7 13 38 10 15 3 1 0 0 0 2 4 7 5 3 3 2 2 2 2 3 3 3 3 3 4 3 3 3 4 3 1 1 0 0 0 0 1
"528" 1 4 6 1 1 1 1 1 1 1 1 1 1 1 1 1 3 3 2 2 3 3 1 2 4 5 1 5 2 3 3 3 1 2 2 2 50 5 84 49 50 84 57 43 26 78 15 58 57 59 84 71 84 40 45 88 70 80 57 63 89 85 69 61 69 53 52 57 71 70 82 68 83 57 4 1 1 1 1 3 3 4 3 1 2 1 2 2 2 2 3 4 2 4 1 2 3 4 1 5 1 2 1 0 0 0 0
"529" 2 3 4 2 3 2 3 2 2 2 3 3 2 4 2 4 1 4 1 1 3 4 4 3 5 3 3 4 1 2 3 5 2 3 4 3 5 1 1 10 60 25 25 100 25 15 1 5 5 5 5 50 35 50 50 50 70 25 60 50 55 25 50 75 50 50 50 50 50 50 70 1 60 30 1 0 1 1 0 1 4 5 5 1 1 2 2 2 2 2 4 4 3 4 3 2 1 2 3 4 4 4 0 1 0 0 0
"530" 1 5 4 2 1 1 1 1 1 1 5 5 5 5 1 5 3 4 1 5 5 1 3 5 5 5 1 5 3 5 5 5 5 5 2 5 0 0 0 100 52 100 4 88 0 100 0 0 0 0 15 71 55 100 0 0 0 100 0 37 23 95 100 0 64 100 0 0 0 0 0 0 0 0 4 0 1 1 1 3 1 1 5 1 1 2 3 2 2 5 1 1 5 5 3 1 2 1 5 1 1 5 1 0 0 0 0
"531" 3 2 2 2 2 2 1 2 2 2 2 2 2 2 2 2 1 2 1 2 4 2 4 3 3 4 3 2 4 4 4 5 5 5 1 1 10 6 100 79 56 6 94 11 43 100 11 3 18 16 3 49 57 43 100 20 23 99 11 53 100 100 98 40 100 100 100 100 85 100 40 45 41 46 1 1 1 1 1 3 1 1 1 5 5 1 3 3 3 5 1 1 5 5 5 5 5 4 1 5 4 3 1 0 0 0 0
"532" 3 1 6 1 1 1 5 5 1 1 4 3 1 4 1 5 1 5 1 1 1 5 5 1 5 2 1 5 1 1 1 3 2 5 3 3 4 4 6 3 4 70 12 87 2 35 1 52 5 3 50 5 89 63 52 85 100 16 73 100 8 2 96 93 96 90 17 50 100 58 92 5 82 22 1 0 1 0 0 3 5 6 5 1 1 1 3 2 3 2 5 4 4 4 5 5 2 3 2 5 4 5 0 0 0 1 0
"533" 2 1 4 4 5 5 2 4 3 3 1 5 1 1 3 5 3 3 1 1 2 3 6 4 5 5 4 5 2 4 1 1 1 1 3 3 18 10 12 77 91 42 74 57 90 99 3 26 77 91 36 99 71 86 86 81 63 100 61 83 93 99 86 85 86 84 85 85 86 86 100 6 99 99 1 1 1 1 0 1 1 1 2 5 5 1 3 3 2 3 2 2 4 2 4 3 5 4 3 4 3 3 1 0 0 0 0
"534" 1 1 2 1 1 1 1 1 1 1 1 1 1 1 1 1 3 2 3 1 1 5 7 1 1 1 1 1 2 2 2 2 2 2 2 2 100 65 65 100 100 100 100 100 41 100 100 52 100 100 100 100 59 50 42 100 100 100 100 100 100 100 66 100 58 100 42 40 100 87 100 70 100 100 1 1 1 1 1 2 1 7 5 5 5 1 1 1 1 1 1 4 1 5 1 1 1 1 1 3 1 1 0 0 0 0 1
"535" 2 1 4 1 1 1 5 5 1 1 5 4 1 5 1 5 1 5 2 1 2 4 4 3 5 2 2 1 1 1 3 5 1 3 3 3 0 0 0 0 0 100 0 100 0 0 0 0 0 0 0 51 50 49 0 100 82 0 100 100 0 50 100 100 100 70 0 0 72 50 100 0 100 50 1 0 0 0 0 2 3 7 5 1 1 2 2 2 2 1 3 3 2 5 1 3 2 2 5 5 4 5 0 0 0 0 1
"536" 3 2 7 1 1 1 1 1 1 1 2 1 1 2 1 1 5 3 2 1 1 5 5 3 5 5 1 5 1 4 4 1 3 2 1 1 0 0 0 15 0 48 61 10 38 47 0 0 0 0 0 51 44 50 50 96 100 49 2 100 54 50 51 50 50 50 50 50 96 50 63 0 50 50 2 1 1 1 1 3 5 1 2 4 4 1 3 3 3 3 2 3 3 5 2 1 2 5 3 5 1 5 0 0 1 0 0
"537" 2 4 3 2 2 2 3 2 2 3 2 2 2 2 2 2 4 2 1 2 2 4 2 2 2 2 2 2 1 2 2 3 2 1 2 2 49 56 63 46 38 52 47 38 64 53 53 56 43 40 55 55 50 61 37 53 38 58 66 60 53 61 43 79 49 50 43 47 43 50 46 27 55 32 2 1 1 1 1 3 2 5 2 2 2 1 3 2 2 2 3 2 2 2 2 3 2 1 4 2 2 2 0 1 0 0 0
"538" 1 2 4 1 1 1 1 1 4 3 1 3 1 2 1 3 2 5 2 3 3 3 3 4 5 4 2 5 1 1 4 3 3 2 3 3 49 6 52 43 41 43 71 90 30 37 4 31 53 52 50 60 52 64 38 100 42 74 75 52 71 52 72 75 74 63 19 55 90 65 48 52 49 62 1 1 1 1 0 3 5 2 5 5 5 3 1 1 2 3 4 5 5 4 2 4 2 3 3 5 3 5 0 1 0 0 0
"539" 2 2 4 1 1 1 1 1 1 1 2 3 1 1 2 2 5 3 2 1 1 3 7 2 3 1 1 3 1 1 5 2 3 3 2 1 49 19 53 67 46 98 73 87 6 52 83 7 95 8 40 84 79 4 21 80 100 100 100 64 99 99 71 100 41 22 4 5 85 46 68 47 49 38 2 0 0 0 0 2 2 4 5 3 3 2 2 2 2 3 3 3 2 4 2 3 3 3 4 4 3 3 0 1 0 0 0
"540" 3 1 7 1 1 1 1 3 1 1 3 1 1 3 2 4 2 4 2 1 3 5 5 3 5 2 1 4 1 1 4 3 3 3 3 2 0 0 0 30 50 50 50 20 50 50 0 50 35 0 0 80 50 50 35 75 80 35 40 80 50 50 70 85 75 80 30 35 83 30 85 12 85 15 1 1 1 1 1 3 3 5 5 1 1 1 3 3 2 1 4 4 2 2 5 5 2 2 3 3 3 5 0 0 0 1 0
"541" 3 1 4 1 1 1 4 3 5 1 1 1 1 5 1 5 1 5 1 4 4 5 7 1 1 1 1 5 1 1 5 5 1 5 5 1 0 0 0 0 70 49 50 100 0 49 0 58 0 0 51 90 100 14 0 100 100 6 100 100 0 0 100 100 100 100 0 0 100 0 100 0 100 0 1 0 1 0 0 1 1 4 5 1 1 2 1 1 2 1 5 5 1 5 3 1 3 2 5 3 5 5 0 1 0 0 0
"542" 2 3 7 3 3 3 3 3 3 3 3 3 3 3 2 2 2 2 1 2 3 4 6 3 3 2 3 3 2 1 3 2 2 4 3 3 29 42 51 51 15 26 49 9 11 51 50 13 45 40 81 61 60 13 14 70 63 66 49 70 86 69 73 57 72 54 13 10 33 61 67 13 57 49 2 1 1 1 1 3 3 6 5 4 3 2 2 2 2 3 4 4 3 3 2 2 2 2 2 2 1 2 0 0 0 1 0
"543" 3 3 4 3 1 1 2 1 1 2 3 2 2 2 2 3 3 3 1 3 4 4 1 3 5 5 1 5 4 5 3 2 3 3 1 1 0 0 0 70 50 0 70 0 100 70 0 0 0 0 0 63 0 100 50 0 0 30 0 40 70 30 70 31 50 51 50 50 50 50 0 0 0 0 2 1 1 1 1 2 5 1 3 3 3 1 3 2 2 5 1 5 5 3 3 3 4 4 4 4 2 3 1 0 0 0 0
"544" 1 2 4 1 2 2 3 1 2 1 2 2 2 2 1 3 1 5 3 1 1 5 7 2 3 1 1 3 1 2 1 3 2 3 3 1 15 0 0 15 50 92 15 55 49 50 2 50 29 1 75 41 60 14 54 85 90 41 70 84 30 30 85 85 85 85 50 50 87 60 71 0 70 40 2 1 1 1 1 3 2 6 5 1 1 3 2 3 3 1 4 4 3 4 5 3 2 5 4 3 5 5 0 0 0 1 0
"545" 1 3 4 1 1 1 3 1 2 1 2 2 1 2 1 3 3 3 2 3 1 4 4 3 2 4 1 1 1 1 2 5 1 1 3 1 0 0 0 100 0 50 85 20 50 50 0 85 50 20 50 50 50 20 20 85 85 20 85 85 85 50 100 85 70 85 20 20 85 50 50 20 50 50 1 0 1 1 0 2 3 7 5 5 5 2 1 2 2 3 3 5 5 2 4 1 3 5 5 5 3 4 0 0 0 0 1
"546" 2 2 2 2 2 2 2 2 2 2 2 2 2 2 2 2 3 2 2 2 3 3 4 3 3 3 3 3 3 3 3 3 3 3 3 3 50 49 49 53 51 51 51 49 53 51 51 50 51 50 51 50 51 51 51 49 50 51 51 52 51 52 53 50 52 51 49 50 51 51 50 52 50 51 3 0 0 0 0 1 3 4 3 3 3 2 2 2 2 3 3 3 3 3 3 3 3 3 4 4 3 3 1 0 0 0 0
"547" 2 2 4 2 2 2 4 4 4 2 2 2 2 4 2 3 1 4 2 3 3 4 7 2 2 2 2 4 1 2 2 3 2 3 3 3 14 15 50 15 50 61 50 50 40 51 15 41 15 15 51 50 50 50 16 72 59 40 50 72 50 49 71 71 71 85 15 15 70 60 85 7 85 40 3 0 1 0 0 2 4 6 5 1 1 2 2 2 2 2 4 3 3 4 3 3 2 3 3 5 3 5 0 0 0 1 0
"548" 3 3 3 3 1 1 2 2 2 4 4 4 3 3 4 4 3 4 1 1 2 4 2 3 5 4 3 5 2 2 3 1 5 1 4 4 0 0 0 89 100 91 92 50 92 88 0 21 51 50 46 81 41 100 92 100 86 75 8 83 91 85 100 94 100 100 90 90 100 100 51 30 60 56 1 1 1 1 0 3 4 2 3 2 2 1 3 3 2 4 2 3 5 4 4 3 3 5 2 5 3 4 1 0 0 0 0
"549" 3 1 2 2 1 1 2 1 2 1 1 2 1 3 1 1 3 4 1 4 5 1 3 4 5 4 2 5 3 4 3 2 5 1 1 3 15 0 0 100 50 0 100 15 100 70 0 0 85 50 0 100 30 100 85 70 30 60 0 60 100 50 100 85 100 85 100 85 85 85 0 30 30 70 1 1 1 1 1 3 3 1 3 4 4 1 3 3 1 5 2 2 5 4 5 5 4 5 1 4 1 2 1 0 0 0 0
"550" 1 2 4 1 2 1 5 2 2 1 1 1 1 2 1 2 2 4 2 1 2 4 5 3 4 4 1 5 1 1 4 3 1 3 3 3 6 1 2 49 50 84 43 74 45 51 3 45 41 0 86 41 62 50 49 83 87 74 85 75 24 67 74 74 87 81 44 44 83 58 89 0 85 54 1 0 0 0 0 2 1 6 5 1 1 1 3 2 3 2 2 3 4 4 2 3 2 2 1 3 2 5 0 0 0 1 0
"551" 2 1 4 1 1 1 1 1 3 1 1 3 1 1 1 3 3 4 3 1 2 5 4 3 5 5 2 5 1 1 2 4 2 3 1 1 9 6 6 10 4 87 92 80 12 31 52 6 9 19 91 12 55 82 8 100 86 57 72 81 86 48 92 92 88 98 6 13 94 90 86 3 92 8 1 0 0 0 0 2 5 3 1 1 1 2 2 2 2 3 3 3 3 3 3 3 3 2 2 5 2 5 0 0 0 1 0
"552" 1 4 7 3 1 2 2 2 2 2 3 3 1 3 2 3 4 1 1 1 2 3 4 3 1 3 1 4 3 2 2 3 3 3 2 3 47 22 50 52 13 51 45 21 0 70 57 18 42 42 63 49 68 0 54 72 71 62 53 70 10 32 72 90 55 75 4 73 48 84 5 17 0 60 3 1 1 1 1 3 3 4 5 4 4 2 2 2 2 2 2 2 3 3 3 2 3 3 2 4 5 3 0 0 0 0 1
"553" 3 2 3 2 1 1 1 1 1 1 2 2 2 1 2 2 3 2 1 2 2 3 2 2 3 2 2 2 2 2 3 4 5 3 2 5 5 6 5 71 7 100 46 60 5 69 9 32 36 51 80 84 88 5 3 90 83 94 46 83 100 100 87 86 51 68 12 6 51 41 5 5 10 5 1 1 1 1 1 3 3 4 3 2 2 1 3 2 3 2 2 2 2 4 2 2 3 4 4 5 3 2 0 1 0 0 0
"554" 3 2 2 2 1 1 2 2 1 1 4 3 1 2 3 3 2 4 1 2 5 4 1 2 2 3 1 5 2 4 5 2 1 2 3 2 54 5 13 88 7 27 29 63 8 60 73 15 95 25 60 29 20 15 0 33 38 59 8 6 76 52 87 89 52 9 10 15 64 40 28 20 9 45 2 1 1 1 1 1 2 3 4 2 1 1 3 3 1 2 2 1 1 1 1 2 2 1 2 3 2 1 0 0 0 1 0
"555" 3 1 5 4 2 1 1 2 3 3 2 4 1 1 3 3 3 1 1 4 5 3 1 3 5 5 1 5 3 5 1 1 4 1 2 2 1 1 1 79 81 1 99 1 96 84 1 1 98 87 1 65 14 95 86 39 47 90 1 52 99 94 53 63 81 77 84 97 54 51 30 31 31 34 1 1 1 1 1 3 3 1 2 4 4 1 3 3 3 4 1 2 5 5 5 3 3 4 4 5 3 4 1 0 0 0 0
"556" 1 2 2 3 2 1 2 3 2 2 3 3 2 4 3 3 3 4 2 2 2 3 4 2 3 3 3 3 3 3 3 3 3 3 3 2 59 21 35 23 34 18 33 30 34 62 57 48 68 11 52 29 63 29 23 78 23 41 67 25 65 53 68 57 40 52 34 29 34 64 69 16 76 63 3 1 1 0 1 2 2 1 3 3 3 2 2 2 3 3 3 3 3 3 3 3 3 3 4 3 3 3 1 0 0 0 0
"557" 3 1 4 4 1 1 1 1 2 3 2 1 2 1 2 4 2 4 2 4 5 4 3 4 5 4 2 5 3 5 1 1 1 5 4 2 0 0 0 60 49 0 91 3 68 70 0 0 61 50 0 76 10 70 70 5 9 50 0 39 88 69 70 59 86 86 69 60 99 50 100 44 100 0 2 1 1 1 1 3 4 1 1 5 5 2 3 3 3 3 2 2 4 4 3 3 4 4 3 3 3 3 1 0 0 0 0
"558" 1 2 4 1 1 1 4 3 1 1 3 2 1 4 1 2 1 5 1 1 2 5 7 1 4 4 2 5 1 1 4 4 2 3 3 3 0 0 0 15 0 70 40 50 40 50 0 40 0 0 50 40 40 85 40 70 85 30 85 85 60 30 85 85 85 50 0 0 85 70 95 0 95 60 1 0 1 0 0 2 1 5 5 1 1 2 2 2 2 2 4 4 3 4 3 1 2 2 4 5 4 5 0 0 1 0 0
"559" 3 1 1 3 3 1 1 2 1 3 3 2 1 4 2 2 4 4 1 5 5 1 1 5 5 5 2 5 5 5 1 5 5 1 1 3 0 0 0 100 70 0 100 2 100 92 0 0 100 100 0 100 0 100 100 20 0 65 0 50 100 50 100 20 82 100 100 100 100 100 2 10 50 100 1 1 1 1 1 1 3 1 1 5 5 1 3 3 3 5 1 1 5 4 3 3 5 5 1 5 1 3 1 0 0 0 0
"560" 2 1 2 2 2 1 1 1 1 2 2 1 1 1 1 1 3 2 2 2 3 3 3 3 5 5 1 5 4 4 3 1 4 2 2 2 0 0 0 85 14 15 85 0 86 85 0 0 0 50 25 70 59 100 85 85 70 100 0 84 100 84 100 69 84 100 100 85 85 85 85 0 50 85 1 1 1 1 1 2 1 2 3 4 4 1 3 2 2 5 1 1 5 1 5 5 5 2 2 3 1 3 1 0 0 0 0
"561" 3 2 5 2 1 2 2 3 2 2 3 2 2 3 2 3 3 2 1 3 3 3 7 4 5 5 2 5 2 3 5 4 4 2 2 3 15 50 15 70 95 70 85 85 30 16 0 0 60 50 50 60 100 30 0 60 60 85 50 60 61 85 70 100 60 75 0 0 50 50 50 0 60 60 2 1 1 1 1 3 4 4 5 1 1 2 3 3 2 2 2 3 2 3 2 1 2 2 3 5 3 4 0 0 0 1 0
"562" 1 1 1 1 1 1 3 2 1 1 1 3 1 1 2 1 1 1 2 2 1 5 1 1 3 5 1 1 3 1 1 1 5 1 1 4 78 66 100 100 64 100 100 100 42 63 98 16 100 61 63 100 100 19 7 19 98 100 99 100 100 100 100 100 71 72 7 15 60 100 60 100 50 100 1 1 1 1 0 3 3 3 1 1 1 1 3 2 2 1 1 1 1 5 1 1 1 1 1 5 1 1 0 0 0 1 0
"563" 1 2 5 4 3 1 2 1 1 2 5 2 2 3 1 1 4 4 1 2 4 4 4 2 2 5 1 5 2 2 4 4 5 2 2 2 47 0 0 76 52 87 31 76 47 55 46 69 38 49 38 31 86 53 56 73 83 67 37 38 100 52 51 58 59 76 53 48 56 43 22 16 50 90 2 1 1 1 1 2 3 2 5 1 2 2 1 2 3 2 3 4 2 3 2 4 2 3 2 3 2 3 0 1 0 0 0
"564" 1 2 2 4 3 3 1 1 1 3 3 2 2 2 1 2 2 1 1 1 3 3 3 2 5 4 1 5 5 5 2 1 2 3 3 1 1 1 1 97 79 100 100 94 95 100 1 1 94 99 1 99 72 97 94 19 86 99 1 91 99 100 95 50 98 99 89 99 95 76 86 1 86 61 3 1 1 1 1 3 1 1 1 2 2 1 3 3 2 4 2 2 5 2 5 5 5 3 1 3 2 2 1 0 0 0 0
"565" 3 4 7 3 3 1 2 2 3 4 4 4 3 2 3 4 2 3 1 3 3 3 5 3 3 3 3 3 2 2 4 3 3 3 3 3 44 20 22 47 21 29 55 38 41 34 5 42 53 56 27 64 55 11 46 78 58 55 63 64 72 85 49 87 56 54 21 20 56 55 54 53 53 55 3 1 1 1 1 3 3 6 5 5 5 1 2 2 2 2 4 4 2 3 4 2 2 3 4 4 3 3 0 0 0 0 1
"566" 3 2 2 4 2 2 1 1 1 4 3 2 1 1 2 3 4 3 1 3 4 2 4 3 5 3 1 5 4 4 2 1 5 2 4 1 0 0 0 10 41 0 94 0 68 93 0 0 0 0 0 94 4 94 86 33 28 15 0 67 100 71 97 54 93 97 82 71 98 90 71 0 57 65 5 1 1 0 1 3 1 2 4 5 5 1 3 3 3 5 1 1 5 4 5 2 5 5 2 5 1 5 1 0 0 0 0
"567" 2 2 4 1 2 1 5 2 4 1 2 2 3 2 1 4 1 5 2 1 1 5 6 1 5 1 3 3 1 1 3 2 1 3 4 3 0 0 0 0 50 60 52 83 30 50 0 31 0 0 10 60 50 50 49 85 95 15 92 95 0 2 60 60 60 60 50 50 50 50 60 0 60 39 2 0 1 0 0 2 3 6 5 1 1 2 2 2 2 2 4 3 5 4 3 3 3 4 1 3 3 4 0 1 0 0 0
"568" 2 1 4 1 2 3 4 3 4 3 3 1 2 5 1 5 1 4 3 2 2 4 6 2 3 3 1 2 1 2 3 3 2 5 3 3 32 32 10 8 52 92 19 68 31 26 8 38 9 31 86 28 84 44 36 100 83 8 87 90 2 2 53 91 51 57 50 33 86 46 88 8 83 16 2 0 0 1 0 2 2 6 5 1 1 2 2 2 2 2 2 3 3 4 2 2 2 2 3 3 4 5 0 0 0 0 1
"569" 1 2 3 2 1 1 1 1 1 1 1 1 1 1 1 1 3 2 1 1 1 4 4 2 5 5 1 5 1 2 2 2 2 2 2 2 3 2 4 89 50 62 99 44 86 94 0 6 30 54 52 95 71 85 94 73 97 93 39 99 99 97 92 96 96 97 73 85 97 96 73 50 73 60 1 1 1 1 1 3 3 1 5 1 1 2 2 2 2 2 2 3 2 2 3 3 3 3 2 5 1 4 1 0 0 0 0
"570" 3 3 4 1 2 1 2 1 2 2 4 1 2 2 2 1 3 3 2 3 4 3 7 3 5 3 2 5 3 3 5 3 3 3 3 3 15 2 17 51 50 70 52 42 50 43 3 50 53 43 32 71 7 51 50 52 33 64 40 50 62 59 49 51 53 53 52 52 50 53 42 4 52 50 2 1 1 1 1 1 4 1 5 3 3 1 3 2 2 2 2 2 3 4 3 3 3 2 3 5 1 4 1 0 0 0 0
"571" 2 2 4 1 1 1 5 3 2 1 3 1 1 4 1 5 1 5 2 1 2 5 7 2 5 3 2 3 1 1 5 3 1 3 3 1 0 0 0 0 50 50 50 76 50 50 0 50 0 0 50 29 50 60 52 64 92 15 70 100 0 19 72 85 87 75 50 57 88 51 81 0 85 50 1 0 1 0 0 2 3 4 5 5 1 2 2 2 2 3 3 3 3 3 3 3 2 3 4 5 5 5 0 0 0 1 0
"572" 3 4 6 2 2 1 1 1 2 3 1 1 1 2 3 1 3 4 1 5 5 2 1 4 5 5 1 5 5 5 1 2 5 1 1 1 0 0 0 85 81 100 0 86 100 88 0 0 53 78 0 62 0 100 100 15 0 50 0 40 82 51 80 30 85 83 100 100 85 84 0 30 0 85 1 0 1 1 1 1 3 1 2 5 5 1 3 3 3 5 1 1 5 1 5 5 4 5 2 3 1 1 1 0 0 0 0
"573" 1 1 2 1 2 3 2 1 1 2 1 2 1 1 2 1 2 2 2 2 2 3 7 3 1 1 1 2 2 1 2 2 2 2 2 1 74 78 72 73 83 89 79 80 75 75 88 72 89 86 77 93 78 71 87 77 81 86 100 86 72 100 100 97 80 88 58 92 88 81 91 80 86 91 1 1 1 1 1 3 1 7 1 1 3 1 1 1 2 1 1 1 1 1 1 1 1 2 2 1 4 2 0 0 0 1 0
"574" 3 2 2 2 3 2 3 1 2 3 3 1 2 2 2 3 4 3 1 1 1 5 7 4 5 5 3 5 1 5 3 2 5 3 1 1 0 0 0 50 49 30 100 29 100 50 0 0 50 100 10 100 69 100 100 0 100 76 0 100 100 100 70 49 85 85 86 100 100 50 16 0 14 50 1 1 1 1 1 3 1 5 2 3 3 1 3 3 3 3 2 2 5 3 4 2 2 2 1 5 1 3 0 0 1 0 0
"575" 1 1 1 2 4 3 1 1 1 5 1 2 1 1 4 2 2 3 1 1 3 3 3 3 5 5 1 5 2 2 3 1 4 1 1 1 0 0 0 100 100 0 100 0 100 100 0 0 100 0 0 100 30 100 100 15 70 100 0 60 100 70 100 100 100 100 100 100 100 100 60 0 100 40 1 1 1 1 1 1 4 1 4 2 2 1 3 2 2 4 1 2 5 4 3 2 4 5 1 5 2 4 1 0 0 0 0
"576" 1 3 4 2 1 1 5 1 1 2 3 1 2 2 1 3 1 5 2 1 1 5 7 2 3 2 2 3 1 1 3 5 4 3 3 1 0 0 0 15 0 100 17 86 0 50 0 50 51 0 100 52 52 51 50 100 100 51 87 100 0 51 100 100 100 100 17 14 100 50 100 0 100 30 1 0 1 0 1 2 3 5 5 3 5 2 1 2 2 2 5 3 3 3 3 1 3 5 5 5 5 5 0 0 0 0 1
"577" 3 1 2 5 3 4 1 2 2 4 2 1 1 1 5 2 3 3 2 1 3 4 3 3 5 5 1 5 2 4 2 1 2 2 3 2 0 0 0 50 55 5 70 5 65 70 0 0 50 7 15 100 30 56 55 55 60 40 0 55 60 85 55 50 60 55 55 55 70 55 60 0 60 40 2 1 1 0 0 1 3 3 3 3 3 1 3 3 2 5 2 3 5 4 4 3 3 5 4 3 3 4 1 0 0 0 0
"578" 2 1 3 1 2 1 5 3 1 1 1 1 2 2 1 4 1 5 1 1 2 5 7 1 4 1 2 3 1 1 5 2 1 4 3 1 0 0 0 0 0 19 50 100 0 2 0 30 0 0 54 0 94 68 0 92 86 0 100 100 1 0 68 100 52 91 0 4 100 22 100 0 100 13 1 0 1 0 0 2 3 6 5 1 1 2 2 2 2 1 5 5 1 5 3 1 2 2 3 5 5 5 0 0 0 1 0
"579" 2 4 6 2 3 2 2 2 1 1 3 1 1 3 2 1 3 2 2 1 2 4 3 1 5 2 1 5 1 1 4 3 3 2 2 2 3 3 5 1 61 51 53 4 62 54 4 6 17 3 63 63 53 66 62 87 100 86 19 86 51 74 51 88 62 53 72 73 63 54 72 16 62 63 2 0 0 1 1 3 2 4 5 1 1 2 3 2 2 2 2 3 3 5 2 3 4 4 3 5 3 3 0 0 0 1 0
"580" 2 3 3 1 1 1 1 3 1 2 3 1 1 3 2 3 3 2 2 1 1 3 7 2 3 3 2 5 2 2 5 2 2 3 1 2 50 6 5 61 53 87 100 32 49 51 16 14 53 50 49 89 72 85 61 88 88 100 13 86 85 84 86 85 86 89 52 48 87 70 86 4 87 63 1 1 1 1 1 3 3 1 5 3 3 2 2 2 2 2 4 3 2 3 3 3 2 2 3 5 2 3 1 0 0 0 0
"581" 2 3 4 2 1 2 2 1 2 1 3 3 2 3 2 3 2 3 2 3 4 3 1 3 2 3 1 3 3 4 3 3 3 3 3 3 69 41 84 74 39 51 60 58 72 71 40 15 72 28 85 60 84 9 13 78 59 61 51 70 68 70 71 87 30 70 4 7 60 60 52 51 50 9 2 1 1 1 1 2 2 7 4 4 4 2 2 2 2 2 3 2 3 4 3 1 2 3 4 4 2 2 0 0 0 0 1
"582" 3 2 4 1 2 1 5 2 1 1 4 2 2 5 1 3 1 5 2 1 3 4 6 2 4 2 1 4 1 1 5 5 2 5 5 3 27 20 22 26 7 86 34 89 38 25 29 71 27 3 77 40 85 59 29 84 79 34 71 92 17 46 87 78 86 76 32 13 87 59 81 13 81 24 1 0 1 1 0 2 4 6 5 1 3 3 2 2 2 2 5 3 2 5 2 1 2 2 4 5 5 5 0 1 0 0 0
"583" 3 1 3 3 3 2 1 1 2 4 3 3 2 2 3 3 3 2 2 3 3 3 2 3 5 4 1 5 2 5 2 1 4 1 2 2 0 0 0 74 81 15 18 15 91 81 0 0 52 81 8 76 1 92 94 54 53 62 2 65 59 73 87 53 78 88 95 92 94 85 38 0 55 55 1 1 1 1 1 1 3 2 1 5 5 1 3 3 2 4 1 2 5 3 3 3 3 3 4 3 2 1 1 0 0 0 0
"584" 3 1 4 1 1 1 5 1 3 1 1 1 1 3 1 5 1 5 2 1 1 5 5 2 4 1 1 1 1 1 3 3 1 5 4 2 0 0 5 0 51 86 17 53 45 18 0 27 0 0 52 20 51 72 42 100 97 3 75 100 0 43 100 100 100 100 42 42 100 32 100 0 100 19 1 0 1 1 0 2 3 6 5 1 1 2 2 2 2 3 4 4 3 5 3 1 2 5 1 5 5 5 0 0 0 0 1
"585" 1 2 2 2 2 2 1 2 1 2 2 2 1 1 3 2 2 3 1 1 2 3 4 3 5 5 2 5 2 3 2 1 4 1 2 2 3 2 4 87 55 13 67 8 84 74 2 4 61 55 7 75 45 83 69 54 73 76 4 50 82 75 87 68 86 90 74 74 85 87 53 1 56 70 2 1 1 1 1 3 3 3 3 3 3 1 3 2 2 4 1 2 5 3 4 3 3 3 1 5 2 3 0 0 1 0 0
"586" 1 1 5 1 1 1 5 3 2 1 1 1 1 1 1 3 1 5 2 1 2 5 5 2 4 2 1 4 1 2 5 3 2 3 3 1 16 1 3 5 50 61 53 50 56 30 4 50 0 7 50 57 85 71 55 70 88 15 50 85 29 61 84 85 78 85 52 62 87 72 90 3 89 73 1 0 1 0 0 3 2 5 5 1 4 2 2 2 2 3 5 3 3 5 2 2 1 3 4 5 4 5 0 0 1 0 0
"587" 1 1 4 1 1 1 1 1 3 3 1 2 1 3 1 3 3 1 2 1 1 3 4 4 3 4 3 4 2 2 4 2 1 3 5 5 2 0 0 60 51 96 100 29 70 60 41 59 56 50 100 85 85 70 70 100 100 100 100 100 76 100 100 100 100 88 50 50 100 62 100 0 100 3 1 1 1 1 1 3 3 2 3 3 3 2 2 2 2 2 3 4 3 4 3 1 2 3 5 5 3 3 1 0 0 0 0
"588" 1 1 4 2 1 2 2 2 1 1 2 1 1 2 2 3 3 2 1 1 1 4 1 2 4 5 1 5 3 4 3 2 2 1 2 3 5 2 2 100 70 100 70 100 90 85 2 70 55 2 85 100 100 75 75 95 100 100 70 100 100 100 100 100 100 100 50 50 100 75 100 3 100 100 2 1 1 1 1 3 3 5 5 5 5 2 2 3 3 4 2 1 4 5 2 1 2 4 2 3 2 5 0 0 0 1 0
"589" 1 2 2 2 4 2 1 1 1 2 3 1 1 1 3 2 4 3 1 1 2 5 2 3 5 5 1 5 1 5 4 1 5 1 2 2 0 0 0 89 76 100 100 5 98 100 0 96 78 81 0 85 29 98 94 47 69 70 0 63 97 69 93 88 89 94 86 99 100 63 19 0 35 35 1 1 1 1 1 3 3 1 1 5 5 1 3 3 3 5 1 1 5 2 3 5 4 5 2 3 1 1 1 0 0 0 0
"590" 2 1 2 1 1 1 5 4 4 1 3 1 4 3 1 1 1 5 1 1 1 5 6 1 5 1 1 5 1 1 5 2 2 3 1 1 1 1 1 1 41 56 60 85 25 10 1 50 1 1 95 40 62 50 30 95 95 18 68 96 1 2 95 75 95 95 50 14 95 95 68 1 95 44 1 0 1 1 0 2 4 3 5 1 1 3 1 3 3 1 5 5 3 5 3 3 1 2 1 3 5 5 0 1 0 0 0
"591" 2 2 3 3 2 2 4 4 2 1 1 3 3 2 2 3 3 2 2 2 2 3 7 4 4 3 2 3 2 3 3 3 4 1 2 5 38 61 40 95 34 35 40 51 71 85 66 66 75 43 65 61 67 39 85 30 39 70 50 40 71 73 88 84 71 60 40 75 35 83 9 39 0 100 2 0 0 0 1 3 3 5 2 2 4 2 2 2 1 1 2 3 2 2 2 3 2 4 4 4 3 3 0 0 0 1 0
"592" 2 2 5 2 1 1 1 3 3 1 3 3 2 3 2 2 3 3 2 2 3 3 1 2 2 2 2 3 2 4 3 2 3 3 4 3 33 51 62 79 63 59 51 61 29 51 44 48 86 62 82 61 70 18 38 72 66 68 60 65 67 69 72 38 70 60 28 66 62 63 61 75 57 68 3 1 1 1 1 2 3 4 2 3 3 2 2 2 2 3 2 2 3 2 2 2 2 2 3 4 3 3 0 0 0 0 1
"593" 3 3 3 3 1 1 1 1 2 3 1 2 1 4 1 1 3 2 1 5 5 1 2 4 5 5 2 5 5 5 1 2 5 1 1 3 0 0 0 80 50 0 80 0 100 80 0 0 80 70 0 100 0 100 90 30 0 80 0 70 70 80 95 40 80 80 90 90 70 80 0 50 10 90 1 1 1 1 1 2 3 1 2 5 5 1 3 2 2 4 1 2 5 3 4 3 5 5 2 5 1 3 1 0 0 0 0
"594" 3 3 4 3 3 3 3 3 3 3 3 3 3 3 3 3 3 3 3 3 3 3 4 3 3 3 3 3 3 3 3 3 3 3 3 3 50 51 48 50 51 48 50 52 49 50 50 51 52 50 50 51 49 50 51 50 51 51 50 52 50 50 50 51 50 51 51 51 50 52 50 50 52 52 3 0 0 0 1 2 3 4 3 3 3 2 2 2 2 3 3 3 3 3 3 3 3 3 4 4 3 3 1 0 0 0 0
"595" 2 1 5 1 1 1 1 1 1 1 1 3 1 1 1 1 3 1 2 2 1 1 7 1 3 3 2 3 1 2 5 2 3 2 1 1 50 16 20 56 48 48 51 47 67 68 14 80 46 44 60 60 49 47 27 57 50 49 72 69 70 69 59 48 47 48 33 29 60 50 68 6 70 60 3 1 0 0 0 3 3 6 3 3 3 2 2 2 2 2 3 3 3 4 3 2 3 3 5 5 3 1 0 0 0 0 1
"596" 1 5 4 1 2 1 5 5 5 2 5 5 1 5 2 5 3 3 1 1 3 5 7 4 5 5 2 5 1 1 5 5 5 5 3 3 49 2 5 10 52 50 50 51 49 50 49 49 19 1 50 50 12 50 52 51 56 51 50 62 50 51 51 51 51 50 50 49 54 50 50 48 52 49 1 1 1 0 1 2 5 1 5 1 1 2 2 3 2 3 2 2 3 5 1 1 3 3 2 2 4 5 0 0 0 0 1
"597" 2 1 2 1 2 1 5 1 2 1 2 2 1 3 1 5 1 5 2 1 2 5 5 4 5 1 3 4 1 1 3 4 1 5 5 1 0 0 3 3 0 100 4 86 2 16 0 41 0 2 86 16 72 4 5 94 88 16 86 97 0 1 62 85 77 86 2 6 95 51 100 0 90 0 1 0 1 0 0 2 3 6 5 1 1 2 3 3 2 1 5 5 1 5 3 3 2 2 3 3 4 5 0 0 1 0 0
"598" 2 1 5 1 2 2 3 1 1 1 1 1 1 1 1 1 2 2 3 1 1 5 7 1 2 2 1 2 1 2 5 2 1 5 2 1 7 6 2 83 2 96 2 85 6 75 0 2 5 15 94 89 81 10 17 100 98 70 91 94 15 97 95 85 99 71 15 7 97 17 100 5 93 0 1 0 1 1 1 3 1 6 5 1 1 1 3 3 3 2 2 2 4 5 2 1 4 4 1 5 1 3 0 0 0 1 0
"599" 3 1 7 1 1 1 4 4 1 1 1 1 1 1 1 1 1 5 2 1 1 5 7 4 5 5 1 5 1 1 2 1 1 1 1 1 0 0 0 0 0 85 70 100 30 50 0 0 50 50 70 100 15 50 50 100 100 70 100 100 100 70 100 100 100 100 50 50 100 100 85 0 85 70 1 1 1 1 1 3 3 4 5 1 1 1 3 3 3 5 2 1 5 5 1 2 2 5 1 5 1 5 1 0 0 0 0
"600" 1 1 6 1 2 1 4 3 2 1 2 2 3 2 2 1 3 3 2 1 1 5 7 3 3 2 2 3 1 1 5 3 3 2 5 4 3 6 9 2 4 5 14 13 5 14 11 73 2 6 10 54 58 7 1 68 74 68 73 100 54 65 63 70 6 10 7 4 27 3 53 49 52 49 3 1 1 1 1 3 3 7 5 1 1 2 1 2 1 3 4 4 2 3 3 1 2 1 5 5 5 5 0 0 0 1 0
"601" 3 2 4 1 1 1 1 1 1 1 1 1 1 2 1 1 4 3 1 1 2 3 7 2 2 2 2 1 2 1 5 2 3 2 2 2 100 100 92 100 100 100 100 100 100 100 100 100 100 100 100 100 100 100 100 100 100 100 100 100 63 100 100 100 100 100 100 100 100 100 100 100 100 100 1 1 1 1 1 3 3 1 5 3 3 2 2 2 2 3 3 3 5 5 1 1 3 5 1 5 1 1 1 0 0 0 0
"602" 3 3 4 4 2 1 1 1 3 4 5 4 1 5 2 4 3 4 1 4 4 4 2 5 5 5 4 5 3 5 3 3 4 3 3 3 2 2 2 60 84 4 95 7 63 84 2 4 72 89 4 86 4 62 74 15 21 14 2 74 86 55 64 72 63 70 66 67 66 62 49 54 44 51 2 1 1 1 1 3 3 1 4 3 3 1 2 2 2 4 2 3 3 3 3 3 4 4 3 4 3 4 1 0 0 0 0
"603" 3 4 4 3 3 3 3 3 3 2 5 3 3 3 3 3 3 3 1 3 3 3 7 2 2 1 2 5 2 2 4 5 5 5 3 3 10 1 18 5 9 19 12 53 13 5 8 14 33 1 42 8 47 14 32 33 52 17 54 72 12 21 26 39 52 18 10 22 17 14 5 8 18 20 2 1 1 1 1 2 3 1 3 3 3 2 2 2 2 1 3 4 1 3 3 3 2 3 5 4 3 5 1 0 0 0 0
"604" 3 1 3 3 1 1 1 1 1 2 2 2 1 1 2 3 2 2 1 4 4 3 2 2 5 4 1 5 3 5 1 1 2 1 2 3 0 0 0 100 100 0 100 0 100 100 0 0 100 100 0 90 49 100 100 49 15 100 0 39 100 100 100 50 100 100 100 100 100 39 50 0 49 100 1 1 1 1 0 2 3 1 3 1 2 1 3 3 2 5 1 1 5 5 5 5 2 2 1 5 1 1 1 0 0 0 0
"605" 1 1 7 1 2 2 5 4 5 2 4 4 2 4 2 5 2 3 1 1 1 5 7 2 2 5 1 4 1 1 5 3 1 1 1 2 20 0 0 13 7 65 16 74 0 1 0 67 0 27 100 16 80 4 12 100 100 86 84 100 74 100 95 100 100 91 8 0 95 72 100 10 93 94 1 1 1 1 1 3 2 6 5 1 1 2 2 2 2 1 5 5 1 5 3 1 1 2 4 3 5 5 0 0 0 1 0
"606" 1 2 2 2 1 1 1 2 2 1 2 3 1 2 1 3 2 3 2 2 3 4 3 2 5 5 2 5 2 2 5 3 4 2 2 2 53 4 4 51 52 52 51 52 54 62 5 52 54 53 51 56 62 54 55 54 73 63 40 52 52 63 100 62 64 62 54 53 63 64 66 52 53 63 2 0 1 0 0 2 3 1 4 2 2 1 2 2 2 2 1 4 4 5 2 1 2 4 3 5 3 5 1 0 0 0 0
"607" 3 1 3 1 1 1 1 1 1 1 1 1 1 2 2 1 3 4 1 1 1 4 4 1 5 4 1 5 1 5 3 1 1 1 1 1 0 0 0 100 51 0 100 0 100 100 0 0 100 100 0 100 34 100 100 0 85 92 0 85 100 91 100 65 100 100 100 100 100 95 100 0 100 65 1 1 1 1 1 3 3 1 1 3 3 1 3 3 2 5 2 2 5 5 2 3 5 5 2 5 1 1 1 0 0 0 0
"608" 2 1 2 1 1 1 2 1 1 1 2 2 1 2 1 2 1 5 1 3 3 5 7 2 4 3 2 1 1 1 5 3 3 3 1 1 45 10 50 63 43 96 72 100 61 72 61 58 75 43 83 78 61 64 61 100 73 63 100 100 62 77 75 100 73 63 55 43 100 83 73 37 87 88 1 0 1 0 0 1 3 4 5 1 1 2 2 2 2 2 5 5 3 3 3 3 2 3 3 3 4 5 0 0 0 1 0
"609" 3 3 5 1 1 1 1 1 1 1 4 1 1 3 1 3 3 4 2 3 4 4 7 4 5 2 1 1 2 5 3 5 5 3 1 1 0 0 0 100 0 50 100 70 71 50 6 16 2 38 50 78 27 63 70 70 50 59 0 8 100 60 85 40 40 50 51 71 70 54 4 0 4 28 1 1 1 1 1 3 3 1 5 1 1 1 3 3 3 5 4 5 5 5 2 1 3 4 2 4 1 5 1 0 0 0 0
"610" 1 2 3 1 1 2 2 4 3 2 2 2 1 2 2 3 2 2 1 1 2 4 5 3 4 4 1 5 1 1 3 2 2 2 3 4 12 2 2 16 14 48 41 69 48 4 3 5 51 1 81 29 61 70 3 84 100 82 86 84 70 84 86 86 79 85 2 1 86 49 82 3 84 49 2 0 1 1 0 2 2 5 4 1 1 1 3 2 2 2 2 3 4 5 2 1 2 2 4 4 3 4 0 1 0 0 0
"611" 2 1 7 1 1 1 3 3 5 1 3 2 1 3 1 5 1 4 1 3 3 3 7 2 4 2 1 5 1 1 3 2 1 3 3 2 0 0 0 0 50 0 0 100 0 52 0 0 0 0 15 55 49 0 54 53 51 40 88 100 50 52 0 96 53 100 15 4 100 49 74 0 87 15 1 1 1 1 1 2 5 5 5 1 1 3 1 2 3 1 5 5 1 5 3 3 5 5 1 5 4 5 0 0 0 1 0
"612" 1 2 6 1 1 1 4 3 3 1 2 2 2 4 1 4 1 5 2 1 1 4 7 2 4 2 2 5 2 1 5 3 2 4 4 1 0 0 0 0 50 40 40 50 40 50 0 40 0 0 30 15 40 50 30 70 85 30 60 70 40 40 50 50 40 50 30 15 70 40 85 0 85 15 2 0 1 1 1 3 1 4 5 1 1 3 2 2 2 1 5 5 1 4 4 3 2 5 3 4 4 5 0 0 1 0 0
"613" 3 1 4 1 1 1 5 4 2 1 5 4 2 5 1 4 1 5 2 1 2 4 6 2 5 3 1 5 1 1 5 5 5 5 4 4 1 1 1 1 16 1 2 70 2 1 1 1 1 1 1 52 2 30 1 61 85 1 72 87 1 8 60 79 79 70 4 2 70 8 15 1 15 1 2 1 1 1 0 3 4 6 5 1 1 2 1 2 2 1 5 5 1 5 3 2 1 2 3 5 5 5 0 0 0 1 0
"614" 2 1 5 2 2 1 4 5 2 2 4 2 2 4 1 3 1 4 2 1 1 4 6 3 3 2 2 5 1 1 2 4 4 3 3 2 50 0 0 0 50 50 80 50 60 50 0 50 30 15 50 70 50 70 50 70 85 15 50 85 70 30 70 70 70 70 50 50 70 70 70 30 70 50 4 1 1 0 0 3 3 3 5 3 1 2 2 2 2 1 4 4 3 3 4 3 2 4 3 5 4 5 0 1 0 0 0
"615" 2 2 4 1 1 1 1 1 1 1 3 2 1 2 1 2 3 3 1 3 2 4 5 3 5 4 1 5 2 2 5 3 3 3 3 3 5 5 2 2 50 50 69 50 80 12 6 8 28 50 70 76 54 83 78 87 94 50 86 93 92 72 80 84 70 84 70 81 84 82 20 6 10 4 3 1 1 1 1 3 3 1 3 3 3 2 2 2 2 2 3 4 3 4 3 3 3 3 4 3 3 3 1 0 0 0 0
"616" 1 1 7 1 1 1 2 2 2 1 3 4 3 3 2 5 3 3 1 1 1 3 6 3 5 3 1 5 1 1 4 3 4 2 1 2 45 5 17 13 26 63 65 61 7 65 51 35 54 7 52 87 85 35 17 89 100 74 85 100 82 98 77 100 55 43 4 5 65 22 34 11 19 58 2 1 1 0 0 3 3 1 5 3 3 1 2 3 2 1 2 4 2 5 3 2 3 1 4 2 5 5 1 0 0 0 0
"617" 2 2 1 1 1 1 2 2 1 1 1 1 1 1 1 1 2 3 1 1 3 4 1 1 5 5 1 5 3 3 2 3 3 3 2 2 1 1 2 60 96 95 98 7 93 51 1 2 71 51 28 96 46 96 70 88 96 87 10 90 96 51 96 97 98 99 74 51 98 97 50 50 50 50 2 1 1 1 1 3 2 2 5 3 3 1 3 2 2 3 2 3 4 3 4 3 4 4 1 5 3 4 1 0 0 0 0
"618" 1 2 5 1 2 1 3 4 4 1 3 3 4 2 4 3 1 4 1 1 2 4 5 3 4 3 1 5 1 3 4 2 2 2 3 3 5 3 4 6 52 38 71 51 40 77 6 23 24 12 19 45 53 51 41 51 85 52 51 83 72 57 54 60 52 90 41 32 76 40 81 10 87 63 2 0 1 1 0 2 1 3 5 2 2 1 3 2 1 2 2 4 3 3 5 3 2 3 4 5 4 5 1 0 0 0 0
"619" 1 4 6 4 4 3 4 5 3 4 3 3 3 2 4 5 3 4 1 2 3 3 4 4 4 4 3 5 2 2 4 1 2 5 4 4 0 1 0 2 50 12 7 60 4 2 4 4 6 2 0 20 39 1 8 14 48 62 12 19 32 59 10 84 16 15 0 1 70 0 85 0 86 0 5 0 0 0 0 2 3 1 4 3 3 1 2 2 2 2 3 4 2 3 2 3 3 3 3 3 3 4 1 0 0 0 0
"620" 3 1 2 1 1 1 2 1 1 2 2 2 1 2 1 2 2 2 2 2 1 4 7 4 2 4 2 4 1 1 4 4 4 1 1 1 71 87 30 14 30 50 40 50 85 31 30 15 64 16 31 15 16 13 14 39 39 31 16 30 61 15 50 86 29 39 50 13 89 31 87 6 70 4 1 1 1 1 1 3 1 1 2 4 2 1 3 3 3 4 1 1 5 4 4 2 4 4 2 2 1 2 1 0 0 0 0
"621" 3 2 3 2 2 1 2 2 2 1 2 2 2 2 2 2 2 2 2 2 2 5 2 2 2 1 1 1 2 2 2 2 2 4 3 3 26 19 10 24 32 51 49 71 5 50 58 73 61 5 77 67 70 2 0 75 53 72 16 38 9 71 15 84 58 60 4 3 40 19 62 11 58 4 2 1 1 1 1 3 1 6 4 1 1 1 3 2 2 1 2 2 2 4 2 3 2 4 2 3 2 5 0 0 0 0 1
"622" 3 1 6 1 2 2 5 1 1 2 2 2 1 3 1 4 1 5 1 4 3 4 6 1 4 2 4 5 1 2 2 2 1 4 4 2 15 0 0 15 65 95 90 90 25 25 0 25 15 0 80 45 45 65 25 85 65 15 85 90 0 40 85 80 85 80 25 25 90 75 80 0 85 50 1 0 1 1 0 1 3 6 5 1 1 2 2 1 2 4 5 2 4 5 1 1 2 3 4 5 4 5 0 0 0 1 0
"623" 2 1 4 1 1 1 5 5 3 1 3 2 1 5 1 5 1 5 1 1 2 5 7 2 3 2 1 5 1 1 5 4 1 2 4 2 0 0 0 15 53 73 100 0 0 31 1 16 0 0 100 59 0 87 55 72 70 14 100 100 0 43 100 70 100 85 0 14 100 75 77 0 77 50 1 0 1 0 0 3 1 6 5 1 1 2 2 2 2 1 5 3 2 3 5 3 2 3 5 5 3 5 0 0 0 1 0
"624" 3 1 4 1 1 1 1 2 2 2 3 2 1 2 2 2 3 3 2 1 2 4 5 4 5 5 4 5 1 1 1 2 2 2 2 3 3 5 3 55 9 52 66 52 66 58 3 8 53 50 55 53 82 0 79 100 84 59 84 85 73 71 100 97 88 100 51 54 100 92 53 0 52 52 1 1 1 0 0 1 3 1 5 5 5 1 3 3 2 2 4 3 3 2 3 2 2 3 3 2 4 4 1 0 0 0 0
"625" 2 5 4 2 4 2 4 3 2 2 3 3 2 2 2 3 5 3 3 3 4 3 7 5 3 3 5 3 4 2 4 3 3 3 3 2 0 0 0 17 0 100 100 95 0 43 50 100 50 50 50 50 50 0 0 100 85 50 98 50 0 50 100 100 100 0 0 0 91 0 50 50 0 50 5 1 1 1 1 2 3 7 3 3 3 2 2 2 2 3 3 3 3 3 3 3 3 3 4 4 4 3 0 0 0 0 1
"626" 3 4 1 5 3 2 1 2 4 5 2 2 2 4 3 1 3 3 1 5 5 1 1 5 5 5 4 5 5 5 1 3 5 3 1 2 0 0 0 100 50 0 100 49 100 50 0 0 50 50 31 80 0 100 100 50 0 50 0 100 85 50 100 50 100 100 100 100 100 100 0 50 17 100 1 0 1 0 1 1 5 1 1 5 5 1 3 3 3 5 1 1 5 3 5 1 5 5 1 5 2 3 1 0 0 0 0
"627" 3 2 4 2 2 2 2 5 3 3 3 1 4 2 4 5 2 4 1 1 1 3 6 3 5 3 4 5 2 3 2 1 1 3 3 1 10 0 5 10 40 33 50 90 40 33 10 5 20 10 33 65 25 50 50 50 60 60 55 90 45 50 50 50 50 50 50 50 88 50 80 0 75 8 1 1 1 1 0 2 5 3 5 1 1 2 2 2 2 1 5 5 2 5 2 1 1 2 4 5 4 5 0 1 0 0 0
"628" 1 4 4 5 3 3 1 4 4 3 2 1 1 1 2 2 3 3 1 5 5 1 4 4 5 5 1 5 5 5 1 1 5 1 2 4 0 0 0 50 49 52 9 12 9 63 0 0 62 0 0 87 0 51 0 50 14 14 0 51 99 49 99 51 99 51 0 0 51 52 29 30 99 99 1 1 1 1 1 3 5 1 5 1 1 1 3 3 3 5 1 1 5 5 5 3 1 2 1 5 1 5 0 0 1 0 0
"629" 2 1 2 4 3 3 1 1 1 3 3 2 1 1 5 2 3 3 1 3 4 3 1 4 5 5 1 5 3 5 2 1 4 2 3 4 0 0 0 85 75 0 85 0 85 85 0 0 85 85 0 75 30 85 85 0 35 85 0 75 85 75 75 74 75 75 85 75 75 75 40 30 75 75 3 1 1 1 1 3 3 2 1 5 5 1 3 2 2 4 1 1 5 3 5 4 5 5 3 5 2 3 1 0 0 0 0
"630" 2 1 1 3 2 1 1 1 1 3 3 2 2 2 2 2 2 2 1 3 4 2 2 4 5 5 2 5 5 5 1 1 4 1 2 2 0 0 0 85 90 5 95 5 90 90 0 0 85 90 0 85 50 95 90 15 40 80 0 15 95 85 90 70 90 90 85 85 90 90 50 30 60 75 1 1 1 1 1 3 5 1 2 3 3 1 3 3 2 5 1 1 5 3 5 3 5 5 2 5 1 3 1 0 0 0 0
"631" 2 1 4 1 1 2 1 2 1 1 3 3 1 3 2 3 2 3 1 1 2 3 3 3 4 2 1 3 3 3 3 2 2 2 1 2 0 0 0 86 49 85 85 0 5 16 0 0 0 49 0 80 62 16 15 80 30 86 0 61 78 86 85 86 61 86 0 15 70 61 51 15 50 50 2 1 1 1 1 3 2 3 5 3 3 1 2 2 2 5 2 3 4 3 5 3 3 3 4 4 2 3 1 0 0 0 0
"632" 2 3 4 2 1 1 3 4 3 2 4 4 2 4 2 4 3 3 2 1 2 4 5 4 4 3 1 1 2 2 4 4 4 4 4 4 3 0 0 48 0 54 52 50 33 35 0 0 34 6 53 65 91 57 76 100 100 66 33 97 99 100 97 99 100 71 51 46 71 62 71 65 69 78 2 1 1 1 1 3 5 4 5 5 1 2 2 2 2 2 5 3 2 3 2 2 3 3 3 4 3 4 0 0 0 1 0
"633" 2 4 4 4 3 3 2 3 4 3 2 5 3 2 1 2 3 3 1 3 4 2 4 3 5 1 5 5 3 1 5 2 2 3 4 4 0 7 1 32 73 100 100 1 51 62 0 53 19 21 52 1 14 62 100 65 50 53 17 100 17 63 99 100 99 61 100 100 71 55 52 50 50 50 1 1 1 1 0 3 3 1 3 3 3 1 2 2 2 2 3 4 2 2 4 2 1 2 3 2 2 3 1 0 0 0 0
"634" 1 1 6 1 1 1 5 1 1 2 2 1 3 4 1 5 1 5 2 1 2 5 7 3 5 1 1 1 1 1 5 3 1 4 4 2 0 0 0 0 0 100 0 85 0 0 1 43 0 0 88 51 89 0 0 94 85 15 82 99 0 53 52 98 51 53 0 0 87 50 98 0 97 14 1 0 1 0 0 2 2 7 5 1 1 2 2 2 2 1 5 5 1 5 5 1 1 4 3 5 3 5 0 0 0 0 1
"635" 3 1 7 1 2 2 1 1 3 2 2 3 2 1 2 3 4 3 1 1 1 5 7 2 5 5 2 5 1 1 5 1 1 3 4 4 0 0 0 0 55 0 100 50 65 40 0 0 40 0 0 55 45 55 53 50 98 75 50 95 100 98 65 85 85 55 54 50 54 55 49 0 55 55 1 1 1 0 0 3 5 2 3 4 4 1 1 2 3 2 3 5 2 3 3 3 2 3 3 4 3 4 1 0 0 0 0
"636" 1 1 7 1 2 1 5 4 5 1 5 5 5 4 1 5 1 4 1 1 2 5 7 1 4 2 1 5 1 1 5 3 3 3 5 5 0 0 0 0 0 50 50 50 0 75 0 25 0 0 50 40 50 20 0 50 80 20 50 50 50 25 50 75 50 35 0 0 50 20 0 0 0 0 2 1 1 1 0 3 3 3 5 1 1 3 1 2 2 1 5 5 1 5 3 3 2 3 5 5 5 5 0 0 1 0 0
"637" 2 3 2 1 1 1 4 1 3 1 1 1 3 2 1 1 1 4 2 1 1 5 4 1 3 1 1 3 1 1 5 4 1 3 2 1 15 0 0 0 50 95 15 95 0 0 0 50 0 0 40 50 83 50 0 70 100 0 86 100 0 30 100 95 85 100 0 0 100 84 85 0 95 70 1 0 1 0 0 2 3 6 5 1 1 2 2 2 2 1 5 4 2 5 3 3 1 2 4 3 5 5 0 1 0 0 0
"638" 3 1 3 5 1 1 1 1 2 4 1 2 1 2 1 2 2 3 1 3 4 3 1 3 5 5 2 5 4 5 1 1 5 1 2 3 0 0 0 85 100 31 84 29 94 100 0 0 100 100 10 100 7 85 84 40 46 85 0 54 84 100 86 70 85 85 85 85 85 85 22 0 50 65 3 1 1 0 0 1 1 2 1 4 4 1 3 3 2 5 1 1 5 3 5 5 3 5 1 1 1 1 0 0 1 0 0
"639" 1 2 4 1 4 1 5 1 5 3 3 5 1 3 1 5 1 5 2 5 5 1 3 3 5 3 2 5 2 5 4 5 1 1 4 5 51 28 49 17 51 20 32 100 12 50 1 50 50 0 52 78 30 28 50 100 19 12 100 100 50 16 100 51 100 48 50 51 100 100 100 0 100 100 1 1 1 1 1 2 3 4 5 1 1 2 2 1 2 3 3 3 3 5 3 3 1 3 5 5 5 5 0 0 1 0 0
"640" 3 2 3 4 2 2 2 2 1 4 3 4 1 3 2 4 3 3 1 2 3 3 3 2 5 5 1 5 2 5 3 2 5 1 3 4 0 0 0 56 100 1 88 0 100 79 0 0 88 51 0 85 7 100 100 26 72 75 0 55 100 85 42 50 73 50 100 100 49 58 49 0 60 85 2 1 1 1 1 1 4 2 4 4 4 1 3 3 2 5 1 2 5 4 5 3 5 5 4 3 2 3 1 0 0 0 0
"641" 1 3 3 3 2 2 2 3 1 3 2 2 2 1 2 2 3 2 2 3 3 3 5 3 2 3 2 3 3 4 3 3 3 2 3 3 14 57 30 83 70 48 41 24 45 43 7 81 41 16 42 56 68 96 61 58 58 69 16 53 60 60 85 60 75 56 59 61 10 47 71 53 53 93 3 1 1 1 1 2 3 1 3 2 3 2 2 2 2 3 3 3 3 3 2 2 3 4 4 4 3 3 1 0 0 0 0
"642" 2 1 6 1 2 1 5 5 4 1 3 3 4 3 1 4 1 4 1 1 1 4 7 1 3 1 1 5 2 2 3 2 2 3 4 4 7 0 0 15 70 66 68 78 16 68 0 31 3 0 67 4 72 30 24 80 82 51 77 71 43 78 74 78 76 95 7 36 66 39 67 0 72 19 2 1 1 1 0 2 4 3 5 5 3 1 2 2 3 2 3 3 2 2 4 3 2 2 4 3 4 5 0 0 1 0 0
"643" 1 4 6 4 2 3 1 2 1 2 3 2 1 3 5 3 2 1 1 2 4 3 1 3 5 5 1 5 3 5 3 2 3 1 1 2 1 1 7 73 75 10 81 6 84 93 2 1 83 79 4 81 17 82 85 17 51 74 3 50 89 71 90 49 66 84 87 83 75 65 50 6 54 52 2 1 1 1 1 3 4 3 3 5 5 1 3 3 3 5 1 1 5 1 5 5 5 5 1 5 1 4 1 0 0 0 0
"644" 3 1 4 3 3 1 1 1 1 3 3 1 1 1 5 2 3 3 1 3 4 3 4 2 5 5 1 5 1 5 3 1 4 1 1 1 1 1 1 64 100 50 100 100 73 100 1 1 75 100 1 97 1 100 99 1 52 86 1 68 100 78 100 100 100 100 100 100 100 100 29 1 26 61 1 1 1 1 1 1 5 1 3 2 3 1 3 3 2 3 1 1 4 3 3 3 5 5 2 5 1 1 1 0 0 0 0
"645" 1 1 1 2 2 1 1 1 1 3 3 3 2 1 3 3 2 3 1 1 3 3 3 3 5 4 1 5 3 5 1 1 3 1 1 1 0 0 0 55 50 5 90 0 60 85 0 0 40 25 5 60 50 50 50 66 60 60 0 70 90 50 50 50 50 50 50 50 50 50 50 0 50 50 1 0 1 0 0 1 3 2 3 3 3 1 3 2 1 4 2 3 5 4 4 5 3 5 3 3 3 4 0 0 1 0 0
"646" 2 2 3 3 2 2 1 1 2 3 3 2 1 2 2 2 2 2 1 3 4 4 3 3 5 3 1 5 3 5 1 1 4 2 2 3 0 0 0 85 85 5 95 15 75 59 0 0 95 76 1 86 20 100 85 50 25 86 0 80 100 85 100 85 100 100 91 93 100 85 30 1 85 74 1 1 1 1 0 2 4 2 3 2 2 1 3 3 3 5 2 2 5 4 5 4 4 5 1 5 2 3 1 0 0 0 0
"647" 3 1 3 1 1 1 3 3 2 1 3 1 1 1 1 1 3 2 1 4 3 3 7 3 4 4 1 4 3 3 3 3 3 3 3 3 24 2 1 70 50 55 17 16 67 56 3 65 19 4 2 52 45 83 75 73 51 71 17 100 51 82 72 73 73 42 78 52 75 67 62 12 51 56 3 1 1 1 1 3 4 4 4 3 3 2 2 2 2 3 3 4 3 4 4 3 2 4 4 5 3 3 0 1 0 0 0
"648" 1 1 4 1 2 1 4 1 2 2 4 3 1 3 1 4 1 3 1 1 3 5 4 2 5 2 3 5 1 2 5 2 3 4 2 3 30 11 17 51 51 71 62 72 52 51 5 18 42 51 52 51 40 49 55 71 85 42 52 72 51 43 71 50 50 50 50 51 50 51 50 16 50 31 1 1 1 1 1 3 3 4 5 1 1 2 2 2 2 4 4 3 4 4 3 3 2 4 4 3 3 5 0 0 0 1 0
"649" 1 3 4 1 2 3 5 3 1 2 4 3 2 3 2 5 1 5 1 4 5 3 7 2 5 3 2 5 1 1 5 2 1 4 5 1 51 52 43 0 52 9 50 79 82 13 50 51 0 0 41 0 50 71 83 49 2 12 79 84 50 3 0 100 33 84 84 86 50 0 53 0 50 0 1 0 1 0 0 2 3 3 4 1 1 2 1 2 2 1 5 5 1 3 2 2 2 3 5 5 5 5 1 0 0 0 0
"650" 1 3 4 2 2 2 3 1 2 2 3 2 1 2 2 3 2 3 1 3 4 3 4 3 5 3 3 5 3 3 3 1 1 1 1 3 15 15 16 50 50 40 71 83 49 59 4 50 65 50 50 71 40 51 50 71 41 51 61 82 76 50 71 61 70 62 49 50 79 50 73 50 69 50 2 1 1 1 1 2 1 1 5 2 2 1 3 2 1 2 2 3 4 3 3 1 2 3 4 2 3 3 1 0 0 0 0
"651" 3 3 7 1 3 2 3 2 2 1 2 1 3 1 1 3 2 5 2 1 2 5 5 1 2 5 2 4 1 1 5 1 1 1 4 2 0 0 0 0 0 70 0 0 0 11 0 72 49 0 61 61 29 0 0 80 77 50 0 86 0 50 24 52 30 61 0 0 85 48 99 0 100 68 2 1 1 1 1 3 5 5 5 1 1 2 2 2 2 1 5 5 1 5 2 2 2 4 4 5 5 5 0 1 0 0 0
"652" 2 2 5 3 3 1 3 1 1 1 4 2 2 4 2 4 3 2 1 1 2 5 7 3 5 2 2 5 1 1 5 2 2 2 3 4 3 4 3 49 76 16 75 55 54 76 52 35 21 2 30 62 31 53 34 66 76 70 21 73 89 57 54 100 45 63 44 31 65 19 20 23 21 23 1 1 1 1 1 3 3 2 5 1 1 2 2 3 2 1 5 2 1 4 2 3 2 2 5 5 4 5 1 0 0 0 0
"653" 2 1 2 1 1 1 5 1 2 1 4 3 1 4 1 5 1 4 1 2 2 4 6 2 4 4 1 4 1 1 3 5 3 3 5 4 0 0 0 8 50 89 0 78 0 25 0 0 0 0 51 16 68 50 50 89 83 24 88 87 0 61 81 70 79 82 48 10 86 50 81 0 73 42 1 1 1 0 0 2 4 6 5 1 1 2 2 2 2 2 5 3 4 5 3 2 2 4 4 3 5 5 0 1 0 0 0
"654" 1 1 4 1 1 1 3 1 1 1 3 1 1 3 1 5 5 5 1 3 4 5 7 4 5 3 1 5 1 1 3 2 1 5 3 1 0 0 0 0 61 0 67 42 63 100 0 0 0 0 0 0 43 100 30 35 39 32 51 100 50 87 74 72 71 81 43 0 86 31 100 0 67 0 1 1 1 0 0 3 3 1 3 1 5 1 3 3 2 4 1 1 5 3 3 3 4 4 4 5 1 1 1 0 0 0 0
"655" 2 2 5 1 2 2 4 3 2 3 3 3 2 3 2 5 4 3 2 2 2 4 4 4 3 5 2 4 2 2 5 4 4 4 2 2 49 4 1 7 6 59 11 30 5 17 28 19 16 38 22 69 70 3 8 85 86 69 50 70 79 39 83 81 60 48 4 6 30 16 6 6 10 13 2 1 1 1 1 3 3 2 4 2 4 2 2 2 2 2 4 4 2 3 3 3 2 3 3 5 5 5 1 0 0 0 0
"656" 3 3 7 1 2 2 5 5 4 2 4 5 3 4 3 5 2 5 2 2 2 4 6 3 5 3 4 5 1 2 5 4 4 3 4 4 0 0 0 0 20 6 5 5 0 2 0 0 0 0 0 12 15 10 5 30 50 15 10 60 10 15 30 30 30 30 5 2 30 30 6 0 30 30 3 1 1 1 1 3 3 4 5 1 1 2 2 2 2 2 5 4 2 4 4 2 2 4 2 5 4 5 0 0 0 1 0
"657" 3 5 5 3 1 1 4 1 2 3 4 4 4 4 3 4 2 4 1 1 3 3 5 1 5 2 3 5 3 4 1 5 4 4 3 4 18 1 1 28 75 2 100 30 59 28 6 7 66 3 24 100 35 94 57 50 82 48 40 50 100 84 59 86 74 94 50 50 61 50 71 50 80 50 1 0 1 0 0 2 4 1 4 3 3 2 2 3 1 2 5 3 2 5 3 1 2 5 3 5 3 5 1 0 0 0 0
"658" 2 3 7 1 3 2 5 2 3 1 2 3 5 5 1 5 1 5 2 1 2 5 7 3 4 2 3 3 1 1 4 5 1 4 4 3 3 3 7 8 42 100 13 99 10 21 32 98 4 1 88 30 43 43 17 99 99 14 87 100 2 30 48 53 50 50 13 10 59 43 85 2 86 24 1 0 1 0 0 2 5 7 5 1 1 3 1 2 2 1 5 4 2 5 5 3 4 4 3 5 5 5 0 0 1 0 0
"659" 2 2 4 1 2 1 5 1 5 1 3 1 2 3 1 5 1 5 1 1 1 5 7 2 5 2 1 2 1 1 4 1 1 5 3 2 0 0 0 1 2 100 8 97 1 6 30 100 1 0 50 15 58 1 0 92 89 70 99 90 0 0 15 99 40 41 0 1 85 1 98 1 86 1 1 0 1 1 0 1 2 7 5 1 1 2 2 2 2 1 5 5 2 5 3 2 2 2 5 5 5 5 0 0 0 0 1
"660" 1 1 4 1 2 1 1 1 1 1 3 2 1 1 1 3 3 4 1 2 3 5 7 2 4 5 1 5 1 3 4 1 4 2 2 2 0 0 0 87 50 100 95 0 51 85 0 16 95 51 0 100 15 51 50 50 86 95 0 51 100 70 50 49 50 50 15 51 51 50 50 0 75 50 2 1 1 1 1 2 3 1 5 1 5 1 2 2 2 2 3 4 3 3 3 3 2 5 4 5 3 5 1 0 0 0 0
"661" 2 2 6 2 3 2 1 1 1 3 2 1 1 1 3 1 3 3 1 4 3 3 2 4 5 5 1 5 2 4 1 1 2 2 2 2 0 0 0 71 61 40 89 50 87 93 0 2 69 50 5 78 41 86 76 67 71 78 0 78 100 51 97 88 93 87 85 85 93 83 51 0 71 50 1 1 1 1 1 3 3 1 2 4 4 1 3 3 1 5 1 2 5 3 3 3 5 5 4 5 3 4 1 0 0 0 0
"662" 1 2 7 2 1 1 3 1 1 1 2 3 1 2 1 2 2 3 2 1 1 4 5 3 5 3 1 2 2 2 4 2 2 2 1 1 0 0 0 52 40 87 42 31 73 15 0 0 41 50 50 87 73 74 71 100 89 72 0 100 50 73 100 100 100 100 77 75 100 89 70 0 88 52 1 1 1 1 1 3 2 5 3 4 4 1 3 3 3 4 3 3 4 4 3 4 3 2 4 5 2 3 0 0 0 1 0
"663" 1 1 4 1 1 1 1 1 1 1 2 2 1 2 1 2 2 3 1 1 1 5 7 2 2 1 2 1 1 1 5 4 2 5 4 4 60 64 56 43 62 68 50 50 40 50 59 50 60 48 67 50 55 50 40 50 65 64 50 40 60 65 49 59 68 50 66 50 61 65 52 70 61 66 1 1 1 1 1 3 2 1 5 1 5 2 2 3 2 2 4 4 2 4 2 3 2 4 2 3 4 3 1 0 0 0 0
"664" 3 5 4 1 1 1 1 1 2 1 5 5 1 5 1 3 3 3 1 3 1 3 4 3 4 5 1 5 3 3 3 3 3 3 5 5 3 1 1 2 1 3 50 2 3 2 2 2 2 1 1 50 50 2 1 50 100 49 50 50 50 50 4 100 50 100 1 2 50 2 2 2 2 2 5 1 1 1 1 2 3 1 3 3 3 2 3 2 2 5 3 5 3 3 3 3 3 3 5 5 5 5 1 0 0 0 0
"665" 1 3 4 1 1 1 5 5 1 1 3 2 1 5 1 5 1 5 2 1 1 5 7 1 4 5 2 2 1 1 3 5 2 3 5 2 1 0 1 1 50 100 1 99 52 1 25 50 1 1 50 6 50 50 2 86 85 25 96 78 1 1 82 99 61 51 0 1 96 44 100 0 79 50 1 1 1 1 1 3 5 7 5 1 5 2 2 2 2 1 5 5 1 5 3 3 2 1 3 5 5 5 0 0 0 0 1
"666" 1 1 5 3 2 2 2 2 3 3 3 4 3 4 2 4 3 3 2 1 1 4 6 2 5 5 4 5 3 4 2 2 3 3 3 3 17 10 16 51 39 69 59 66 65 67 14 40 27 50 59 41 39 71 60 95 95 36 70 67 84 85 84 82 69 68 59 62 70 69 56 50 66 50 2 1 1 1 1 3 3 2 3 5 5 1 2 3 2 4 3 3 4 4 3 2 3 4 4 5 2 3 1 0 0 0 0
"667" 1 2 4 3 2 1 3 1 1 2 4 1 3 4 2 4 2 3 2 3 4 3 3 4 5 4 3 5 3 5 3 3 4 3 3 4 3 1 56 100 21 30 2 8 37 13 42 29 78 3 31 93 45 90 18 15 17 71 15 83 92 56 94 57 31 9 13 14 75 5 44 2 58 41 4 0 1 0 1 2 2 1 4 1 1 1 3 3 2 3 2 2 4 4 2 3 2 2 4 5 2 3 1 0 0 0 0
"668" 1 3 3 4 2 3 4 4 1 3 3 2 4 3 2 2 3 3 2 4 4 3 3 4 3 5 2 1 4 2 5 3 2 4 2 3 91 92 9 25 96 94 59 2 84 86 5 85 52 90 95 8 54 58 89 50 96 1 87 97 52 83 99 98 65 88 100 42 93 95 9 25 77 58 4 1 0 0 1 3 3 6 3 3 2 2 1 3 3 1 3 2 3 2 3 3 3 4 3 4 2 3 0 0 0 0 1
"669" 2 1 5 2 1 1 2 1 1 1 1 1 1 3 1 2 2 4 2 2 3 5 3 3 5 1 2 2 3 3 1 2 1 1 1 1 49 1 1 83 49 48 50 1 50 51 1 2 49 1 51 86 62 50 42 95 62 72 1 89 16 76 100 86 100 100 1 1 95 71 100 100 100 100 4 1 1 1 1 3 1 6 5 1 1 1 3 1 1 5 1 1 5 5 5 1 3 5 1 5 1 5 0 1 0 0 0
"670" 3 1 2 1 2 1 1 3 1 2 3 4 3 2 5 2 2 2 1 5 5 2 2 2 2 3 1 5 2 1 5 1 3 2 2 2 56 48 16 86 4 80 90 68 10 94 68 15 28 35 19 41 94 8 11 100 18 43 71 54 84 23 93 92 33 53 14 11 24 68 100 89 87 87 2 1 1 1 1 2 2 2 2 2 1 1 3 2 1 2 1 1 4 5 1 2 2 2 1 3 2 3 0 1 0 0 0
"671" 3 2 6 1 2 1 5 4 3 1 3 4 3 5 1 4 1 5 1 1 1 5 7 3 4 4 1 4 1 1 4 5 2 4 4 4 5 7 5 2 50 62 38 69 4 7 11 15 7 6 8 6 24 24 3 32 92 12 75 41 5 28 15 64 36 59 7 8 30 9 55 8 51 6 3 1 1 1 1 3 5 4 5 1 1 3 1 2 2 1 5 5 2 5 4 4 2 2 5 5 5 5 0 0 0 1 0
"672" 1 3 4 2 2 1 1 3 3 1 1 2 4 1 1 2 1 5 2 1 3 3 3 3 5 4 2 5 1 2 2 5 3 1 3 3 0 0 0 0 50 50 45 50 50 0 0 15 0 0 20 3 15 50 50 100 50 8 25 90 0 25 50 50 50 50 50 50 50 50 50 0 50 50 1 0 1 0 0 1 2 5 5 1 1 3 1 3 3 3 3 3 3 4 4 3 3 3 2 5 4 5 0 0 1 0 0
"673" 2 5 5 1 3 1 1 2 5 2 5 5 5 5 5 5 3 3 1 3 3 3 5 2 5 4 1 5 1 1 5 5 5 5 5 5 50 5 49 50 51 1 99 50 49 30 50 50 50 50 51 50 50 51 50 50 51 29 30 50 85 84 51 50 15 50 50 50 50 50 50 50 50 50 3 1 1 0 0 2 3 1 4 2 2 3 1 1 2 1 5 4 3 3 3 3 1 2 3 3 5 5 1 0 0 0 0
"674" 2 4 4 2 2 1 5 5 5 3 5 5 3 5 4 5 2 3 1 3 3 3 7 3 4 4 3 5 1 1 5 5 5 5 4 4 47 50 50 2 49 29 38 72 30 36 50 50 43 39 31 30 43 32 51 42 49 38 50 73 44 49 31 59 39 33 32 30 49 38 29 32 28 32 2 0 1 1 0 1 5 1 5 3 3 3 1 2 2 1 5 5 1 3 4 4 1 2 3 4 5 4 1 0 0 0 0
"675" 3 5 4 1 1 1 5 5 5 2 5 5 2 5 2 5 3 3 1 3 4 5 4 4 5 2 2 5 1 1 5 5 5 5 5 5 49 8 5 50 53 51 54 50 52 50 5 5 53 51 50 54 52 54 51 52 51 49 53 52 50 52 51 54 53 51 50 54 51 48 52 32 52 52 5 1 1 0 0 2 3 4 5 3 3 2 2 2 2 3 3 4 3 3 3 3 3 3 4 5 3 1 0 0 0 1 0
"676" 2 2 3 2 2 2 1 1 3 2 4 4 2 1 3 3 2 2 1 2 2 4 5 3 4 2 1 5 2 2 2 1 1 4 2 1 18 6 11 36 67 20 73 30 88 69 6 26 43 27 32 98 40 82 91 71 66 87 22 81 72 85 88 78 65 66 83 94 67 68 55 2 64 18 2 1 1 1 1 3 3 1 2 4 4 1 3 2 3 4 2 2 4 4 2 4 4 4 2 2 2 2 1 0 0 0 0
"677" 2 2 2 2 1 2 3 1 2 2 3 1 2 3 2 1 4 2 1 3 4 3 4 3 3 3 3 2 4 3 3 2 2 2 3 3 51 100 100 49 100 62 50 62 72 53 44 43 41 57 51 64 69 47 58 62 51 93 53 54 98 49 49 73 75 58 52 53 29 70 58 100 61 50 3 1 1 1 0 1 2 1 3 3 3 2 2 1 1 1 5 5 1 1 1 1 1 1 2 2 2 2 0 0 0 0 1
"678" 1 3 6 3 3 1 5 3 3 3 3 3 4 3 3 4 5 3 1 2 3 3 4 3 1 1 1 1 1 1 5 1 1 2 3 3 15 4 6 3 6 4 8 15 3 51 5 6 3 7 49 49 49 5 8 62 51 48 5 51 4 50 52 51 61 50 3 4 62 51 68 6 57 49 3 1 1 1 1 3 3 4 5 1 1 1 2 2 2 2 2 1 2 4 3 2 3 4 3 5 3 5 0 1 0 0 0
"679" 3 3 5 1 1 1 4 4 3 2 4 4 2 4 2 4 2 3 2 1 2 4 6 4 5 3 2 4 2 1 4 3 3 3 2 5 40 20 40 25 29 85 50 60 35 70 45 20 29 45 50 65 50 50 50 99 90 59 50 80 85 85 85 89 85 95 50 72 80 25 55 25 50 50 3 0 0 0 0 2 3 4 5 1 1 1 2 3 2 2 3 4 2 4 3 2 4 4 4 5 4 5 0 0 0 1 0
"680" 1 1 6 3 2 1 2 2 1 2 3 3 2 3 2 3 4 3 2 2 3 3 7 2 2 3 1 2 3 3 3 3 2 2 3 3 22 2 1 51 31 5 50 99 2 58 6 5 67 28 27 2 71 54 1 45 61 81 7 40 4 7 7 36 74 50 19 3 12 7 49 2 5 5 2 1 1 0 1 2 3 5 3 3 3 2 2 2 2 3 3 3 3 3 3 3 4 3 4 4 3 5 0 0 0 1 0
"681" 2 1 2 3 2 1 1 2 1 1 1 1 2 3 1 2 2 2 1 4 3 3 1 3 5 4 1 5 4 5 3 4 4 3 2 2 55 0 2 79 58 57 23 14 63 56 0 6 55 12 30 73 19 86 53 59 59 75 16 65 98 97 71 39 90 68 61 59 72 45 30 87 50 51 3 0 1 1 1 1 3 1 5 3 3 1 3 3 2 4 1 1 5 5 3 2 5 4 1 5 1 3 1 0 0 0 0
"682" 1 1 6 1 4 1 2 1 1 1 4 1 2 4 2 3 2 4 2 1 1 5 7 4 5 1 1 3 1 1 5 5 3 3 3 3 41 2 3 2 2 84 7 9 52 32 3 15 53 3 85 20 44 54 39 86 90 30 23 63 10 64 52 72 64 61 9 6 85 35 41 3 40 2 2 1 1 1 1 3 5 6 5 5 5 2 2 2 2 1 4 5 1 5 2 1 2 3 1 5 5 5 0 0 0 1 0
"683" 1 2 5 1 3 1 2 2 1 3 2 4 1 2 5 4 3 1 1 1 3 3 2 4 5 5 2 5 1 2 3 1 4 1 3 4 0 0 0 75 50 30 70 15 85 85 0 15 50 50 0 85 60 100 90 50 85 70 0 100 85 85 100 100 100 100 75 70 100 100 85 0 85 85 1 1 1 1 1 3 3 2 2 2 4 1 3 3 2 4 1 1 5 4 5 3 5 5 2 5 2 4 1 0 0 0 0
"684" 1 3 5 3 2 3 3 2 2 4 4 2 3 4 2 3 2 2 1 2 3 4 1 3 5 4 1 5 5 4 2 2 4 2 2 2 0 2 0 85 90 7 96 2 100 91 2 0 95 46 3 74 35 97 95 15 64 63 4 33 95 84 93 77 91 93 95 96 88 55 50 16 67 55 2 1 1 1 1 3 3 2 2 4 4 1 3 3 2 5 1 3 5 4 2 3 4 5 2 3 2 2 1 0 0 0 0
"685" 1 2 2 1 3 3 1 1 1 4 4 2 1 2 1 1 3 3 1 4 4 2 1 4 5 5 1 5 5 5 1 2 4 4 1 2 0 0 0 96 55 18 82 0 92 100 0 0 100 0 0 84 15 93 94 30 40 49 0 40 97 94 93 40 93 92 78 93 92 91 24 3 59 29 1 1 1 1 0 2 1 2 2 4 4 1 3 3 3 5 1 1 5 1 5 3 4 5 1 5 1 2 1 0 0 0 0
"686" 3 2 2 2 2 2 5 1 5 3 4 4 4 3 2 5 1 4 2 1 1 3 5 2 2 2 1 1 3 5 1 2 1 4 3 2 0 0 0 1 60 89 0 39 2 21 0 7 3 0 39 39 35 50 0 88 80 49 39 60 0 51 60 60 60 60 0 0 60 39 77 0 75 2 1 1 1 1 1 3 3 7 5 1 1 1 3 3 3 4 4 3 5 5 3 1 4 5 3 3 4 5 0 0 0 0 1
"687" 2 2 4 4 3 2 1 1 1 2 2 3 1 2 3 3 2 1 1 2 3 3 4 3 4 4 2 5 2 4 2 2 4 2 3 4 0 0 0 60 50 40 70 30 60 70 0 15 60 0 50 60 50 70 70 85 70 85 40 85 70 95 70 70 70 70 70 70 70 50 50 0 70 70 2 1 1 1 1 3 3 3 4 4 4 1 3 2 2 3 2 3 4 4 3 3 2 5 4 3 4 4 0 1 0 0 0
"688" 3 2 2 5 2 1 2 1 1 3 4 4 3 3 2 2 4 2 1 4 5 2 1 4 5 5 2 5 2 5 1 2 5 1 2 4 2 2 0 87 80 1 100 2 95 100 0 0 100 99 0 95 4 99 90 7 40 90 2 50 99 100 90 50 99 90 95 70 95 90 7 10 90 90 1 1 1 1 1 3 5 1 2 5 5 1 3 3 3 5 1 1 4 2 5 3 4 4 2 5 1 2 1 0 0 0 0
"689" 3 1 4 1 1 1 5 1 1 1 5 3 1 5 1 5 1 5 2 1 1 5 7 1 1 1 1 1 1 1 5 5 5 5 4 4 1 1 1 1 50 100 1 100 1 1 1 50 1 1 86 1 50 50 1 100 100 1 100 100 1 3 50 50 50 50 1 2 50 50 50 50 50 50 1 0 0 0 0 2 3 6 5 1 1 3 2 2 2 1 5 5 2 5 4 1 1 4 3 5 5 5 0 0 0 1 0
"690" 3 1 2 3 2 1 1 1 2 4 1 1 1 3 1 4 2 3 1 1 3 2 4 4 5 5 2 5 3 4 3 2 1 4 4 2 0 0 0 42 85 0 89 0 61 71 0 0 50 50 0 85 40 70 85 70 70 88 0 85 90 70 50 86 70 60 85 78 100 38 100 0 90 40 1 1 1 1 0 1 5 1 3 2 2 1 3 3 2 2 2 1 4 3 3 1 1 5 4 3 3 4 1 0 0 0 0
"691" 2 1 1 2 2 2 1 1 1 1 1 1 1 1 1 1 3 1 1 1 2 3 1 2 5 5 2 5 3 5 1 1 2 1 2 3 5 2 4 70 55 17 90 5 60 60 6 6 61 1 12 52 39 90 85 50 90 89 10 93 88 75 100 79 98 97 88 87 88 86 71 9 100 100 2 1 1 1 1 3 3 2 3 3 3 1 3 3 3 4 1 3 5 2 5 3 2 3 1 5 1 4 1 0 0 0 0
"692" 1 3 2 2 1 2 2 2 2 1 2 4 1 2 3 4 1 1 2 2 1 5 1 3 2 1 1 1 1 4 1 3 5 1 4 4 17 51 22 17 15 85 50 18 49 50 14 16 49 50 85 85 84 15 7 99 86 85 52 70 14 87 51 51 23 80 15 14 70 18 13 17 13 36 2 1 1 1 0 3 3 5 5 1 1 2 2 2 2 1 2 5 1 4 5 3 2 3 5 2 2 5 0 0 0 1 0
"693" 3 3 4 1 2 1 2 3 2 1 3 3 1 2 2 3 2 3 2 4 3 5 7 2 5 2 1 2 1 1 5 2 5 3 4 3 1 1 1 50 50 100 50 50 50 60 3 15 50 40 50 50 4 50 50 60 50 100 15 85 60 50 50 50 50 50 50 50 50 50 50 3 50 50 1 0 1 0 0 3 3 4 3 3 1 3 2 1 2 2 2 2 4 3 2 2 2 4 3 5 4 5 0 1 0 0 0
"694" 1 4 7 2 1 3 2 3 1 1 4 3 3 3 3 2 2 2 2 1 2 4 3 3 1 3 1 1 2 2 2 3 2 3 3 2 51 9 49 100 1 50 70 90 3 1 50 100 50 51 100 74 100 4 0 100 85 89 62 74 90 95 100 100 79 95 3 1 94 51 88 51 88 50 3 1 1 1 1 3 5 3 5 2 2 1 3 2 2 3 3 2 2 4 3 1 2 3 2 5 3 3 0 1 0 0 0
"695" 1 1 6 1 2 2 5 5 4 1 4 3 1 4 2 5 1 5 1 1 2 5 7 3 5 2 2 5 1 5 3 2 2 3 4 3 1 1 1 1 30 75 10 75 1 30 1 5 2 1 50 85 40 30 15 100 85 10 75 90 15 10 85 75 90 90 5 30 75 40 75 1 85 30 1 0 1 0 0 1 3 6 5 1 1 1 2 2 1 1 5 5 1 5 3 3 1 3 5 5 5 5 0 0 0 1 0
"696" 1 3 4 2 1 1 3 1 3 2 4 4 3 3 4 2 4 3 1 3 3 4 3 3 5 5 3 5 1 2 5 3 3 3 5 5 17 17 19 49 51 13 78 48 49 50 36 53 24 55 40 61 19 19 14 50 75 50 52 49 50 50 50 53 50 51 11 12 50 47 50 50 50 51 3 0 1 1 1 2 5 1 5 4 4 2 2 2 2 3 3 3 3 3 2 3 2 2 3 3 3 3 1 0 0 0 0
"697" 2 3 4 1 1 1 3 3 3 1 4 3 4 4 1 3 1 4 2 1 1 4 5 3 5 4 4 5 1 3 3 2 3 4 4 3 0 0 0 33 100 51 35 100 54 15 0 51 30 0 52 20 54 52 44 100 100 28 53 100 6 64 100 100 100 100 19 14 100 100 54 1 53 52 1 0 1 0 0 2 3 5 5 1 1 2 2 2 2 3 3 4 4 5 2 4 2 3 2 4 4 5 0 1 0 0 0
"698" 3 1 3 1 3 1 5 5 5 1 1 1 1 1 1 5 1 5 1 1 1 4 7 1 4 1 1 5 5 1 5 1 1 5 5 2 1 3 1 2 10 4 45 100 2 1 6 85 1 23 100 5 70 60 60 100 100 40 100 100 4 15 16 100 85 69 30 41 85 15 100 1 100 1 1 1 1 1 1 3 5 2 5 1 1 3 2 2 2 1 5 5 2 3 3 3 3 3 4 4 5 5 1 0 0 0 0
"699" 2 4 4 1 2 1 4 4 3 1 4 4 5 4 2 5 2 3 2 1 2 5 7 1 5 3 2 5 1 3 3 3 3 3 4 3 0 0 0 0 50 40 50 40 20 1 0 30 1 0 49 50 50 50 50 50 95 14 50 60 50 50 50 50 94 50 20 20 60 50 30 0 50 40 2 0 0 1 1 2 3 2 3 3 3 2 2 2 2 2 5 3 2 3 3 3 1 2 5 3 5 5 1 0 0 0 0
"700" 2 3 3 2 2 2 2 3 2 4 1 2 2 2 2 1 3 3 2 3 3 3 4 2 3 2 3 2 3 3 3 2 3 3 3 3 30 1 2 50 93 2 83 6 100 85 1 1 53 19 2 73 40 99 100 15 18 73 50 64 47 90 100 100 100 100 100 100 100 84 56 63 69 83 1 1 1 1 1 3 3 1 1 5 2 1 2 2 2 3 3 3 3 3 5 4 5 3 2 4 3 3 1 0 0 0 0
"701" 1 1 4 1 2 1 5 5 5 1 2 3 1 4 2 5 1 5 2 2 2 5 7 2 2 1 5 5 1 1 5 3 1 3 3 3 3 16 0 1 38 85 68 61 13 50 3 48 11 0 77 67 79 52 50 100 91 49 70 95 14 2 69 84 68 68 3 4 59 52 100 1 100 31 1 0 0 0 0 1 1 3 5 1 1 2 2 2 2 2 5 3 3 3 3 3 1 3 4 4 5 5 1 0 0 0 0
"702" 3 3 6 1 1 1 4 3 1 1 2 2 1 4 1 4 1 5 2 1 1 5 7 2 4 1 1 3 1 1 2 2 4 5 3 1 0 0 0 0 0 0 15 60 0 60 0 0 0 0 60 40 50 85 50 100 100 30 70 100 30 20 100 100 100 50 50 50 100 50 100 0 100 0 1 0 1 1 0 2 5 5 5 1 1 2 3 2 2 3 2 3 4 5 3 1 1 2 4 3 3 5 1 0 0 0 0
"703" 1 1 4 1 1 1 2 1 2 1 1 1 1 2 1 1 1 5 2 1 1 4 6 2 3 2 1 4 1 1 3 3 3 3 3 2 3 2 2 3 42 100 2 82 37 42 1 2 3 1 52 50 84 79 52 89 99 55 87 85 16 40 86 91 81 90 41 28 88 84 88 2 86 51 1 1 1 1 1 3 3 6 5 1 1 2 1 2 2 2 4 4 2 5 3 1 1 2 2 3 1 5 0 0 0 1 0
"704" 1 3 4 1 1 1 5 3 1 1 3 1 1 4 1 4 1 5 1 1 1 5 7 1 4 1 1 5 1 1 3 4 2 4 4 3 0 0 0 0 50 70 40 100 50 51 0 0 0 0 52 2 52 50 50 62 100 62 63 86 15 0 73 61 73 73 50 49 70 50 85 0 75 16 1 0 1 1 0 2 3 4 5 5 1 2 3 2 1 3 4 3 4 5 5 5 2 4 4 5 5 5 0 1 0 0 0
"705" 3 1 2 1 1 1 5 3 1 1 1 3 1 2 1 5 1 5 1 1 2 5 7 1 5 1 1 5 1 1 5 5 2 5 3 1 2 1 2 4 1 76 1 100 6 2 5 4 1 1 100 18 54 5 1 100 91 5 100 100 1 51 93 100 67 78 1 3 100 2 100 1 100 1 1 0 1 0 0 1 3 5 5 1 1 2 2 1 2 1 5 2 3 5 2 1 3 3 5 2 3 5 0 0 0 1 0
"706" 1 2 4 1 1 1 3 1 2 1 2 3 1 4 1 5 1 5 2 1 1 5 4 2 3 3 5 2 1 1 5 2 1 2 3 1 0 40 0 0 0 100 0 51 0 20 31 89 0 0 85 51 30 17 0 100 96 87 86 100 0 15 85 95 91 91 0 0 100 16 100 0 100 51 2 1 1 1 1 3 3 6 5 1 1 2 2 2 2 1 2 5 1 5 2 1 2 5 2 4 5 5 0 0 0 1 0
"707" 1 3 4 1 2 1 3 2 1 2 2 2 2 3 1 3 1 4 1 3 2 4 6 3 5 3 2 5 2 2 5 3 3 4 4 4 25 11 25 11 60 69 72 96 13 10 31 11 59 33 69 71 44 87 13 89 87 15 100 92 25 43 75 93 42 78 2 12 77 48 42 29 52 34 1 0 1 1 0 2 4 3 5 2 2 2 3 2 2 2 5 3 2 5 3 3 2 2 3 5 4 4 0 1 0 0 0
"708" 3 3 7 1 1 1 3 2 2 1 1 2 1 1 2 1 1 4 1 3 4 4 7 2 5 2 3 4 1 3 3 4 4 4 2 3 1 0 1 3 43 40 0 29 0 40 1 1 40 6 2 50 50 0 1 63 69 54 3 100 50 6 1 53 20 60 0 0 45 33 10 0 10 10 2 0 1 1 0 2 3 5 5 1 1 3 1 1 2 1 5 5 1 5 2 1 2 3 4 5 4 4 0 1 0 0 0
"709" 2 2 5 1 2 1 5 4 2 1 5 5 1 4 2 5 4 5 1 2 3 4 5 2 5 2 4 5 2 1 4 5 5 2 4 4 0 0 0 10 50 60 2 50 0 30 0 30 5 50 45 50 0 50 5 90 85 15 45 50 5 1 75 90 75 80 2 2 50 25 20 0 20 50 2 1 1 1 0 1 3 5 5 1 1 2 2 2 2 1 5 4 2 3 5 2 1 2 2 5 5 5 0 0 0 1 0
"710" 3 5 7 4 2 1 3 1 1 4 2 3 1 2 4 2 5 2 1 4 4 4 1 4 5 5 2 5 1 5 4 5 5 1 2 4 6 8 5 96 93 6 97 7 100 73 7 5 71 62 5 100 20 95 91 46 25 57 2 90 100 69 100 79 71 91 85 91 90 71 15 7 56 72 1 1 1 1 1 3 5 1 3 4 4 1 3 3 2 5 1 1 5 2 5 4 4 5 1 5 2 3 1 0 0 0 0
"711" 1 1 3 1 1 1 3 1 1 1 1 1 1 1 3 1 1 3 1 1 1 5 5 4 5 5 1 5 5 5 3 1 5 1 1 1 0 0 0 51 0 50 51 0 53 91 0 0 0 0 1 38 52 100 76 100 100 50 0 100 100 100 51 0 51 100 100 100 50 89 0 0 52 0 1 1 1 1 1 3 1 1 5 1 1 1 3 3 3 4 1 1 5 2 5 1 5 5 1 5 1 3 1 0 0 0 0
"712" 1 2 2 2 3 1 5 5 4 3 5 1 3 5 5 5 1 5 3 1 1 4 7 4 5 1 2 2 1 1 5 5 1 5 4 2 0 0 0 0 48 96 16 89 41 28 0 87 0 0 80 57 57 67 18 92 89 37 82 93 0 23 75 88 44 78 8 6 86 35 87 0 89 27 1 1 1 0 1 3 3 7 5 1 1 3 2 3 2 1 5 5 1 2 1 2 2 1 2 4 4 4 0 0 0 1 0
"713" 2 1 1 2 2 2 3 4 3 3 3 3 3 4 3 3 3 2 2 2 2 4 4 2 1 1 2 2 2 2 2 2 2 2 3 3 36 49 58 52 26 39 59 67 37 27 71 57 51 12 67 63 88 11 18 85 82 85 62 56 50 76 50 94 26 64 19 21 72 26 67 7 66 23 2 1 0 1 0 2 2 3 3 3 3 2 2 2 2 3 3 4 2 2 2 2 3 2 3 3 2 2 0 0 0 1 0
"714" 1 2 2 1 1 1 2 1 1 1 2 2 1 2 2 1 4 2 2 2 2 3 7 1 1 1 1 2 3 2 1 2 2 3 3 3 50 50 50 50 50 50 50 50 50 40 50 50 60 40 80 50 80 20 20 50 50 50 70 60 50 50 50 88 40 50 30 20 50 50 72 45 64 37 2 0 1 0 0 1 3 4 4 4 3 2 2 2 2 5 5 5 1 5 2 1 4 4 4 4 1 3 0 1 0 0 0
"715" 3 4 4 3 2 2 1 2 2 4 3 4 1 4 5 3 3 4 1 4 4 3 2 4 5 5 3 5 2 4 1 2 5 1 2 3 7 0 0 51 65 66 99 51 94 81 0 0 84 76 17 95 40 89 88 71 55 95 16 67 89 90 100 65 100 100 81 89 93 100 2 0 6 90 2 1 1 1 1 1 4 2 3 4 3 1 2 2 2 4 2 5 5 3 4 3 2 5 4 5 3 4 1 0 0 0 0
"716" 3 2 7 3 1 1 1 1 1 1 2 1 1 2 3 1 3 3 1 3 4 3 2 4 5 5 1 5 1 5 1 3 5 1 1 1 23 0 0 100 100 0 100 0 100 99 0 100 91 45 11 100 16 100 100 11 53 100 0 100 100 100 100 100 100 100 100 100 53 100 0 0 4 100 3 1 1 1 1 1 3 2 1 5 5 1 3 3 2 3 1 2 5 3 5 1 5 3 1 5 1 1 1 0 0 0 0
"717" 1 1 1 3 1 1 1 2 2 1 3 3 1 3 3 3 5 5 3 5 5 5 1 5 5 5 1 5 1 1 4 5 4 1 2 5 50 0 50 60 50 0 100 0 50 0 0 50 0 50 50 60 50 50 50 70 30 50 0 50 100 50 100 50 60 50 50 50 50 50 50 50 50 50 1 0 1 0 0 1 1 1 5 1 1 1 1 3 1 5 1 1 5 5 4 3 5 5 1 5 1 5 1 0 0 0 0
"718" 1 4 7 1 1 1 3 3 5 4 5 5 3 5 5 5 3 3 1 1 2 5 7 3 5 5 1 5 1 1 5 5 5 5 4 4 7 3 3 6 51 73 84 16 50 17 5 50 3 4 61 85 68 71 50 84 85 7 4 100 100 94 69 100 100 71 1 50 100 13 50 50 50 50 1 0 1 0 0 2 5 3 5 1 5 3 1 3 2 1 5 5 1 5 4 2 2 1 2 5 3 5 0 1 0 0 0
"719" 1 1 4 2 2 1 1 1 1 1 1 1 1 1 3 1 4 3 1 1 2 4 3 3 5 3 2 5 3 3 3 1 3 2 1 1 0 0 0 100 100 50 100 0 100 100 0 70 0 51 31 100 30 100 100 51 86 86 0 100 100 86 100 100 100 100 100 100 100 100 61 0 61 62 1 1 1 1 1 3 4 1 5 3 3 1 2 2 3 3 4 3 4 4 2 5 1 5 3 5 1 5 1 0 0 0 0
"720" 1 4 4 5 3 2 5 2 3 1 5 5 3 5 5 3 3 3 2 2 3 4 4 1 3 3 1 2 3 4 3 3 3 3 3 3 50 51 50 50 52 74 50 52 0 71 50 49 84 51 95 49 63 0 50 100 83 68 50 60 73 63 100 46 50 85 51 51 86 62 90 49 94 49 3 1 1 1 1 2 2 7 3 3 3 1 2 2 2 3 3 3 3 4 1 2 3 2 4 3 3 2 0 0 0 0 1
"721" 1 1 4 2 1 1 1 1 1 1 2 2 1 1 1 2 2 3 2 3 2 3 1 1 1 4 1 2 4 2 4 2 3 2 2 2 62 60 61 100 73 58 76 52 71 53 51 100 71 72 100 91 100 51 33 73 71 85 69 100 60 60 72 75 73 88 51 51 69 83 72 58 50 50 2 1 0 1 1 3 1 4 4 1 1 1 3 2 2 1 1 1 1 4 2 1 2 1 1 5 1 1 0 0 0 1 0
"722" 2 1 6 1 2 1 1 2 2 2 3 4 2 3 4 5 1 5 1 3 4 4 6 3 3 2 1 5 3 5 4 1 4 4 3 4 0 0 0 15 35 0 65 60 25 50 0 0 0 10 0 50 0 30 0 15 5 50 0 30 75 0 50 50 70 25 0 0 35 0 20 0 25 0 2 1 1 0 0 3 3 1 3 3 3 1 3 2 2 4 1 2 3 4 4 3 3 3 3 3 2 4 1 0 0 0 0
"723" 2 3 3 5 1 1 1 5 4 4 3 4 4 3 2 5 2 2 1 3 5 3 5 3 5 3 1 5 4 4 3 2 2 2 4 4 0 0 0 34 44 44 45 11 40 39 0 0 23 16 20 51 3 40 40 30 30 51 18 41 50 61 40 41 41 50 40 40 40 40 27 0 42 43 2 1 1 1 1 2 3 3 3 2 5 1 2 2 2 3 4 2 3 2 5 3 3 4 3 5 3 4 1 0 0 0 0
"724" 2 2 6 2 2 2 1 1 1 1 2 2 1 2 2 1 2 1 2 1 2 3 7 1 1 1 2 2 2 2 3 2 3 2 1 3 40 11 33 69 37 32 39 55 29 51 70 35 69 44 46 58 25 53 69 33 25 28 39 59 51 63 93 87 51 94 43 49 21 95 9 66 8 89 1 0 0 0 0 3 2 6 5 1 1 1 3 1 3 1 2 1 2 5 1 1 2 1 2 3 2 1 0 0 0 1 0
"725" 3 3 4 2 1 1 1 1 1 2 2 1 1 2 2 1 2 3 1 2 4 2 1 4 5 5 3 5 4 5 2 3 4 3 2 3 0 0 0 70 85 0 85 15 85 85 0 0 85 0 0 85 30 85 85 15 50 70 0 40 70 70 70 20 70 70 85 85 85 70 50 50 50 50 2 1 1 1 1 2 5 2 3 3 3 1 3 3 3 5 1 1 5 3 3 3 5 5 2 5 2 4 1 0 0 0 0
"726" 2 3 4 3 1 1 3 2 2 1 4 3 3 3 1 4 1 3 2 3 4 3 6 4 4 5 1 2 3 3 3 3 5 3 4 3 19 17 14 100 17 44 19 36 100 41 11 36 54 19 34 94 45 100 96 86 21 32 20 16 98 58 100 30 38 32 100 100 23 79 17 15 22 24 1 1 0 0 0 2 3 4 2 5 5 1 3 2 2 5 3 1 5 5 3 1 3 5 4 5 1 1 0 1 0 0 0
"727" 3 2 4 2 1 1 2 2 1 2 2 3 3 2 2 3 3 4 2 3 3 3 1 4 4 4 2 3 3 3 3 3 3 3 3 3 46 4 15 87 6 61 85 39 29 40 24 84 59 33 87 64 62 45 8 86 45 61 51 81 72 72 72 49 61 51 7 13 50 14 45 39 53 44 3 1 0 0 1 3 1 4 3 3 3 2 2 2 2 3 3 3 3 3 3 1 3 3 4 4 3 3 0 0 0 1 0
"728" 1 2 3 3 2 3 2 2 2 3 2 4 2 3 3 2 1 3 1 3 4 3 6 3 4 3 1 5 4 3 2 3 4 1 2 3 6 2 4 86 49 6 94 4 63 90 5 5 67 20 6 64 36 68 46 63 57 89 7 70 88 51 65 86 51 88 31 39 53 52 7 8 9 61 3 1 1 1 1 3 2 1 4 4 4 1 3 3 2 4 3 2 4 2 4 1 4 4 4 4 2 3 1 0 0 0 0
"729" 2 2 3 2 2 3 2 2 2 3 3 2 1 1 3 3 2 2 2 2 1 4 4 2 2 3 2 3 3 2 2 3 2 2 1 2 54 30 29 34 36 44 48 45 30 40 50 59 54 48 47 31 48 34 54 52 32 51 40 30 29 55 44 53 37 33 63 42 40 54 63 53 41 59 2 0 1 0 1 1 3 5 2 3 2 2 1 2 2 2 2 2 3 2 3 2 2 3 2 2 2 2 0 0 0 1 0
"730" 2 3 3 2 2 1 2 2 2 2 2 2 2 2 2 2 3 3 2 3 3 3 5 3 3 3 4 3 3 3 3 3 3 3 3 3 60 57 54 15 50 49 38 62 41 62 44 47 45 52 29 32 46 39 49 39 59 45 63 34 52 55 53 46 48 35 50 33 52 59 71 51 51 40 3 0 0 0 0 1 3 4 3 3 3 2 2 2 2 3 3 3 3 4 1 2 4 4 4 4 3 1 0 0 0 1 0
"731" 2 5 6 3 2 2 5 2 3 3 3 3 3 3 2 3 4 3 2 2 3 3 1 3 3 3 3 3 3 3 3 3 3 3 3 3 60 61 63 70 60 62 70 62 60 61 62 69 60 60 59 61 67 60 62 81 76 66 64 63 60 59 60 84 60 72 54 59 61 71 60 61 60 60 2 0 0 0 0 2 2 2 3 3 3 2 2 2 2 3 3 3 3 3 1 3 2 1 4 4 3 3 0 1 0 0 0
"732" 2 2 3 2 3 2 3 5 3 2 2 4 2 3 2 2 3 3 2 4 2 4 4 3 2 2 3 2 3 3 3 3 2 2 2 3 68 39 68 69 44 67 53 77 74 53 69 66 66 78 65 71 57 45 56 62 69 71 84 65 65 62 72 74 43 73 69 70 77 41 66 69 69 61 3 0 0 0 0 2 2 4 3 2 2 2 3 2 2 3 3 2 2 2 2 2 2 3 4 4 3 2 0 0 0 1 0
"733" 1 4 4 1 1 1 4 4 1 1 1 2 1 1 1 1 3 3 2 1 1 4 7 3 3 5 1 5 1 1 5 1 1 3 4 4 50 1 0 51 0 100 51 72 0 51 1 16 51 52 52 100 100 0 0 100 100 51 100 100 100 100 100 100 100 100 1 1 100 100 99 16 100 90 1 1 1 1 0 3 3 3 5 1 1 2 2 2 2 2 5 3 1 3 2 1 1 3 3 1 5 5 0 1 0 0 0
"734" 1 4 6 3 3 2 2 4 2 2 3 4 4 3 4 4 3 3 2 2 1 5 5 3 3 5 2 4 2 2 5 2 2 4 4 3 4 7 30 82 12 62 62 32 56 81 31 13 41 37 58 56 44 77 62 100 84 84 21 65 55 87 84 96 70 69 73 60 79 54 81 0 81 48 2 1 1 1 1 3 3 4 5 3 3 2 2 2 2 3 3 3 4 3 3 2 4 4 4 5 3 3 0 0 0 1 0
"735" 1 1 4 1 1 1 1 1 3 3 1 1 1 3 1 4 3 2 2 1 1 3 3 4 3 3 3 5 2 2 4 2 1 3 5 5 0 0 4 80 70 75 86 50 70 70 85 40 75 6 100 65 90 60 60 100 100 100 100 100 85 100 100 100 100 90 70 69 100 70 100 0 100 0 1 1 1 1 1 3 3 6 3 3 3 2 2 2 2 2 3 3 3 2 3 2 2 2 5 5 1 2 0 1 0 0 0
"736" 3 1 7 2 1 1 3 4 1 1 3 2 1 3 1 3 2 3 1 1 2 4 7 3 5 4 1 5 3 1 1 2 2 4 4 3 51 63 40 50 31 55 56 52 55 64 60 76 63 71 79 60 70 52 15 73 72 77 49 39 100 54 51 87 51 59 0 18 63 45 70 18 76 52 1 1 1 1 1 3 4 4 5 1 1 2 3 2 2 1 1 4 2 5 1 3 4 5 3 4 2 5 1 0 0 0 0
"737" 2 5 6 3 1 1 2 2 1 1 2 3 1 2 1 2 3 2 2 2 3 4 7 3 4 5 1 4 3 1 2 3 3 2 1 3 50 0 16 100 49 86 50 70 49 100 50 50 60 49 51 51 100 52 50 100 48 100 61 100 100 49 84 100 100 100 50 49 51 100 51 49 51 49 1 1 1 1 1 2 3 4 5 3 4 1 3 2 3 3 1 1 5 5 1 1 2 2 1 5 1 3 0 0 0 1 0
"738" 3 2 3 5 1 1 1 3 3 3 3 4 3 3 4 4 3 3 1 3 4 3 4 4 5 5 1 5 3 3 3 2 4 2 3 4 2 2 19 52 63 3 76 16 54 54 2 4 88 54 4 62 2 53 55 44 53 54 53 55 63 74 54 53 53 87 54 54 53 53 38 55 52 52 2 1 1 1 1 3 5 2 4 3 3 1 3 3 2 3 2 2 4 3 3 3 4 4 2 3 3 4 1 0 0 0 0
"739" 3 3 2 2 1 1 1 1 2 1 3 1 1 3 1 2 3 2 1 1 2 3 4 4 5 4 2 5 2 2 3 3 3 3 1 1 0 0 0 77 50 0 0 30 100 88 0 0 63 51 0 100 12 100 100 0 87 28 15 72 100 88 90 30 86 88 100 100 100 86 50 50 50 50 1 1 1 1 1 3 5 1 2 3 3 1 3 3 2 3 2 2 5 5 5 5 5 5 2 5 2 1 1 0 0 0 0
"740" 1 2 4 2 1 1 1 2 1 1 1 1 1 2 2 3 3 4 3 4 4 5 7 3 5 1 1 5 1 1 5 1 1 1 2 1 9 0 2 98 0 73 32 1 11 93 0 36 8 5 87 88 17 5 18 100 8 86 0 70 88 95 100 83 79 88 0 15 93 9 100 0 95 87 1 1 1 0 1 2 3 1 5 4 4 1 3 3 3 5 2 1 5 5 3 1 3 5 1 5 1 2 1 0 0 0 0
"741" 3 3 4 3 2 1 3 2 1 1 4 1 2 4 2 4 5 3 2 3 3 2 1 3 5 2 1 4 2 3 4 3 3 3 3 3 24 80 55 35 61 20 51 74 35 88 63 71 42 54 50 40 65 23 32 51 44 32 20 73 78 73 30 75 63 64 34 23 31 72 14 15 15 94 3 1 0 1 1 2 3 4 3 3 3 2 2 2 2 3 3 3 3 3 3 3 3 3 2 4 3 3 1 0 0 0 0
"742" 1 2 2 2 1 1 2 1 2 2 2 3 2 4 3 2 4 2 2 2 3 3 2 2 2 5 3 4 2 2 2 4 4 3 3 2 64 56 42 72 70 67 50 57 86 80 81 58 76 62 93 45 74 88 82 91 78 83 74 63 72 72 65 94 60 66 80 89 79 66 51 34 59 69 3 1 1 0 0 2 2 2 4 3 4 1 2 2 2 2 2 2 2 4 2 2 2 3 2 5 2 2 1 0 0 0 0
"743" 3 3 3 1 2 1 1 3 1 2 3 3 3 2 2 4 2 3 1 2 3 4 2 4 5 4 1 5 2 2 2 1 4 2 4 4 2 3 1 49 71 12 80 1 69 42 2 2 30 5 30 49 42 100 73 85 61 100 2 14 74 74 49 85 68 38 71 68 100 16 43 3 70 68 2 1 1 1 1 3 2 3 5 1 1 1 2 2 2 2 2 2 4 4 4 4 2 2 3 3 3 4 0 0 1 0 0
"744" 2 3 4 3 3 3 3 5 3 3 3 3 3 3 3 3 3 3 2 3 3 3 4 3 3 3 3 3 3 3 2 2 3 3 3 3 86 51 78 86 85 91 72 56 40 83 69 53 86 81 66 72 56 50 56 95 93 83 82 76 90 81 94 91 84 82 48 56 85 79 94 59 93 65 2 0 1 0 0 2 3 4 3 3 3 2 2 2 2 3 3 3 3 3 3 3 3 3 4 3 3 3 0 1 0 0 0
"745" 3 4 4 2 1 1 3 3 2 2 3 4 2 2 1 3 3 4 1 3 4 4 5 4 5 5 4 5 2 2 4 4 3 3 3 3 50 50 40 50 50 50 50 50 60 50 50 50 50 50 50 70 60 50 50 70 50 60 50 60 70 60 60 100 50 40 40 40 60 50 40 50 50 50 3 1 1 1 1 3 4 3 3 3 3 2 2 2 2 3 4 3 5 1 3 1 2 3 4 4 3 3 1 0 0 0 0
"746" 3 4 4 2 1 2 4 3 4 1 3 4 3 3 2 3 4 3 3 2 4 3 7 4 5 2 2 2 2 4 4 5 5 5 3 3 31 37 13 19 54 69 84 53 2 42 34 53 3 0 6 57 21 0 0 99 43 0 62 90 50 54 40 79 64 74 24 5 54 48 30 29 35 54 1 1 0 0 1 3 3 3 3 3 3 1 2 2 2 1 3 2 2 2 2 2 1 1 3 3 2 2 1 0 0 0 0
"747" 2 2 3 3 1 2 2 3 2 1 2 2 4 3 3 1 3 2 2 2 3 2 5 2 2 2 3 1 2 4 3 4 3 3 2 3 35 17 64 38 75 38 100 56 94 54 63 85 57 31 100 62 35 41 61 100 77 80 80 30 56 63 15 100 19 30 56 77 55 40 31 60 33 53 3 1 1 1 1 2 3 5 3 3 3 2 2 2 2 2 2 3 3 2 4 4 3 3 1 2 3 3 0 0 0 1 0
"748" 3 2 4 2 1 2 2 3 2 2 3 3 2 3 2 3 3 3 1 2 3 3 6 4 4 3 2 4 2 2 4 3 3 2 3 3 50 50 50 60 80 60 60 70 50 40 70 50 60 50 60 70 50 40 40 60 50 50 60 60 50 85 60 85 60 60 15 15 60 60 60 0 70 70 2 1 1 1 1 3 2 3 5 3 3 1 2 3 2 2 2 3 2 3 2 2 2 2 3 5 2 2 0 0 0 1 0
"749" 3 1 1 1 1 1 2 2 1 1 1 2 2 1 1 1 2 2 2 5 4 2 7 1 1 1 2 2 1 2 2 1 5 1 1 4 19 11 3 85 2 48 35 2 0 85 62 31 32 13 15 60 30 3 4 14 11 11 16 55 57 30 100 86 85 30 0 2 0 86 3 0 0 86 1 1 1 0 1 3 1 2 2 2 4 1 1 2 2 3 2 2 1 1 1 1 1 1 2 2 1 1 0 1 0 0 0
"750" 2 3 4 2 1 1 2 2 1 1 2 3 2 2 2 3 3 3 1 3 3 3 7 3 3 2 1 3 3 3 3 3 5 2 3 3 58 33 21 69 100 63 56 36 79 95 61 6 40 49 61 50 82 63 56 59 70 43 48 75 100 67 71 65 70 59 61 66 51 0 0 0 0 70 3 1 1 0 1 2 2 1 4 3 3 1 3 3 2 2 2 2 4 4 2 3 4 2 4 4 2 2 1 0 0 0 0
"751" 3 2 4 1 1 1 5 4 5 1 5 5 3 5 1 3 1 5 2 3 3 4 3 1 5 3 1 5 2 1 3 5 5 5 4 4 50 15 50 3 50 3 50 100 2 3 50 50 2 2 76 43 50 40 2 60 42 1 4 100 1 30 50 85 48 50 15 2 40 50 15 15 7 50 1 0 0 0 0 2 4 6 5 1 1 3 2 1 2 2 5 5 4 5 4 1 1 1 3 5 5 5 0 0 0 1 0
"752" 1 1 7 1 1 1 1 1 1 1 2 2 1 2 1 2 3 1 1 4 3 4 7 3 1 1 2 1 1 1 1 1 1 1 2 2 36 35 51 89 67 54 54 60 50 47 42 51 45 30 77 63 57 47 47 82 75 65 58 54 48 50 73 57 45 47 43 53 49 72 61 46 58 54 2 1 1 1 1 2 1 7 5 4 5 2 3 2 2 1 1 1 1 5 3 1 2 3 4 3 1 1 0 0 0 0 1
"753" 3 1 2 3 2 4 1 1 1 3 1 1 1 1 1 1 3 1 1 1 2 4 3 4 5 5 1 5 4 5 1 1 4 2 1 1 3 2 2 100 53 8 100 17 89 100 4 4 52 100 15 86 40 100 100 52 65 74 1 99 100 97 100 72 100 98 100 100 100 100 40 0 100 99 1 0 1 1 0 2 1 2 3 4 4 1 3 3 2 5 1 1 5 4 5 3 4 5 1 3 1 2 1 0 0 0 0
"754" 3 1 7 1 3 1 3 2 1 1 3 4 1 1 1 5 1 3 1 1 2 5 7 1 5 2 1 5 1 1 5 1 2 4 1 4 1 4 1 3 50 1 87 70 0 1 2 85 0 2 2 2 69 0 1 58 86 9 87 70 49 41 68 82 68 70 1 2 85 52 97 1 83 59 3 1 1 1 1 3 5 2 5 1 1 1 1 2 1 1 5 5 2 4 5 5 1 1 5 2 3 5 1 0 0 0 0
"755" 3 2 4 1 1 1 5 4 3 1 5 3 3 5 1 5 1 5 1 1 3 1 7 1 5 1 1 4 1 1 3 5 5 5 4 3 0 0 0 0 50 60 50 50 0 10 0 0 5 0 50 10 50 50 0 50 50 10 50 50 0 10 50 50 50 50 0 0 50 50 50 0 50 50 1 0 1 1 0 2 3 5 5 1 1 3 1 2 3 1 5 5 1 5 4 1 1 3 5 5 5 5 0 0 0 1 0
"756" 2 3 6 3 3 2 3 2 3 3 3 4 3 3 3 4 3 2 2 1 2 3 2 4 4 5 3 4 3 4 3 4 4 1 5 5 50 50 50 49 49 54 50 52 7 50 67 50 49 50 61 50 39 8 5 72 73 62 49 71 50 59 62 76 59 53 8 7 51 59 19 16 21 86 3 0 0 0 0 2 3 6 5 2 1 2 2 2 2 2 4 3 2 4 3 2 2 4 5 5 3 3 0 0 0 1 0
"757" 1 1 2 2 2 1 1 1 1 1 1 1 1 1 1 1 4 2 1 2 2 4 5 2 5 2 2 5 3 4 3 1 2 2 2 1 29 3 100 89 54 14 28 90 90 74 5 99 71 27 48 80 56 94 87 56 81 83 13 53 93 74 85 55 74 62 91 87 54 78 72 3 77 70 1 0 1 1 1 3 3 1 4 2 2 1 3 2 2 4 2 2 4 4 3 3 2 2 2 3 2 1 1 0 0 0 0
"758" 1 1 1 5 1 1 4 5 3 1 4 5 1 3 2 5 3 4 1 4 4 1 5 3 5 5 3 5 5 4 3 3 3 3 3 3 16 39 6 90 10 73 90 51 76 65 10 69 21 17 70 17 66 73 81 82 46 68 47 72 100 63 89 39 99 65 92 90 29 21 57 26 24 81 1 0 1 1 1 2 4 1 3 5 5 2 3 2 2 5 5 1 5 5 3 3 5 5 4 4 3 5 1 0 0 0 0
"759" 2 2 4 1 1 1 3 2 2 1 2 1 2 2 2 3 2 3 2 3 4 4 4 3 5 3 1 2 2 2 3 2 2 2 3 3 12 0 0 74 3 87 60 2 28 45 2 58 51 0 89 87 53 13 5 100 22 51 17 61 4 86 93 93 94 94 5 2 90 16 99 3 100 87 1 1 1 1 1 2 3 7 5 1 1 1 2 2 2 2 4 4 3 5 3 1 3 4 2 5 4 5 0 0 0 0 1
"760" 2 1 2 3 1 1 1 2 2 2 3 2 1 3 1 2 4 4 2 2 3 4 5 4 3 5 1 5 3 4 2 2 3 2 2 2 4 0 0 86 0 63 87 15 49 94 0 34 30 24 35 62 18 51 54 100 52 79 12 95 74 68 100 43 98 92 35 41 92 73 43 0 42 47 1 1 1 1 1 3 2 3 3 3 3 1 3 3 3 3 1 2 5 5 2 1 3 5 1 3 2 5 0 0 0 1 0
"761" 3 1 1 4 1 3 1 1 1 2 2 2 1 2 1 2 2 3 1 3 2 3 3 4 5 5 1 5 2 5 2 2 4 1 2 2 0 0 0 71 50 20 99 0 71 80 0 17 60 50 7 85 32 50 50 35 70 80 0 85 100 76 50 50 50 70 50 76 50 50 45 15 40 60 1 0 1 1 1 3 3 1 2 5 5 1 3 3 2 4 1 3 5 4 3 3 2 4 4 5 2 3 1 0 0 0 0
"762" 2 2 3 1 1 1 1 1 1 1 4 3 1 4 1 3 3 3 2 2 3 3 7 1 2 3 2 2 2 2 3 3 3 3 3 3 61 24 2 61 83 57 49 84 31 45 63 39 71 19 53 63 80 45 78 71 65 54 56 49 56 90 65 51 57 62 71 35 47 82 56 67 74 55 3 0 0 0 1 2 3 7 2 3 2 2 2 2 3 2 3 3 3 3 3 3 3 3 4 4 3 3 1 0 0 0 0
"763" 1 2 6 1 1 1 5 1 5 1 4 4 3 5 1 5 1 4 2 1 2 4 6 2 2 3 2 2 1 2 3 4 4 4 5 5 10 0 50 15 49 100 15 100 10 10 10 50 15 10 100 50 50 15 30 100 85 50 70 100 0 50 100 100 100 100 15 10 60 50 85 0 61 15 1 1 1 1 0 2 3 7 5 1 1 2 1 2 2 1 5 5 3 5 3 3 1 1 3 3 5 5 0 0 0 0 1
"764" 1 1 1 3 2 2 1 1 1 3 2 1 1 1 1 2 3 2 1 1 3 3 4 4 5 4 2 5 1 2 2 1 4 1 3 2 0 0 0 87 100 9 100 4 100 100 0 0 31 40 0 100 5 100 100 50 83 50 0 69 99 85 100 84 100 100 100 100 100 69 86 0 85 30 1 1 1 1 1 1 3 1 3 3 3 1 3 3 3 4 2 4 4 4 3 3 4 5 2 3 1 3 1 0 0 0 0
"765" 2 3 4 1 1 2 3 3 1 1 2 3 3 2 1 3 1 4 2 1 1 5 6 3 5 1 1 5 1 1 4 1 4 1 3 4 43 31 4 15 37 31 53 44 12 49 31 40 39 35 70 52 70 15 19 84 93 51 42 89 88 48 85 91 90 86 15 51 89 80 36 16 29 77 1 0 1 0 0 1 3 4 5 1 1 2 2 2 2 1 4 4 2 3 4 3 2 2 4 5 5 5 0 1 0 0 0
"766" 3 3 3 3 1 1 2 3 2 2 2 2 2 2 1 2 3 4 2 3 3 4 4 3 5 4 1 5 3 4 2 3 3 2 2 3 0 0 0 70 15 60 50 60 40 85 0 50 15 0 40 60 60 70 50 95 70 70 70 60 60 95 100 50 100 100 50 50 100 95 60 0 60 60 2 1 1 1 1 3 2 5 5 1 1 2 3 3 3 4 2 2 3 4 1 2 3 5 1 5 3 5 0 1 0 0 0
"767" 1 1 4 4 4 3 2 2 4 4 3 3 4 3 3 3 2 2 1 2 3 3 2 4 5 5 2 5 4 5 1 2 4 2 3 4 1 1 1 84 50 84 84 39 71 95 1 1 61 50 44 62 25 90 80 34 56 78 30 50 100 94 80 53 55 50 83 73 63 77 50 50 60 65 2 0 1 1 1 1 3 1 1 3 3 1 3 3 2 5 1 2 4 3 5 3 5 4 2 3 2 3 0 0 1 0 0
"768" 1 1 2 1 3 1 5 3 3 1 5 3 3 4 4 5 1 4 1 1 1 4 6 3 5 5 4 5 1 1 2 1 2 5 2 1 1 5 4 3 9 85 51 83 41 51 6 1 8 6 24 88 42 91 8 100 86 32 94 89 4 60 72 80 63 86 33 12 89 14 86 33 73 15 2 1 1 0 1 3 1 4 5 1 1 2 1 1 2 1 5 4 1 2 3 3 1 2 4 3 2 5 1 0 0 0 0
"769" 2 2 4 1 1 1 3 1 3 1 4 5 4 3 2 5 1 5 2 1 4 4 7 2 3 3 2 5 2 1 3 4 3 2 5 5 4 5 0 2 52 50 57 50 50 51 2 0 36 1 42 52 71 50 59 53 81 36 54 91 73 48 52 52 52 51 48 53 53 50 50 52 52 47 1 1 1 1 1 3 1 2 5 1 3 2 2 2 2 1 4 5 1 3 3 3 3 3 3 3 4 4 1 0 0 0 0
"770" 3 2 4 4 2 2 2 2 2 4 3 2 2 3 2 3 3 3 1 3 3 2 1 4 5 5 2 5 3 5 2 2 5 1 2 2 1 1 1 95 100 1 100 1 100 100 1 1 66 95 1 100 5 100 100 15 45 95 1 50 100 95 100 99 100 100 100 100 90 75 45 1 70 85 2 1 1 1 1 3 3 1 1 5 5 1 3 3 3 4 1 1 4 3 4 3 4 4 2 3 2 2 1 0 0 0 0
"771" 3 1 5 4 1 1 1 1 2 1 4 2 1 3 4 3 2 3 1 1 2 4 2 3 5 1 1 5 4 5 1 3 3 1 1 2 0 0 0 60 100 0 100 16 100 61 0 0 85 0 0 70 29 100 70 14 60 100 0 100 100 100 70 69 100 85 70 70 85 60 50 0 50 50 1 0 1 0 0 3 1 1 3 3 3 1 3 2 2 5 1 2 5 4 5 3 2 5 5 5 3 4 1 0 0 0 0
"772" 3 2 4 1 1 1 1 1 1 1 1 3 4 3 1 5 3 5 2 3 3 3 4 3 3 3 3 3 3 3 3 3 3 3 3 3 51 0 44 9 47 53 24 44 57 44 0 55 53 55 53 48 53 56 47 48 30 47 60 47 49 52 50 31 40 49 52 43 48 47 48 52 51 55 3 1 0 1 1 3 3 4 3 3 3 2 2 2 2 3 3 3 3 3 3 3 3 3 4 4 3 3 1 0 0 0 0
"773" 3 1 1 1 1 1 5 1 5 1 1 1 1 1 1 5 1 5 2 1 1 5 7 1 2 1 1 1 1 1 5 1 1 5 5 1 3 3 2 4 5 99 7 50 5 1 50 100 2 5 50 6 50 5 7 50 100 50 100 99 2 26 100 100 100 100 4 6 100 2 98 2 99 12 1 0 1 1 1 3 3 6 5 1 1 2 2 2 2 1 5 5 1 5 3 1 5 3 5 5 1 5 0 0 0 1 0
"774" 3 5 4 1 1 1 4 2 1 2 3 1 1 2 2 2 1 2 2 4 5 3 7 3 4 5 1 3 1 1 3 1 2 1 2 2 0 0 0 0 16 50 40 100 30 50 0 51 1 0 60 71 60 30 40 90 15 29 91 85 49 61 33 85 50 71 14 20 71 66 98 4 86 50 1 1 0 0 1 2 5 6 5 1 1 3 1 3 3 1 5 5 1 5 2 1 1 3 1 3 4 5 0 0 0 1 0
"775" 2 2 7 2 1 2 2 2 2 2 2 3 2 2 2 4 3 2 2 1 3 3 1 3 4 2 1 1 3 2 4 2 2 3 3 3 17 4 14 73 13 51 40 72 50 42 61 49 25 35 89 60 13 50 49 100 91 51 58 70 68 53 71 82 52 57 50 49 71 13 69 48 68 62 3 1 1 1 1 3 3 6 5 1 1 1 2 2 2 2 4 2 2 4 2 3 1 2 4 4 2 1 0 0 0 1 0
"776" 2 1 4 1 1 1 1 1 2 1 1 1 1 2 1 4 2 1 1 1 1 3 3 4 4 3 3 5 2 2 4 2 1 3 4 5 11 6 6 76 81 91 79 70 55 64 100 63 60 6 100 88 90 70 55 100 99 84 91 96 89 100 100 100 100 85 54 58 100 57 100 0 100 50 1 1 1 1 1 3 3 2 4 3 3 2 2 2 2 2 3 3 2 3 2 2 1 2 5 5 3 2 0 1 0 0 0
"777" 3 1 5 1 3 1 5 1 2 3 5 5 5 5 1 5 1 5 2 1 2 4 4 1 5 4 1 5 1 1 5 3 1 1 4 3 3 1 4 0 50 100 30 70 4 15 0 0 14 0 52 30 50 0 0 70 70 30 2 51 1 64 50 50 47 50 0 0 53 53 78 5 52 51 1 0 1 1 0 2 4 7 5 1 1 2 2 2 2 2 5 5 1 5 5 1 3 3 5 5 5 5 0 0 0 0 1
"778" 3 2 4 2 2 1 4 2 1 2 3 3 3 3 2 3 2 3 1 2 3 2 5 3 5 5 2 5 1 1 2 2 3 2 3 3 2 15 2 15 50 50 85 100 15 51 2 51 2 7 50 62 50 20 15 51 61 50 98 91 85 66 60 79 50 50 1 41 51 50 50 8 66 50 1 0 1 0 0 2 3 1 5 1 1 3 1 2 2 1 5 5 2 4 2 2 2 3 3 4 4 5 1 0 0 0 0
"779" 2 2 7 1 1 1 5 4 3 3 4 4 2 4 1 5 3 3 2 1 2 4 5 4 5 3 3 5 1 1 5 3 1 4 5 5 0 0 0 0 30 0 0 0 0 0 0 0 0 50 0 50 50 40 0 100 100 50 50 85 40 50 85 85 70 50 0 0 85 70 70 15 70 50 1 1 1 1 0 1 3 4 5 5 5 2 2 2 2 2 4 4 3 5 3 2 3 4 2 5 5 5 0 1 0 0 0
"780" 3 3 7 1 1 1 3 1 5 1 5 2 1 5 1 5 1 5 2 2 2 5 7 1 5 1 5 1 1 1 5 5 2 5 3 5 0 0 0 0 14 100 0 0 0 0 50 0 0 0 100 71 8 0 0 100 84 17 85 84 0 31 60 99 0 40 0 0 100 0 85 0 87 0 1 1 1 1 1 2 5 7 5 1 1 3 2 1 1 4 5 5 2 5 2 1 1 1 5 1 5 5 0 0 0 0 1
"781" 1 1 2 1 1 1 2 2 1 1 2 1 1 1 1 1 5 1 3 2 3 4 7 2 1 1 1 1 1 1 1 2 2 2 2 1 99 50 100 100 86 100 97 85 95 62 100 100 95 89 94 97 99 97 95 93 94 97 98 100 98 100 100 96 97 100 69 74 92 87 90 87 91 97 2 1 1 1 1 1 3 2 4 4 4 3 3 2 2 2 2 1 5 2 2 1 2 2 3 5 2 2 1 0 0 0 0
"782" 2 4 4 3 3 3 3 3 3 3 3 3 3 3 3 3 3 3 2 2 2 3 4 3 3 3 3 3 2 2 4 3 3 3 3 3 7 1 8 40 6 86 70 17 53 50 5 11 21 3 50 2 26 70 81 82 67 30 22 73 50 12 61 60 61 70 31 40 89 39 80 2 62 2 3 1 1 0 1 2 5 3 2 5 5 2 3 2 2 3 1 1 5 5 3 2 3 3 3 5 3 3 0 1 0 0 0
"783" 2 3 2 4 3 4 1 1 4 5 3 4 1 3 4 4 2 2 1 4 5 2 4 4 5 5 1 5 3 5 1 1 4 1 2 3 0 0 0 79 60 3 82 0 65 81 0 0 50 55 0 76 50 56 55 12 17 61 0 50 81 53 58 50 55 52 55 55 60 55 40 35 55 55 1 0 1 1 1 1 1 1 1 5 5 1 3 2 3 5 1 1 5 4 5 3 5 5 2 3 1 2 1 0 0 0 0
"784" 3 3 4 1 2 1 2 2 2 2 2 3 2 2 2 2 4 3 2 4 5 5 7 3 5 2 3 3 1 1 5 3 3 3 3 3 5 5 39 6 13 15 5 5 5 8 22 8 10 5 6 9 11 21 9 4 5 7 8 5 10 5 8 35 22 5 6 9 5 7 54 5 52 53 3 1 1 0 1 2 3 4 3 3 3 2 2 2 2 3 3 3 3 3 3 2 3 3 3 5 3 4 1 0 0 0 0
"785" 1 3 6 1 1 1 5 3 4 1 1 1 1 2 1 4 2 4 2 1 2 5 7 1 5 2 1 2 1 1 3 2 1 3 3 3 1 0 0 0 15 100 39 100 0 70 0 74 15 0 87 15 50 0 0 100 81 30 100 100 17 58 68 52 85 87 0 0 100 31 100 0 100 0 1 0 1 1 0 2 2 3 5 1 1 2 3 2 2 1 4 5 2 4 4 1 2 2 4 3 4 5 0 0 0 1 0
"786" 3 1 7 1 1 1 5 5 5 1 5 3 1 5 1 5 1 5 2 1 2 5 7 1 1 5 1 3 1 1 5 5 5 5 4 4 52 2 1 3 2 30 41 99 42 30 51 19 16 0 52 15 72 52 52 100 86 15 86 100 51 40 52 100 52 51 51 52 53 52 52 51 50 50 1 1 1 1 1 3 3 5 5 1 1 2 2 3 1 3 3 4 3 3 2 3 2 3 2 3 5 5 0 0 0 1 0
"787" 3 1 4 1 1 1 5 4 1 1 1 1 1 4 1 5 1 5 1 2 2 5 7 1 4 1 1 1 1 1 5 2 1 5 4 2 0 0 0 0 50 100 0 100 0 0 0 0 0 0 50 1 85 50 50 85 86 10 100 85 0 0 85 85 85 85 8 50 85 50 90 0 90 10 1 0 1 1 0 2 5 4 5 1 1 2 1 1 2 1 5 5 1 5 1 1 1 3 1 5 4 5 0 1 0 0 0
"788" 3 2 6 1 3 1 3 1 1 1 2 1 2 2 2 2 3 3 2 3 4 5 1 1 5 3 1 5 2 3 3 1 1 2 3 2 1 0 50 100 0 49 100 5 100 82 0 0 10 47 69 100 72 100 100 100 59 100 6 83 100 91 100 100 100 100 100 100 100 100 97 0 100 100 4 1 1 1 1 2 4 1 5 1 1 1 2 3 3 5 3 3 5 5 2 1 3 4 2 5 1 5 1 0 0 0 0
"789" 3 1 4 3 2 1 4 3 5 3 1 1 3 2 2 4 1 5 3 1 3 4 4 4 4 5 3 5 1 3 3 1 1 5 5 2 1 1 1 29 56 51 52 99 39 43 1 50 7 5 87 50 30 49 51 100 71 29 85 100 40 50 49 99 51 51 49 50 100 41 100 1 100 15 1 1 1 1 0 3 5 4 5 2 3 2 2 2 2 1 5 5 4 5 3 1 3 5 3 3 3 5 0 1 0 0 0
"790" 2 1 2 1 4 4 5 5 1 2 3 2 5 3 1 5 1 5 1 2 3 5 7 2 5 3 1 5 3 4 2 5 3 5 4 1 1 1 1 1 100 1 1 100 15 40 1 1 1 1 40 30 60 100 40 100 70 1 1 100 3 1 85 100 100 100 50 30 100 50 50 1 100 1 1 0 1 0 0 1 3 5 5 1 1 2 2 2 2 1 5 5 3 3 5 4 2 2 5 1 4 5 0 0 1 0 0
"791" 3 4 4 1 1 1 5 5 2 1 5 4 1 5 1 5 1 5 1 3 4 3 7 3 5 2 4 5 1 1 5 5 5 3 3 4 0 0 0 7 50 100 84 100 0 0 0 0 0 0 47 6 31 50 28 60 46 15 51 100 0 0 52 50 50 51 11 6 50 13 50 0 52 11 1 0 1 1 0 2 4 5 5 1 1 2 2 2 2 1 5 5 1 5 2 1 2 2 5 5 5 5 0 1 0 0 0
"792" 1 1 4 1 1 1 5 2 5 1 3 5 1 4 1 4 5 3 3 1 1 3 7 1 5 2 1 5 1 1 5 5 5 5 5 5 2 2 1 8 1 18 2 3 1 41 8 2 5 10 2 96 53 2 4 100 100 47 4 100 2 52 100 100 47 100 1 1 100 52 9 6 3 2 1 1 1 1 1 3 1 6 5 5 5 2 1 2 1 1 5 5 1 5 4 1 3 3 4 5 5 5 0 0 0 1 0
"793" 3 5 4 3 1 1 1 1 3 1 4 1 2 3 3 3 3 2 2 2 1 3 4 4 5 5 2 5 2 5 1 3 5 3 3 3 0 0 0 50 82 100 100 49 50 50 0 0 85 49 13 49 49 100 100 60 61 50 15 100 100 83 49 59 100 100 85 67 49 15 14 0 14 30 3 1 1 1 1 3 5 1 3 2 2 1 2 3 3 3 4 3 5 5 3 2 5 5 4 5 2 3 1 0 0 0 0
"794" 2 2 4 2 1 1 1 3 2 2 1 2 2 1 3 2 2 3 2 2 3 3 5 2 5 4 2 4 2 2 4 1 1 1 3 4 0 0 0 40 50 50 30 15 70 50 0 0 15 10 5 60 10 75 60 60 54 70 5 60 47 50 58 85 80 85 60 60 55 50 55 0 55 55 4 1 1 1 1 3 2 6 5 1 1 2 3 3 2 1 2 3 2 4 5 5 2 2 2 3 4 4 0 1 0 0 0
"795" 3 1 7 1 2 1 5 5 5 2 4 3 5 4 1 5 1 5 1 1 1 5 7 1 4 2 2 5 1 1 5 4 2 5 5 2 10 2 0 2 20 51 10 50 11 9 5 14 0 4 30 20 89 4 5 60 100 20 71 85 10 10 50 90 88 90 3 7 95 3 70 0 71 10 1 1 1 1 1 2 3 1 5 1 3 3 1 2 2 1 5 5 1 5 3 1 1 2 5 3 5 5 1 0 0 0 0
"796" 3 1 2 1 1 1 2 1 1 2 2 1 1 2 1 3 3 3 1 4 4 4 7 4 5 3 1 5 1 4 4 2 2 1 4 2 0 0 0 100 53 0 96 0 83 84 0 0 61 78 0 84 0 88 82 66 63 74 0 43 100 57 87 61 84 74 78 64 87 42 88 0 88 18 1 1 1 1 1 3 2 1 4 3 3 1 3 2 2 1 2 2 4 5 3 3 4 5 2 5 1 4 1 0 0 0 0
"797" 3 3 4 3 3 2 2 3 3 2 3 4 3 3 3 3 3 3 1 3 4 4 4 2 5 5 2 5 2 5 2 2 3 2 3 4 0 100 0 50 0 0 55 50 0 10 0 0 79 0 0 50 55 0 0 10 40 55 0 60 55 55 60 55 60 55 0 0 50 50 30 30 50 50 1 1 1 0 0 2 5 1 4 2 2 1 2 2 2 2 3 3 4 3 4 3 3 3 5 1 3 4 1 0 0 0 0
"798" 3 1 5 1 1 1 3 1 2 1 2 2 2 2 3 2 1 4 3 1 3 5 3 3 3 5 1 3 1 1 5 5 5 5 3 3 0 0 0 60 0 85 40 60 0 60 0 30 30 50 60 85 30 0 0 85 60 70 50 70 30 50 60 60 60 70 0 0 60 40 50 50 60 50 1 1 1 1 1 3 3 5 5 1 1 1 2 2 2 2 2 5 2 5 5 2 5 1 4 4 1 5 0 0 0 1 0
"799" 1 2 4 2 1 2 2 2 2 1 3 2 1 2 1 3 3 2 2 1 1 4 1 3 3 5 2 3 2 2 3 3 2 2 2 2 4 1 1 46 6 43 71 31 14 21 13 62 35 4 75 68 68 7 2 86 72 50 9 53 72 46 53 71 72 54 1 0 66 42 85 58 88 43 3 1 0 0 1 3 2 4 3 2 2 1 3 2 2 3 2 3 2 5 3 1 3 3 1 5 2 2 0 0 0 1 0
"800" 2 3 1 3 3 1 3 4 1 1 5 5 2 4 1 3 4 3 3 3 4 3 4 4 4 5 3 3 4 2 4 3 4 3 2 3 28 40 32 43 29 43 31 44 48 20 30 14 31 45 37 60 70 47 32 29 69 37 33 71 55 29 71 41 32 81 48 28 38 37 53 31 34 31 4 1 0 0 0 3 2 4 3 3 2 2 2 2 2 3 2 3 4 4 3 4 4 3 4 4 3 3 1 0 0 0 0
"801" 3 2 4 2 1 1 3 3 2 1 2 3 2 3 1 2 3 2 2 3 4 4 7 3 3 4 2 3 3 3 2 2 4 2 3 2 52 41 53 88 37 50 51 63 14 35 33 75 58 51 71 61 75 13 17 92 63 64 60 75 63 66 83 70 50 65 15 34 52 67 70 50 64 54 2 1 1 1 1 3 5 4 5 2 2 1 3 2 2 4 2 2 4 5 3 2 2 2 1 5 1 1 0 0 0 1 0
"802" 1 4 4 1 1 1 2 1 4 1 2 3 2 2 1 3 1 4 2 1 3 3 4 2 4 4 2 2 2 2 2 4 3 3 4 4 26 6 100 55 100 100 54 100 52 21 37 100 100 0 64 100 13 100 100 100 54 100 100 100 10 49 100 100 100 100 55 100 100 100 79 65 100 100 1 0 0 0 0 1 5 7 5 1 1 1 2 2 2 3 4 4 5 5 1 3 2 2 2 3 4 5 0 0 0 0 1
"803" 2 1 4 1 1 1 1 1 2 1 1 2 1 1 1 1 3 1 1 1 1 3 1 1 5 2 1 5 1 3 5 1 3 3 3 3 0 0 0 75 0 100 75 25 75 100 0 75 0 0 25 100 25 75 75 100 100 100 0 75 25 100 100 100 100 100 75 75 75 75 0 0 0 0 1 1 1 1 1 3 5 3 3 3 3 1 3 2 3 2 2 2 2 3 2 2 2 2 4 4 3 3 0 0 0 1 0
"804" 1 1 2 2 2 1 1 1 1 2 2 2 1 2 2 2 2 2 2 1 1 4 2 3 5 4 1 5 2 1 4 1 1 1 2 3 15 0 15 59 50 15 85 15 70 100 0 0 50 50 15 85 15 50 50 47 85 70 15 85 100 70 85 85 85 70 70 33 85 70 46 15 70 30 1 1 1 1 1 3 4 1 5 1 1 1 3 2 1 4 1 1 4 4 4 3 5 5 4 3 2 5 1 0 0 0 0
"805" 2 3 4 1 2 1 4 4 1 1 3 3 5 1 1 5 1 5 1 1 1 5 6 2 5 1 2 5 1 1 1 1 1 5 4 4 0 0 0 0 50 100 0 100 0 0 0 100 0 0 85 0 100 83 0 100 100 0 100 100 29 34 100 100 100 100 1 0 100 15 100 0 100 2 1 0 1 0 0 1 5 4 5 1 1 2 2 2 2 1 5 5 1 3 3 3 1 3 5 5 4 5 0 0 1 0 0
"806" 1 1 4 4 2 1 1 2 1 3 5 5 1 5 1 3 3 3 1 1 1 4 1 2 5 2 1 5 3 3 3 4 5 1 1 5 0 0 0 72 100 100 100 0 63 99 0 0 100 100 0 100 2 100 99 14 100 81 0 9 100 100 94 63 83 82 97 100 47 72 0 0 0 87 1 1 1 1 1 3 3 1 3 3 3 2 2 2 2 2 4 4 4 4 2 2 3 3 4 4 5 3 1 0 0 0 0
"807" 1 1 2 2 3 2 1 1 1 2 2 2 1 1 2 2 3 3 1 1 2 4 6 3 5 5 1 5 2 4 2 1 3 1 2 2 3 1 1 88 77 1 95 1 91 100 1 94 53 2 1 97 15 89 90 6 80 91 1 51 95 89 86 77 77 79 79 79 75 83 62 2 63 62 1 1 1 1 1 3 3 1 3 4 4 1 3 2 2 4 2 2 4 3 2 4 2 4 2 5 2 5 1 0 0 0 0
"808" 3 4 4 3 3 1 2 4 1 1 3 3 4 3 2 3 3 4 1 3 4 4 4 3 5 3 1 5 2 4 3 4 4 4 1 1 30 0 0 70 50 34 88 34 1 44 0 1 40 38 40 50 30 1 1 49 33 49 35 50 85 50 100 10 100 50 0 0 49 51 51 49 49 50 2 0 0 1 1 2 4 1 5 1 1 1 3 3 1 4 1 3 4 5 4 1 2 2 3 3 4 5 1 0 0 0 0
"809" 1 1 4 2 2 2 1 1 1 1 1 1 1 1 1 2 2 2 2 3 3 3 4 4 4 3 1 5 3 3 4 1 2 1 2 1 52 0 0 74 16 33 100 29 87 93 2 31 53 21 74 93 48 95 95 92 71 95 16 100 100 85 100 85 92 96 87 93 97 86 55 2 55 54 2 1 1 1 1 3 3 2 3 5 5 1 3 3 3 5 3 3 5 3 2 2 4 5 2 4 1 3 1 0 0 0 0
"810" 2 2 3 1 1 2 5 3 3 2 4 1 2 4 1 4 1 5 1 1 1 4 7 2 3 1 2 5 1 1 5 5 2 2 4 1 5 5 2 4 53 100 39 63 39 51 4 5 4 1 78 9 56 54 4 79 100 25 64 84 22 15 79 67 91 100 1 2 87 47 81 1 80 2 1 0 1 0 0 1 4 3 5 1 3 2 3 2 2 1 5 3 2 4 2 3 3 3 4 3 5 5 0 0 0 1 0
"811" 3 2 4 3 3 2 2 2 2 2 4 2 2 3 1 2 3 3 1 3 4 4 4 4 5 5 2 5 3 5 2 2 3 3 3 3 50 3 0 78 77 45 78 0 76 76 1 2 50 50 44 77 50 70 76 50 55 61 0 50 50 75 76 75 76 78 75 78 76 76 50 50 50 50 3 0 1 1 1 2 5 1 2 5 5 1 3 3 3 4 2 2 5 2 3 4 4 3 3 5 3 3 1 0 0 0 0
"812" 2 2 3 1 1 1 1 1 1 1 1 2 1 3 2 1 3 2 2 2 3 2 6 1 1 3 1 1 2 1 2 3 3 3 2 3 50 69 30 87 57 69 60 84 51 69 77 87 69 71 75 84 87 14 0 69 64 69 87 76 84 59 85 100 73 73 29 33 70 70 70 61 58 60 3 1 1 1 1 1 2 5 2 3 1 2 3 3 3 4 3 1 2 5 1 1 1 2 1 2 1 1 0 0 0 1 0
"813" 3 1 7 1 1 1 5 3 1 1 1 5 1 1 1 5 1 5 2 1 1 5 7 1 5 1 1 5 1 1 5 5 1 3 4 1 0 1 0 0 2 100 0 100 0 0 1 4 0 1 100 3 54 5 1 100 100 0 100 100 1 1 100 100 100 100 1 2 100 51 100 0 100 0 1 0 1 0 0 1 3 5 5 1 1 2 2 2 2 3 5 5 5 5 5 1 3 5 4 5 4 5 0 1 0 0 0
"814" 3 1 4 1 1 1 2 1 1 1 1 1 1 2 1 2 3 5 2 2 3 5 7 1 4 5 1 1 3 2 3 1 3 1 3 3 0 0 0 100 0 3 100 17 100 67 0 0 43 0 50 49 50 100 100 100 47 72 0 98 68 52 100 49 61 83 100 100 87 86 0 0 14 60 5 1 1 1 1 2 3 4 5 2 2 1 3 2 2 5 1 1 5 5 1 3 3 5 4 5 1 3 1 0 0 0 0
"815" 3 1 4 1 2 1 3 5 2 1 5 3 2 5 2 5 1 5 2 1 2 5 5 1 5 2 4 5 1 1 3 4 3 3 4 2 0 0 0 10 10 70 10 20 10 30 0 20 0 0 80 50 50 60 10 70 80 30 85 80 0 10 65 70 60 70 10 10 60 50 60 0 60 35 1 1 1 0 0 1 3 5 5 1 1 2 2 2 2 1 4 5 1 4 4 3 1 3 3 3 5 5 0 0 0 1 0
"816" 3 1 4 3 2 3 1 1 1 3 2 1 1 2 1 2 2 1 1 2 3 4 1 4 5 2 1 5 2 5 4 1 3 2 1 2 0 0 0 100 100 100 100 0 100 100 0 0 86 85 0 100 50 100 100 75 85 85 0 100 100 85 100 70 100 100 100 100 100 85 75 0 75 75 2 1 1 0 1 3 3 2 2 5 5 1 3 2 3 4 2 1 5 3 5 4 2 5 1 5 3 3 1 0 0 0 0
"817" 1 2 4 2 1 1 1 2 2 2 2 2 2 2 1 2 3 3 2 3 4 4 4 2 5 4 2 1 2 1 5 3 3 3 2 2 50 1 1 100 1 53 56 100 100 100 0 72 100 51 100 100 72 73 100 99 100 100 100 100 44 81 100 100 100 100 100 50 100 100 71 50 72 76 2 1 1 1 1 3 4 7 3 3 3 2 3 2 2 3 2 3 4 5 3 2 2 3 1 5 3 5 0 0 0 1 0
"818" 2 2 3 2 2 3 3 2 2 1 3 2 2 1 2 3 2 5 1 1 2 4 6 3 4 5 1 5 1 2 4 1 4 2 3 4 15 0 0 50 70 30 70 30 60 70 0 0 50 15 60 70 70 70 70 70 70 70 30 70 70 70 70 70 70 70 70 70 70 60 60 5 70 40 1 1 1 0 1 3 4 3 3 3 3 1 2 2 2 2 4 4 3 2 3 3 2 4 4 3 2 3 1 0 0 0 0
"819" 2 5 4 5 1 1 5 3 1 1 5 5 5 5 3 5 3 3 2 3 3 3 4 3 5 5 3 5 3 3 3 3 3 3 3 3 53 52 56 54 51 54 54 54 54 52 52 55 49 50 53 56 54 53 55 50 55 54 52 56 53 55 52 52 51 55 54 53 53 56 52 50 53 52 1 0 0 0 0 2 3 4 5 1 1 2 2 2 2 3 3 3 3 3 3 3 1 1 4 4 3 5 0 0 0 1 0
"820" 3 1 4 1 2 1 1 1 3 1 3 3 1 2 1 2 2 3 1 2 3 4 4 3 5 3 1 5 2 3 4 1 2 2 3 2 0 0 0 50 0 70 85 50 50 65 0 50 50 50 50 50 50 50 50 75 85 50 50 75 85 50 75 75 50 50 50 50 50 50 60 26 60 55 3 1 1 1 1 3 3 1 4 2 2 2 2 2 2 2 4 4 2 3 3 3 3 5 4 5 4 5 1 0 0 0 0
"821" 2 1 4 2 1 3 3 4 3 4 4 2 2 3 3 2 2 1 1 2 2 4 5 2 1 3 1 2 2 2 2 2 2 2 1 2 71 78 78 74 73 74 78 78 64 84 75 84 80 77 71 61 73 65 80 61 77 78 71 59 53 64 68 75 91 74 64 75 77 78 90 39 58 51 3 0 0 1 0 1 3 5 4 2 2 2 2 2 2 3 4 4 2 4 2 1 2 2 2 4 4 2 0 0 0 1 0
"822" 2 1 2 4 3 3 1 3 2 3 2 4 2 2 4 3 3 2 1 4 5 2 1 4 5 5 2 5 3 5 3 1 5 1 1 3 0 0 0 95 97 5 99 15 99 80 0 0 99 99 0 98 15 99 99 40 30 100 0 60 99 85 85 50 95 97 99 99 70 50 60 0 65 95 2 1 1 1 1 3 1 1 1 5 5 1 3 3 3 5 1 1 5 5 3 3 3 5 4 4 1 4 1 0 0 0 0
"823" 2 1 4 1 1 1 5 2 5 1 2 1 3 2 1 4 1 5 2 1 1 5 5 1 2 2 2 3 1 1 5 1 1 4 4 1 0 0 0 7 50 100 15 100 0 50 2 71 1 0 89 25 50 3 8 85 85 15 91 95 1 16 70 88 82 85 12 3 87 15 86 5 85 51 1 1 1 1 1 2 3 6 5 1 1 2 2 3 3 2 5 5 2 5 5 1 2 3 3 4 5 5 0 0 0 1 0
"824" 3 2 3 1 1 1 2 1 3 1 1 2 1 2 1 5 3 3 2 3 3 3 4 3 5 3 2 5 5 3 4 3 3 3 3 3 25 0 25 50 95 32 100 50 75 0 0 100 40 0 78 22 25 75 50 80 25 19 50 55 100 100 50 25 55 55 69 100 89 50 100 0 85 50 3 0 1 1 1 2 3 1 3 4 4 2 2 2 2 2 3 3 3 3 2 3 2 3 1 3 4 5 1 0 0 0 0
"825" 2 1 5 1 3 2 2 1 1 2 2 2 1 2 1 2 3 4 1 2 2 3 7 3 5 5 1 5 2 2 2 1 2 3 2 2 31 3 1 89 50 100 99 3 96 96 1 5 66 32 36 71 60 96 92 60 83 84 7 94 100 80 91 71 99 99 74 98 94 82 78 5 76 18 3 1 1 1 1 3 4 2 3 1 2 1 3 3 1 3 2 2 4 3 3 5 3 4 4 3 1 3 1 0 0 0 0
"826" 3 5 5 3 1 1 2 2 1 2 2 3 3 2 2 3 2 4 1 4 4 2 3 3 4 5 1 5 3 4 2 2 4 1 2 3 0 0 0 86 50 80 60 15 85 87 0 0 45 30 16 61 31 80 73 48 16 41 0 44 78 70 52 59 68 60 71 74 52 58 18 0 43 60 2 1 1 1 1 3 5 2 4 4 4 1 3 2 1 4 1 2 5 4 5 5 5 5 1 5 2 3 0 1 0 0 0
"827" 2 2 2 1 2 1 1 1 1 1 4 3 1 4 1 3 4 4 2 3 5 3 4 3 3 4 1 5 1 2 5 5 5 5 2 2 8 0 1 85 50 16 96 72 51 54 1 52 53 50 3 52 28 51 53 17 31 30 4 50 86 86 86 31 49 21 51 51 52 40 1 0 1 1 2 1 1 1 0 2 3 3 5 4 2 1 3 1 1 5 1 2 5 4 4 4 2 5 4 5 3 5 0 1 0 0 0
"828" 3 1 3 1 1 1 5 2 1 2 4 3 4 5 1 5 1 5 2 4 4 4 4 1 5 3 5 1 1 1 1 5 3 4 5 3 0 0 0 0 41 85 60 100 0 0 0 60 0 0 70 15 30 40 0 100 15 40 50 100 0 39 50 60 50 60 0 0 50 0 10 0 10 10 1 0 1 0 0 1 4 6 5 1 1 3 2 2 2 1 4 3 2 4 3 1 2 2 2 5 5 5 0 0 0 1 0
"829" 2 1 4 4 1 2 1 1 1 1 4 2 1 3 3 5 2 3 1 4 4 3 1 2 5 4 1 5 1 5 5 2 4 1 4 4 10 6 6 77 43 100 100 90 46 67 4 7 92 91 7 79 33 68 60 34 44 30 6 32 89 82 81 61 76 62 20 24 66 82 48 17 54 55 2 1 1 1 1 3 4 1 3 1 4 3 3 3 1 5 1 1 5 4 5 2 4 3 1 5 1 5 1 0 0 0 0
"830" 1 2 4 1 1 1 2 2 2 1 2 3 1 2 1 2 3 3 2 1 3 5 6 2 5 2 1 5 1 1 5 3 3 3 2 2 66 1 12 21 4 16 21 92 16 1 7 8 12 17 51 89 85 55 78 53 87 52 81 85 53 62 86 83 51 87 60 54 53 85 53 23 54 54 3 1 1 1 1 3 5 3 5 2 2 2 2 2 2 2 5 3 5 5 2 2 3 2 1 5 4 4 1 0 0 0 0
"831" 2 5 4 1 2 1 2 3 1 1 3 4 3 1 1 4 3 3 1 3 4 3 4 3 5 2 2 1 1 1 3 3 3 3 1 4 1 0 0 2 51 52 51 93 1 4 0 0 49 50 52 24 51 0 1 93 70 49 59 48 50 49 97 96 50 2 2 0 96 0 71 51 59 52 1 1 1 1 1 3 3 7 5 3 3 2 2 2 2 1 3 3 1 5 3 3 2 3 3 5 2 5 0 0 0 0 1
"832" 3 1 4 3 1 1 2 1 1 2 1 3 2 2 2 2 2 3 1 4 4 2 1 4 4 3 1 5 3 5 3 1 5 1 3 4 0 0 0 85 71 3 100 3 100 100 0 0 50 69 0 50 28 93 92 50 31 60 0 30 100 61 69 71 69 90 93 93 59 70 0 0 15 88 1 0 1 1 1 2 3 3 1 5 5 1 3 3 2 3 2 1 3 5 3 1 5 5 3 3 1 2 1 0 0 0 0
"833" 3 1 2 4 2 2 1 1 2 2 2 1 1 2 5 3 2 2 1 2 4 3 1 4 5 5 1 5 2 4 2 2 3 1 1 1 0 0 0 85 95 10 100 85 95 85 0 0 60 65 5 80 10 100 95 60 65 90 0 85 100 90 95 50 100 95 95 85 95 95 50 5 80 80 1 1 1 1 1 3 3 2 3 3 3 1 3 3 3 5 1 2 5 3 3 3 3 5 1 5 1 4 1 0 0 0 0
"834" 2 1 4 2 4 2 5 2 3 3 3 2 3 3 2 3 2 4 2 1 2 4 6 3 3 2 3 2 2 2 3 2 1 5 4 2 7 11 10 16 30 92 14 80 9 15 24 88 15 12 75 50 51 11 15 96 85 75 82 76 6 50 90 70 70 80 9 10 83 30 92 2 78 23 1 1 1 0 0 3 3 7 5 1 1 2 2 2 2 2 3 3 3 5 3 2 3 3 2 3 5 5 0 0 0 0 1
"835" 3 1 1 4 1 1 3 2 4 3 5 5 2 5 3 5 4 3 1 4 4 3 2 4 5 1 4 5 3 5 4 5 5 5 3 4 7 65 17 0 100 3 78 70 56 62 35 0 52 25 0 75 18 82 66 0 37 42 100 86 85 81 79 41 51 9 63 60 53 45 0 0 0 0 1 1 1 0 0 2 4 2 5 3 3 2 2 3 2 3 3 2 3 4 3 3 2 4 3 4 3 4 1 0 0 0 0
"836" 3 2 1 1 1 1 5 5 5 1 2 2 5 1 1 4 1 5 2 4 3 5 5 2 5 2 1 4 1 1 4 5 2 4 4 2 0 0 0 0 49 77 0 78 10 0 0 50 0 0 69 39 20 51 49 72 79 30 62 84 0 0 50 50 50 50 50 49 61 48 50 0 50 60 1 0 1 0 0 1 5 6 5 1 1 2 2 2 2 3 5 4 3 4 3 2 2 3 3 5 5 5 0 1 0 0 0
"837" 2 1 4 2 2 2 2 2 2 2 2 2 2 2 2 2 3 3 2 2 3 3 7 2 3 2 1 2 2 3 4 2 3 3 2 2 12 10 29 69 7 52 48 53 60 49 31 52 50 51 51 51 50 50 49 68 61 51 51 56 53 51 49 60 51 49 51 60 52 40 50 32 53 43 2 1 0 0 0 3 3 4 3 3 3 1 3 3 3 3 3 2 5 5 3 2 3 3 4 5 1 2 0 0 0 1 0
"838" 2 2 4 1 3 1 2 2 1 1 2 2 2 2 2 2 3 2 3 1 2 3 5 3 4 5 4 5 1 1 5 2 1 2 1 2 27 52 51 41 2 68 55 89 50 52 50 44 50 12 81 30 51 12 47 100 97 72 86 91 63 73 50 52 50 64 16 30 51 48 73 4 73 61 4 1 1 1 0 3 4 5 5 5 5 2 2 2 2 2 5 5 2 3 2 2 2 3 3 3 4 5 0 1 0 0 0
"839" 2 3 4 2 2 2 1 1 1 2 3 3 2 3 2 3 2 3 2 3 3 3 6 2 1 1 1 1 3 2 2 3 3 3 3 3 50 50 30 60 50 50 50 50 70 50 50 50 60 50 50 50 60 60 70 50 50 50 50 50 50 60 50 85 50 85 50 70 50 50 50 50 50 50 1 1 1 1 1 2 3 1 2 4 4 2 2 2 2 2 3 3 2 5 3 2 3 2 4 4 2 1 1 0 0 0 0
"840" 1 1 3 3 2 2 5 1 1 1 1 3 2 1 3 3 2 4 2 1 1 5 6 2 4 3 2 5 1 2 4 1 1 2 4 3 0 0 0 5 0 85 15 31 0 75 0 35 42 20 77 30 5 20 5 100 90 84 25 90 15 53 90 80 90 80 0 0 85 50 100 10 90 15 2 1 1 1 1 3 2 5 5 1 1 2 2 2 2 3 4 3 2 5 1 1 2 4 2 3 4 5 0 0 0 0 1
"841" 3 2 4 1 3 1 5 4 3 2 4 3 4 3 1 3 1 5 1 1 2 4 5 1 5 3 1 4 1 1 3 4 3 5 4 2 2 1 1 1 52 11 2 3 2 9 4 2 1 1 2 13 19 50 40 50 62 1 30 84 3 2 53 65 50 53 1 2 53 51 57 1 67 1 2 1 1 0 0 2 2 4 5 1 1 2 2 2 2 2 3 5 2 3 5 3 2 2 4 5 5 5 0 1 0 0 0
"842" 2 1 4 1 1 1 5 3 3 1 3 3 1 3 2 2 3 3 1 2 3 5 4 1 5 1 2 5 1 1 5 3 2 3 3 3 50 1 2 50 49 100 100 100 1 0 27 100 50 1 85 100 100 1 1 100 86 50 100 100 50 85 62 100 86 100 2 1 100 84 100 1 100 48 1 1 1 1 0 2 5 4 5 3 3 2 2 2 2 5 3 3 3 1 3 1 1 3 4 4 3 3 0 0 1 0 0
"843" 3 1 3 2 2 1 2 2 2 3 3 4 1 3 3 4 4 4 1 4 4 3 5 3 5 2 2 5 2 3 4 2 4 2 3 3 35 4 5 59 22 43 83 29 61 59 8 16 30 16 59 68 28 75 66 61 54 52 27 56 72 53 70 69 63 38 55 73 70 45 33 29 40 41 3 1 1 1 1 3 3 3 3 2 3 1 3 3 3 3 4 4 3 4 3 2 3 3 4 5 4 4 0 1 0 0 0
"844" 1 3 3 2 2 2 2 4 2 2 5 4 4 1 5 5 2 2 1 1 1 5 7 1 5 2 1 5 1 1 4 1 5 5 3 4 1 0 0 0 50 29 51 3 84 69 0 0 29 1 3 29 1 100 85 15 93 49 0 41 60 61 15 70 51 40 70 85 72 40 0 0 14 0 3 0 0 1 1 3 5 4 3 3 3 3 1 1 2 1 5 5 2 2 5 2 4 5 3 3 5 3 1 0 0 0 0
"845" 2 1 4 1 1 1 1 1 1 1 1 2 1 1 1 1 3 3 2 2 2 4 4 1 2 3 1 2 1 1 2 1 1 1 2 2 90 15 15 100 90 90 90 90 100 90 40 90 90 90 100 90 100 100 90 100 100 100 80 90 90 100 100 90 100 80 100 70 90 90 70 60 70 70 1 1 1 1 1 1 3 6 3 3 3 2 2 2 2 2 2 2 2 2 3 1 1 2 3 2 1 2 1 0 0 0 0
"846" 3 2 4 3 2 2 3 2 2 2 3 3 2 2 2 3 3 3 2 2 3 4 7 3 3 3 3 3 2 3 3 3 3 3 3 3 1 1 49 62 41 50 60 70 2 49 2 1 50 50 70 50 51 4 2 98 60 60 69 70 60 61 70 70 50 52 1 2 60 51 61 49 60 50 4 1 1 1 1 2 3 7 5 1 1 2 2 2 2 3 3 3 3 3 3 2 3 4 5 5 3 3 0 0 0 0 1
"847" 1 1 2 1 1 1 1 1 1 1 3 2 1 3 3 2 2 3 1 2 3 4 7 1 5 3 2 5 2 2 2 4 4 3 2 3 1 1 1 75 54 40 96 91 85 56 1 1 2 50 51 27 63 90 71 65 20 70 34 77 80 65 85 64 34 87 89 81 86 82 50 50 50 50 1 1 1 1 1 3 4 2 4 3 3 1 3 3 3 3 2 2 4 4 2 2 4 4 2 5 1 4 0 1 0 0 0
"848" 3 1 1 1 1 1 1 1 1 1 4 1 1 3 1 1 3 3 2 1 1 5 7 2 5 2 1 5 1 3 1 1 3 1 5 5 15 0 0 100 0 100 100 0 100 100 0 0 0 0 47 67 25 100 100 100 72 100 0 100 100 100 100 100 100 100 100 100 100 58 50 49 51 47 1 1 1 1 1 3 1 1 3 5 5 1 2 2 2 5 2 5 5 3 5 3 3 3 3 3 3 3 1 0 0 0 0
"849" 1 2 7 1 1 1 1 1 1 1 1 3 1 1 1 1 3 3 1 1 1 4 7 1 5 1 1 2 2 2 2 1 1 5 1 1 75 0 57 76 75 100 100 100 100 100 40 100 64 24 99 78 95 100 100 100 100 100 75 59 100 100 100 100 98 100 100 100 100 100 34 42 61 39 1 1 1 1 1 3 1 1 5 1 5 1 3 3 3 1 5 5 1 5 1 1 3 1 4 5 1 4 1 0 0 0 0
"850" 1 1 2 2 2 1 2 3 3 2 4 2 2 4 3 4 3 2 2 2 3 3 4 3 2 4 2 3 3 5 5 3 3 4 2 4 5 4 4 62 53 73 64 50 71 72 51 16 51 31 61 51 85 62 49 69 86 71 59 76 50 87 72 77 72 100 61 40 70 30 35 0 49 31 2 1 1 1 1 2 3 5 3 4 4 2 2 2 2 2 3 4 2 3 2 2 2 4 3 3 3 3 0 0 0 1 0
"851" 2 5 7 1 2 1 5 3 5 1 4 2 1 5 1 5 1 5 2 1 1 4 7 1 4 2 2 4 2 1 2 5 1 5 4 3 0 9 3 13 24 82 84 71 8 29 12 18 4 6 47 22 85 53 52 85 89 43 91 96 13 49 89 89 93 96 34 21 90 56 88 4 82 9 2 1 1 1 0 3 2 5 5 3 3 2 1 1 2 2 5 4 2 4 4 2 2 2 3 5 5 5 0 0 1 0 0
"852" 3 2 4 1 1 1 3 2 2 2 2 2 1 1 2 2 4 3 1 2 3 3 5 1 5 4 1 5 2 3 4 3 3 3 3 5 75 2 9 52 81 73 76 54 78 71 54 76 70 74 73 94 78 76 89 73 76 42 72 71 76 84 72 82 85 75 74 81 73 74 87 56 81 80 2 1 1 1 1 3 3 5 5 3 3 2 2 2 2 3 4 3 3 3 3 2 3 4 4 5 5 5 0 0 0 1 0
"853" 2 3 4 1 3 2 4 2 4 2 5 3 3 5 1 3 1 4 2 3 2 2 7 3 4 2 2 2 1 1 4 4 4 5 3 3 4 0 0 3 0 75 30 0 51 4 0 0 6 0 0 51 32 4 0 24 89 0 63 61 51 5 31 29 34 31 0 0 52 51 0 0 50 1 3 0 1 1 1 2 4 5 5 1 1 2 2 2 2 3 5 5 2 4 3 2 3 5 4 5 5 5 0 0 0 1 0
"854" 2 2 2 2 1 3 1 2 2 2 2 3 3 1 4 2 2 2 2 2 3 3 5 1 2 3 2 3 3 2 2 1 1 2 2 1 39 85 70 33 79 64 76 79 81 84 82 76 94 65 95 66 94 71 68 58 67 87 89 78 15 77 80 88 75 91 74 92 64 78 79 81 64 92 1 0 0 0 0 2 3 5 2 2 1 2 2 2 3 4 3 3 3 2 2 3 4 3 2 2 3 2 0 1 0 0 0
"855" 2 1 4 3 1 1 3 2 2 2 3 3 1 3 1 3 3 3 2 3 3 4 7 3 2 5 2 1 3 3 3 3 3 3 5 5 0 0 0 73 0 61 56 48 0 0 48 21 52 0 42 100 0 0 0 79 51 100 71 27 0 100 100 100 100 100 0 0 72 70 68 71 73 68 3 0 0 0 0 2 3 7 3 3 1 2 2 2 2 3 5 3 3 3 2 1 4 4 2 4 3 3 0 0 0 0 1
"856" 3 3 4 3 3 3 2 2 2 3 2 3 2 2 3 3 2 3 1 1 2 3 3 3 5 2 1 5 3 2 3 1 4 1 3 5 15 13 9 64 56 16 73 15 63 74 12 12 56 50 30 53 59 63 67 52 69 85 19 70 87 71 60 56 67 88 60 69 66 72 52 55 50 69 4 1 1 1 1 2 3 1 2 4 4 1 2 2 2 4 3 3 4 5 4 3 4 5 4 5 3 2 1 0 0 0 0
"857" 3 3 4 3 3 2 1 1 1 3 1 1 1 2 1 1 3 3 1 3 3 3 1 3 5 5 1 5 3 5 3 1 5 1 1 2 0 0 0 61 100 0 100 0 100 100 0 0 70 99 0 99 39 100 100 17 53 51 0 52 100 50 50 52 51 50 100 100 51 53 31 1 50 50 1 1 1 1 1 2 3 1 1 5 5 1 3 2 2 5 1 2 5 1 5 5 4 5 2 5 1 2 1 0 0 0 0
"858" 2 1 5 3 2 3 1 4 1 3 4 5 1 1 2 4 4 4 2 4 4 2 4 2 5 4 2 5 2 5 2 1 2 2 1 4 0 0 0 90 0 60 95 5 50 90 0 0 5 80 85 70 35 25 10 100 60 60 2 80 90 25 85 70 85 100 25 50 100 0 100 0 75 45 2 1 1 1 1 3 2 3 5 3 3 1 3 3 2 5 4 2 4 4 4 3 2 5 2 5 4 4 1 0 0 0 0
"859" 1 1 4 1 3 1 5 2 5 1 1 1 2 3 1 5 1 5 2 1 1 5 7 2 3 4 2 5 1 2 3 2 1 4 4 2 0 0 1 0 50 86 1 95 40 4 0 50 0 2 51 5 90 50 50 50 95 2 85 96 2 50 50 50 100 50 50 50 95 50 95 1 95 1 1 0 1 1 0 1 3 6 5 5 5 2 1 2 3 1 5 5 3 5 3 3 1 3 5 5 5 5 0 0 0 1 0
"860" 3 2 5 3 2 1 1 2 1 1 3 3 1 3 3 4 3 4 2 4 4 3 4 3 5 5 1 3 3 2 4 3 3 2 2 1 3 0 1 53 45 97 53 6 2 36 1 2 2 0 49 60 22 2 2 90 3 24 17 19 53 14 41 19 100 35 4 1 3 0 33 0 25 22 4 0 1 1 1 3 5 5 3 1 1 1 3 3 2 5 2 2 5 3 5 1 3 1 4 3 3 4 1 0 0 0 0
"861" 3 3 6 4 2 1 5 2 1 1 5 3 3 5 4 4 4 3 2 5 4 3 4 3 5 5 3 5 1 5 5 4 3 2 1 1 1 3 1 51 30 41 63 21 47 30 1 7 50 1 50 50 1 52 9 74 31 3 24 87 65 15 92 50 59 53 8 1 53 51 79 2 69 73 2 1 1 1 1 1 3 1 5 1 1 1 3 3 3 4 1 2 5 3 3 3 2 4 5 3 2 4 1 0 0 0 0
"862" 2 3 4 3 1 3 3 3 2 2 4 3 3 4 2 3 3 3 2 3 3 3 4 3 5 3 3 4 4 3 3 3 3 3 2 3 15 20 10 56 29 64 23 12 7 50 43 63 32 43 41 16 29 7 6 48 48 40 31 58 19 45 58 64 68 56 8 5 60 46 19 18 40 42 3 0 0 0 1 2 3 4 3 3 2 2 2 2 2 3 3 3 3 3 3 3 3 3 4 4 3 3 0 0 0 1 0
"863" 1 3 4 2 3 1 2 2 2 2 3 1 2 2 2 2 1 3 2 2 2 4 4 3 4 3 2 4 1 3 4 1 1 1 1 1 0 0 0 100 15 40 53 30 70 64 0 70 80 100 50 95 94 62 50 95 100 90 1 100 94 95 95 60 96 95 40 40 100 76 90 50 100 50 4 1 1 0 1 3 1 2 5 3 4 1 2 2 2 2 4 1 3 3 3 1 1 4 2 5 2 5 0 0 1 0 0
"864" 2 1 5 3 2 2 1 4 1 2 2 2 3 2 2 2 2 2 1 1 3 3 2 4 5 5 1 5 3 3 4 2 2 2 3 2 0 0 0 55 40 8 80 25 65 40 0 8 30 35 58 60 25 78 68 70 70 65 5 70 80 85 80 55 50 80 50 55 90 75 60 0 65 40 1 1 1 1 1 3 3 3 3 4 4 1 3 2 2 4 2 2 5 5 3 2 2 5 3 3 4 4 0 1 0 0 0
"865" 2 4 6 1 3 2 1 2 1 1 3 3 1 1 2 3 2 3 2 2 2 4 4 2 4 4 1 5 1 1 4 1 3 3 3 3 30 1 1 65 50 5 70 1 70 71 1 1 50 25 1 50 50 90 50 40 65 65 1 50 70 50 55 45 40 50 50 50 55 45 55 5 50 50 3 1 1 0 0 3 4 3 3 3 3 1 3 3 1 4 5 4 4 3 3 5 2 4 4 4 3 4 0 1 0 0 0
"866" 3 1 1 3 4 5 1 2 1 2 4 3 1 1 1 3 2 2 1 4 5 3 1 3 5 5 2 5 3 5 2 1 3 3 1 1 1 1 2 6 39 15 73 13 76 69 2 2 86 4 51 100 31 92 92 92 24 85 1 97 94 89 91 87 95 97 87 85 90 90 35 2 70 70 2 1 1 1 0 2 4 3 3 4 3 2 2 2 2 2 5 3 5 4 3 5 3 3 1 5 2 4 1 0 0 0 0
"867" 1 1 2 1 2 1 1 2 1 1 2 2 2 2 1 2 3 2 2 2 2 4 1 2 4 4 2 2 3 4 1 4 1 4 2 4 57 42 20 60 38 55 79 60 42 62 53 23 55 59 85 64 64 29 40 80 84 93 71 82 88 93 56 80 86 62 51 32 84 19 85 0 93 31 2 1 1 1 1 3 1 4 5 1 1 1 3 1 1 2 2 2 3 5 2 1 2 1 2 5 2 2 0 1 0 0 0
"868" 2 2 5 3 3 2 3 2 3 3 2 2 2 2 3 3 3 3 2 2 3 3 6 2 2 3 2 3 3 3 3 3 3 3 4 4 55 56 55 86 54 52 51 65 51 94 55 53 68 56 76 58 96 55 52 61 61 64 56 66 55 52 51 70 57 61 51 41 63 47 38 54 52 40 3 1 1 1 1 2 3 5 3 3 2 1 2 2 2 3 2 1 4 5 1 1 3 4 2 5 3 2 0 1 0 0 0
"869" 3 3 2 3 3 3 1 1 1 1 2 1 1 1 2 1 2 3 2 3 3 5 1 3 5 5 2 5 3 5 1 1 2 3 1 1 41 0 0 100 0 51 59 0 100 51 1 100 75 41 61 100 50 100 100 100 86 84 0 85 100 74 100 72 84 76 100 100 100 100 73 55 94 95 1 1 1 1 1 3 2 1 3 3 3 1 3 1 2 5 1 1 5 4 2 1 2 3 1 5 2 2 1 0 0 0 0
"870" 3 2 4 3 2 2 5 2 2 3 5 3 2 5 2 5 1 2 2 3 4 3 4 3 5 4 3 2 2 2 4 3 3 3 4 4 25 25 0 25 50 50 25 75 50 25 0 0 24 16 50 31 50 50 25 60 50 50 50 50 0 50 50 50 50 50 25 25 50 50 50 50 50 50 1 1 1 0 0 3 5 6 5 1 1 2 2 2 2 3 3 3 3 5 3 3 2 2 3 3 4 5 0 0 0 1 0
"871" 1 2 4 2 2 2 2 2 2 2 2 2 2 2 2 2 2 2 2 1 1 3 4 3 3 2 3 4 2 4 4 4 4 4 3 3 67 63 59 78 77 78 70 84 76 72 70 72 67 79 64 52 73 63 84 66 71 71 74 59 80 70 75 58 74 65 76 77 76 69 69 63 70 72 2 0 1 1 1 3 2 4 4 2 3 2 2 2 2 2 2 2 2 2 2 2 2 2 4 4 3 3 0 0 0 1 0
"872" 3 2 6 1 1 1 5 1 4 1 2 1 4 3 1 5 1 5 3 1 1 4 4 2 3 5 2 3 1 1 1 2 2 2 3 2 0 0 0 0 0 100 0 85 30 50 0 50 7 0 70 40 75 38 50 100 100 26 85 98 0 36 90 85 85 85 12 5 100 40 85 0 85 40 2 0 1 1 0 2 3 6 5 1 1 1 1 3 2 2 2 4 3 5 5 1 4 2 2 5 4 5 0 0 0 1 0
"873" 1 1 2 1 2 2 1 4 3 1 4 5 4 4 1 5 1 5 2 1 1 5 7 2 4 1 1 5 1 1 5 2 1 5 5 5 84 50 100 0 40 50 50 63 0 29 100 100 77 0 100 70 14 0 0 100 100 36 4 84 50 82 9 100 0 41 0 0 0 0 60 0 60 15 3 1 1 1 0 3 3 7 5 1 1 2 2 2 2 1 5 5 1 5 1 1 1 2 5 4 5 5 0 0 0 0 1
"874" 1 2 4 3 2 3 1 1 1 2 1 1 1 1 3 3 3 2 1 1 3 5 4 2 5 5 1 5 3 4 4 1 5 1 1 3 0 0 0 49 50 15 85 1 50 70 0 1 10 0 5 90 60 75 60 70 70 85 1 50 90 90 69 60 69 85 50 52 60 70 70 0 10 90 1 1 1 1 1 3 3 2 4 3 3 1 3 3 2 4 2 2 5 4 5 1 2 5 4 5 2 4 1 0 0 0 0
"875" 3 1 4 4 2 1 3 4 2 3 3 4 3 3 3 4 3 3 1 3 4 3 4 3 5 4 1 5 3 4 3 2 5 2 4 3 1 0 0 61 49 73 60 70 85 59 0 0 60 48 5 78 15 80 81 8 29 50 2 50 70 70 60 29 61 61 71 70 60 60 50 30 29 60 1 1 1 0 1 3 5 3 2 4 4 1 3 3 2 5 1 2 5 2 5 5 4 4 3 3 2 3 0 1 0 0 0
"876" 2 2 4 3 2 1 1 2 2 2 3 3 3 3 2 3 2 3 2 3 4 3 7 3 4 4 3 2 3 3 3 3 3 3 3 3 53 57 55 62 53 40 56 37 51 61 57 56 47 53 57 56 56 48 59 38 51 52 58 48 52 54 59 53 55 51 54 53 51 51 48 56 52 54 3 1 1 1 1 2 3 5 4 4 4 2 2 2 2 3 3 3 3 3 3 1 3 2 2 4 3 3 0 0 0 1 0
"877" 2 2 4 1 1 1 3 3 2 2 3 3 2 3 2 3 2 3 1 2 2 3 5 1 5 3 1 5 1 2 3 2 2 2 1 2 7 0 2 1 25 53 53 61 52 44 8 5 31 8 64 14 52 52 16 88 86 56 64 90 63 74 52 62 57 86 5 6 74 55 65 0 55 54 1 1 1 0 0 2 3 5 3 3 3 1 3 2 2 2 3 3 3 4 3 3 3 3 5 5 2 3 0 1 0 0 0
"878" 1 2 4 1 2 2 4 2 3 2 3 3 1 2 2 3 2 2 2 2 2 4 7 1 1 2 1 1 1 1 3 3 3 3 3 3 11 14 29 51 16 11 86 51 62 43 32 86 17 9 67 62 86 2 1 86 85 77 71 86 85 82 51 64 64 61 3 1 51 47 40 21 50 10 2 1 1 1 1 3 3 1 5 1 1 1 2 2 2 1 2 3 1 2 4 2 1 1 4 4 3 3 1 0 0 0 0
"879" 2 4 5 3 3 3 5 5 5 3 3 5 5 5 3 3 2 4 1 3 3 4 5 4 5 4 5 4 1 2 4 5 5 1 3 4 1 1 1 1 44 41 1 90 1 16 1 1 1 1 1 28 1 39 1 27 32 28 100 100 1 23 100 100 100 100 1 1 1 100 32 25 25 100 1 1 1 0 0 2 3 6 5 2 2 2 2 2 2 2 4 4 2 3 3 3 3 4 3 5 5 5 0 0 0 1 0
"880" 3 3 4 3 3 3 3 3 3 3 3 3 3 3 3 3 3 3 2 3 3 3 4 3 4 4 3 3 3 3 3 3 3 3 3 3 52 52 50 53 52 51 51 53 52 50 52 52 52 51 51 52 51 52 54 52 52 52 52 52 51 53 53 49 53 51 51 50 51 49 51 53 51 53 3 1 1 1 0 2 3 6 3 3 3 2 2 2 2 3 3 3 3 3 3 3 3 3 4 4 3 3 0 0 0 0 1
"881" 3 1 4 5 1 1 5 5 1 1 5 5 1 5 1 5 1 5 2 4 4 4 7 2 5 5 2 1 1 1 5 5 5 4 2 2 0 50 0 0 0 0 50 80 0 0 0 0 0 0 0 50 100 0 0 100 70 85 100 0 0 40 40 100 50 50 0 0 50 0 0 0 0 0 1 0 1 1 1 3 5 7 5 1 1 3 1 2 2 1 5 5 5 5 2 1 3 1 1 2 5 5 0 0 0 0 1
"882" 2 1 4 1 1 1 5 2 1 1 2 2 3 4 1 5 1 5 1 5 2 5 4 2 3 1 1 5 1 1 5 3 5 5 3 2 0 0 0 0 90 80 20 80 0 0 0 0 0 0 0 0 80 90 85 90 75 0 90 90 0 40 40 90 75 90 85 85 90 40 90 0 90 0 2 0 1 0 0 1 5 5 5 1 1 3 1 2 2 1 5 5 1 5 3 5 1 2 5 5 5 5 0 0 1 0 0
"883" 3 2 3 1 1 1 3 5 4 1 1 1 2 5 1 1 1 5 2 1 1 5 7 2 4 2 2 3 1 1 4 5 2 3 3 2 0 0 0 0 0 87 0 49 0 49 0 51 0 0 85 50 59 26 0 86 87 0 74 88 0 0 90 87 85 88 0 0 87 58 71 0 86 56 1 1 1 0 1 2 3 5 5 1 1 3 1 2 2 2 4 4 2 5 2 2 2 5 4 5 3 5 0 0 0 1 0
"884" 3 1 6 1 2 1 4 4 4 1 3 3 1 3 2 5 1 5 1 1 1 5 6 3 5 4 3 5 1 1 5 4 2 2 3 2 8 6 8 6 49 12 33 71 5 87 8 7 5 5 6 48 59 94 70 94 97 9 70 97 68 12 92 90 93 92 55 86 92 85 75 2 75 70 1 1 1 1 0 3 2 2 5 4 4 2 2 2 2 1 5 5 4 1 3 2 2 5 4 5 4 4 1 0 0 0 0
"885" 1 3 5 2 1 1 4 3 3 3 3 3 2 3 1 4 2 2 1 2 3 4 3 3 5 4 3 5 2 4 4 2 2 2 3 2 27 21 31 45 92 44 90 77 61 57 22 47 49 27 42 93 74 74 59 50 61 82 69 94 99 98 81 92 74 90 64 65 94 47 79 27 67 55 2 1 1 1 1 3 2 2 5 2 2 1 2 3 2 4 4 4 4 5 4 2 4 4 2 5 4 5 1 0 0 0 0
"886" 3 2 5 4 3 2 2 1 3 3 1 2 2 2 4 2 2 2 1 2 4 2 3 3 5 4 2 5 3 3 4 1 4 1 1 2 0 0 0 49 75 0 73 16 95 51 0 0 73 10 21 59 31 100 92 50 41 71 0 66 74 79 69 69 65 69 84 85 60 68 38 0 59 69 1 1 1 0 0 1 3 2 2 4 4 1 2 2 2 4 2 2 4 2 3 5 4 5 3 4 2 3 1 0 0 0 0
"887" 2 1 4 3 1 1 1 1 1 2 5 3 1 4 1 3 4 3 2 1 3 4 4 4 5 5 1 5 2 5 1 2 5 1 1 2 1 0 0 38 47 5 100 2 50 52 2 0 70 0 15 3 15 50 48 90 92 96 1 52 100 50 42 82 75 90 48 50 50 55 44 0 50 50 1 1 1 1 1 3 5 2 4 1 1 1 3 3 2 1 5 3 1 2 2 3 4 5 3 2 3 3 1 0 0 0 0
"888" 2 5 7 1 1 1 2 1 1 1 5 1 2 5 3 3 2 4 1 2 3 5 4 2 5 3 1 5 1 1 5 3 3 3 2 2 45 15 21 34 50 52 53 52 52 53 20 34 35 24 51 50 48 68 49 55 61 39 56 52 54 50 70 75 48 30 29 45 54 50 59 5 60 39 5 1 1 1 1 3 3 1 3 3 3 2 2 2 2 4 1 2 5 3 1 3 3 3 3 4 3 3 1 0 0 0 0
"889" 2 2 3 1 1 1 4 5 3 1 4 4 1 5 1 3 1 5 1 2 2 4 7 4 5 1 1 5 1 1 5 3 3 3 4 4 0 0 0 0 50 0 0 50 0 0 0 0 0 0 15 0 0 0 0 50 75 15 50 80 0 50 50 50 50 90 0 0 0 50 0 0 0 0 1 0 1 0 1 3 5 3 5 1 1 3 1 1 2 1 4 5 4 5 2 1 2 2 1 1 5 5 0 0 0 1 0
"890" 1 2 2 1 1 2 1 3 2 1 1 2 2 2 2 2 2 2 2 2 3 3 7 4 2 3 3 2 2 4 1 1 2 3 3 3 80 100 75 87 74 65 100 96 82 78 91 76 77 60 82 64 61 67 80 73 81 73 71 76 79 78 86 73 60 72 74 82 100 77 66 7 71 33 3 0 0 0 1 3 1 5 3 5 5 2 2 2 2 1 2 1 1 1 2 1 2 1 2 5 1 1 0 0 0 1 0
"891" 3 3 5 1 2 1 4 3 3 1 3 3 4 4 2 4 1 5 1 1 3 5 6 2 5 2 2 5 1 2 5 4 2 4 4 2 6 5 11 7 51 33 42 9 3 20 15 60 14 7 47 30 18 30 16 74 61 42 51 92 32 34 67 85 82 83 8 6 63 28 63 0 75 16 2 1 1 1 0 3 2 4 5 1 1 1 3 2 2 1 5 4 2 4 5 3 2 4 3 4 4 5 0 0 1 0 0
"892" 1 1 4 2 1 1 5 5 5 2 5 5 5 5 3 5 1 5 2 1 1 3 6 1 1 1 5 1 3 1 3 5 3 5 5 5 0 100 100 0 0 100 0 100 0 0 100 100 0 0 100 0 100 0 0 100 100 0 100 100 0 0 0 100 0 0 0 0 100 0 100 0 100 0 1 0 0 0 0 1 5 7 5 1 1 3 1 1 1 1 5 5 1 5 5 1 1 1 5 5 5 5 0 0 0 0 1
"893" 2 1 4 1 2 2 5 1 3 1 2 1 1 2 1 3 1 5 3 1 2 5 6 1 3 2 1 2 2 2 4 3 2 4 3 2 0 0 0 0 0 100 100 100 0 10 0 96 14 0 77 40 87 2 0 100 95 36 100 100 0 42 85 92 98 61 0 0 100 49 100 0 100 1 1 0 1 1 0 3 3 6 5 1 1 2 2 2 2 1 5 4 3 4 3 1 2 3 4 3 5 5 0 0 0 1 0
"894" 1 1 4 1 3 1 1 1 1 1 3 1 1 2 1 1 4 4 1 1 2 5 5 4 5 3 1 5 3 5 3 1 2 3 1 1 1 0 0 100 50 0 100 0 100 100 0 0 0 100 0 100 0 100 100 50 92 82 0 100 100 50 100 100 100 100 99 100 100 90 100 50 50 50 1 1 1 1 1 3 3 1 4 4 4 1 3 3 3 4 4 4 5 5 1 1 2 4 2 5 1 3 1 0 0 0 0
"895" 3 2 7 2 1 1 4 4 5 1 4 3 3 5 2 4 1 4 2 3 2 4 5 3 3 4 1 5 1 2 2 5 4 3 3 3 1 1 1 1 40 50 15 50 15 30 1 50 15 1 50 30 40 50 50 86 50 15 50 70 1 30 70 70 70 70 50 50 70 50 50 1 50 50 1 1 1 0 0 2 5 5 5 1 1 2 2 2 2 2 5 4 3 3 3 3 3 2 4 3 4 5 0 0 0 1 0
"896" 1 2 3 5 1 1 2 2 3 2 4 4 1 3 5 3 2 3 1 4 3 3 4 3 5 5 2 5 3 5 2 2 4 1 2 4 0 0 0 63 74 0 89 71 87 62 0 0 51 50 5 100 5 100 86 2 42 63 0 53 50 51 51 52 51 88 74 86 63 52 49 49 42 50 1 0 1 1 0 3 3 2 2 4 4 2 1 1 2 3 4 3 2 4 2 2 2 3 4 3 3 3 1 0 0 0 0
"897" 3 3 3 1 4 1 2 1 1 1 2 2 1 2 1 5 1 5 2 1 2 4 5 2 5 5 2 5 1 4 4 1 2 2 2 2 2 0 0 61 31 50 100 99 51 51 0 0 41 4 51 50 53 53 64 64 74 41 88 91 63 17 73 51 61 73 50 50 54 50 52 1 52 15 2 1 1 1 0 3 1 2 5 1 1 3 2 3 3 3 5 4 3 2 4 2 2 2 2 3 5 3 1 0 0 0 0
"898" 2 3 6 3 2 3 4 1 3 5 5 1 1 4 5 3 1 3 1 2 3 3 4 4 3 2 3 1 3 2 4 1 1 1 1 1 30 29 18 21 100 30 42 49 39 24 51 28 31 43 76 36 28 25 51 85 55 37 54 35 38 44 49 40 6 26 74 45 48 47 24 37 28 35 4 1 1 0 1 3 3 7 3 3 3 3 1 2 2 3 3 3 3 5 3 1 4 3 3 3 3 3 0 0 0 0 1
"899" 1 2 2 2 2 2 2 2 2 2 2 2 2 2 2 2 4 3 1 2 3 4 5 3 5 3 1 5 2 1 4 2 2 1 3 3 8 8 38 74 19 63 79 15 76 75 9 67 60 32 62 84 60 33 59 82 77 64 17 62 88 70 81 74 84 68 60 57 77 49 61 45 82 72 2 1 1 1 0 3 5 4 4 4 4 1 3 3 2 2 1 2 4 5 2 3 4 2 2 5 3 3 0 1 0 0 0
"900" 2 1 4 2 3 1 1 1 4 2 1 2 2 1 2 2 2 2 2 1 2 5 5 1 2 3 2 2 1 3 5 2 2 3 3 3 58 1 50 100 70 54 33 7 60 100 58 71 10 57 80 61 91 100 66 100 100 76 0 100 74 89 100 100 100 71 65 52 100 65 100 5 59 75 4 1 0 0 0 2 3 5 4 3 3 2 2 2 2 2 2 2 2 2 1 3 3 2 4 4 3 3 0 0 0 1 0
"901" 3 3 4 4 2 1 1 1 2 3 2 2 1 3 2 2 3 3 1 4 4 2 1 4 5 5 4 5 4 5 1 1 4 1 1 2 0 0 0 96 92 20 100 4 100 100 0 0 100 91 0 100 4 100 100 63 26 79 11 74 89 68 100 80 90 98 100 100 100 99 21 4 35 79 1 1 1 0 1 1 4 1 1 5 5 1 3 2 2 5 1 2 5 4 5 5 4 5 1 5 3 4 1 0 0 0 0
"902" 3 3 2 1 1 1 1 1 3 3 1 1 1 1 2 2 2 2 1 3 5 1 1 4 5 5 4 5 5 5 1 3 3 1 1 2 0 0 0 100 100 0 100 50 100 100 0 0 100 85 0 100 15 95 100 15 15 50 15 40 100 60 50 50 50 50 100 100 50 35 50 50 50 50 1 0 1 0 1 1 3 1 1 3 3 1 3 3 3 5 1 1 5 3 5 5 5 3 1 5 2 3 1 0 0 0 0
"903" 2 5 4 3 3 1 2 4 2 2 3 4 3 3 2 2 3 3 2 2 2 4 4 4 5 5 2 3 4 3 4 3 4 3 4 4 62 9 6 100 73 100 100 63 100 100 6 99 100 60 100 52 86 100 100 100 100 85 86 100 100 62 100 100 100 100 100 100 100 83 51 54 100 54 3 0 0 0 0 2 3 4 3 3 3 2 2 2 2 3 3 2 5 2 3 2 3 2 2 3 3 3 0 0 0 1 0
"904" 3 1 3 4 4 2 3 1 3 3 4 3 3 4 4 3 3 2 1 2 3 3 5 4 5 5 2 5 3 3 3 4 4 3 3 4 16 3 15 50 50 1 92 6 71 70 5 14 19 1 11 61 41 53 40 30 60 40 15 41 99 86 49 87 51 50 41 40 50 51 50 51 51 51 4 1 1 1 1 3 2 1 5 3 3 1 3 3 2 5 3 3 5 4 3 3 3 4 4 4 4 5 1 0 0 0 0
"905" 2 2 4 4 1 1 2 5 2 2 1 3 2 4 2 2 3 3 2 3 1 1 1 4 5 5 1 5 4 5 1 4 2 1 5 2 100 0 0 99 0 100 100 52 54 100 0 0 100 55 100 50 55 55 0 100 19 30 51 51 100 100 100 100 100 100 0 0 16 53 100 100 100 100 1 0 0 0 0 1 3 7 5 1 1 1 3 3 2 4 1 1 5 5 1 1 1 2 1 5 1 3 1 0 0 0 0
"906" 3 4 4 3 2 2 2 3 3 3 3 3 3 3 3 3 3 2 2 2 3 3 5 3 4 4 3 4 3 3 3 3 3 3 3 3 48 36 55 72 51 67 64 50 60 65 62 67 71 59 79 62 78 61 54 72 75 74 49 62 70 71 72 74 71 74 60 58 71 76 69 70 71 66 4 1 1 0 1 2 3 4 4 3 3 2 2 2 2 4 3 3 3 2 2 2 3 3 3 3 3 4 0 0 1 0 0
"907" 3 2 4 1 1 2 4 5 3 1 4 3 3 3 2 4 1 4 1 2 3 4 6 3 5 4 2 4 2 2 3 2 2 3 4 3 1 0 0 0 50 40 50 45 40 40 0 45 30 0 45 50 30 50 39 50 60 40 50 51 35 35 50 50 50 50 35 40 45 30 44 0 50 15 2 1 1 1 0 3 2 3 5 1 1 2 2 2 2 2 4 3 3 4 4 3 2 4 5 3 4 5 0 1 0 0 0
"908" 2 1 1 1 2 1 1 2 1 1 2 1 1 1 2 1 4 2 1 1 1 4 5 1 1 2 2 3 3 1 2 1 1 1 1 1 62 86 73 68 65 68 74 75 67 70 38 81 80 61 67 66 74 74 53 73 65 72 56 63 78 71 57 64 64 58 64 63 54 62 44 61 68 63 3 1 1 1 1 1 1 4 1 1 2 2 1 2 2 1 1 1 2 1 2 1 3 1 5 5 1 1 0 0 0 1 0
"909" 2 1 4 1 1 1 5 5 2 1 1 1 1 5 1 5 1 5 2 1 1 5 4 1 3 1 1 2 1 1 3 5 1 5 5 1 0 1 1 5 22 96 43 78 50 49 1 8 1 1 82 6 50 50 50 83 99 50 93 91 0 50 50 50 50 50 50 50 98 50 95 0 100 6 1 1 1 1 1 2 3 4 5 1 1 2 2 2 2 2 5 4 2 4 3 1 2 2 4 5 4 5 0 1 0 0 0
"910" 3 1 4 1 2 1 4 3 4 1 5 5 1 4 2 5 1 5 1 1 3 3 7 1 5 1 3 5 2 1 5 2 4 4 5 5 0 0 0 0 51 52 60 86 53 40 0 50 0 0 51 41 70 61 52 85 80 16 60 60 71 53 75 85 83 84 51 50 85 50 51 15 50 50 3 1 1 0 0 3 3 2 4 2 2 2 1 2 2 1 5 5 3 4 4 3 2 3 3 5 5 4 1 0 0 0 0
"911" 1 1 4 1 2 1 5 1 2 1 2 1 2 4 1 4 1 5 2 1 1 5 7 1 2 1 1 1 1 1 5 5 2 4 3 1 0 0 0 0 0 100 0 100 0 0 0 100 0 0 100 0 44 4 8 100 100 14 100 100 0 13 85 100 53 60 0 0 56 43 100 0 100 0 1 0 0 0 0 3 1 7 5 1 1 2 2 2 2 1 5 5 1 5 2 1 1 3 1 2 5 5 0 0 0 0 1
"912" 3 3 4 3 3 3 5 4 2 2 4 4 2 3 2 4 2 4 2 2 2 3 6 3 4 4 3 4 3 2 3 3 3 4 3 4 40 0 40 40 50 60 40 85 15 40 40 50 30 0 50 30 50 50 60 85 85 30 85 50 0 50 60 50 60 70 40 40 85 40 50 30 50 50 2 1 1 0 0 3 4 6 5 1 1 2 2 2 2 2 4 5 3 4 4 4 2 4 4 3 4 5 0 0 0 1 0
"913" 2 1 4 2 4 2 2 4 3 2 3 1 3 4 2 3 3 1 2 2 2 4 4 3 2 4 2 2 3 3 2 4 2 3 2 1 6 25 7 89 18 31 10 6 8 7 14 10 9 36 59 19 47 8 30 18 13 68 12 8 31 30 9 6 10 5 21 14 6 72 13 15 7 40 2 1 0 0 1 1 2 3 4 2 4 1 2 1 2 2 1 2 4 4 4 2 1 3 3 4 4 2 0 1 0 0 0
"914" 3 3 4 1 1 1 1 1 1 1 2 2 2 1 1 3 3 3 2 2 3 4 5 2 3 5 1 1 5 1 5 3 3 3 3 3 49 51 50 50 51 51 51 51 50 49 50 51 48 50 51 50 68 51 51 50 71 51 51 51 98 51 50 89 50 50 50 50 49 51 52 51 50 50 1 1 1 1 1 3 3 7 3 3 3 2 3 2 2 2 1 1 2 5 3 2 3 2 5 5 3 3 0 0 0 0 1
"915" 2 1 3 2 2 1 2 2 1 1 1 1 1 2 2 3 3 2 1 1 2 3 4 4 4 3 3 4 2 1 3 4 4 5 4 5 66 63 78 80 50 82 78 60 73 60 74 68 63 77 70 74 75 89 66 77 83 70 67 71 70 63 78 80 64 77 76 77 73 63 39 50 50 64 1 0 1 1 1 3 2 4 3 3 3 2 2 2 2 2 2 3 3 3 3 3 3 2 4 4 3 3 0 0 0 0 1
"916" 1 1 3 1 1 1 1 1 2 1 1 1 1 2 2 3 4 2 1 2 2 3 6 1 2 2 2 2 3 2 2 3 3 3 3 2 29 44 7 46 43 63 52 33 13 42 81 4 65 45 48 43 69 8 4 78 45 55 54 78 100 78 57 95 100 42 1 8 46 56 42 45 45 24 2 1 1 1 1 3 3 7 5 5 1 1 1 2 2 5 2 2 5 5 2 1 2 1 1 5 1 1 0 0 0 0 1
"917" 3 3 5 3 1 1 3 2 4 1 4 2 3 4 1 3 2 2 1 1 2 4 7 3 5 5 1 5 3 2 3 2 3 3 3 1 0 0 0 10 50 0 100 30 30 30 0 0 0 0 0 50 30 80 80 10 85 0 40 40 90 75 50 50 50 50 90 80 75 5 20 20 20 20 2 0 0 0 1 1 4 2 5 1 1 2 2 2 2 2 4 3 2 3 3 1 2 4 4 4 4 4 0 1 0 0 0
"918" 3 2 2 1 1 1 4 5 3 3 5 5 3 4 3 5 1 5 1 5 5 3 4 3 5 4 5 3 1 1 5 4 3 4 4 3 30 1 33 25 40 60 40 100 20 3 0 25 20 1 50 30 48 50 50 60 15 44 44 55 30 25 50 50 70 50 50 50 65 50 45 1 45 45 1 0 0 0 0 2 4 4 5 1 1 3 2 2 2 1 4 5 1 4 5 1 1 1 5 5 3 4 0 1 0 0 0
"919" 2 3 3 1 1 1 1 3 1 1 5 3 1 5 1 1 5 5 2 5 3 3 4 1 1 5 1 3 5 2 3 3 4 3 3 3 5 4 25 31 100 4 8 5 8 8 96 32 99 6 6 17 86 3 10 50 54 28 4 6 53 4 59 100 50 7 10 14 96 30 14 8 11 6 3 0 1 1 0 2 3 4 3 3 3 2 2 3 3 3 3 5 1 3 3 3 3 3 2 2 3 3 1 0 0 0 0
"920" 1 3 7 1 1 1 5 3 1 2 5 3 3 5 1 5 1 4 2 1 2 4 6 1 4 1 5 1 1 1 3 4 4 5 5 5 1 0 0 0 50 93 5 100 15 20 1 5 0 1 50 15 38 50 5 50 50 0 55 50 0 10 50 50 50 50 5 5 50 50 65 0 50 5 1 0 0 0 0 1 4 7 5 1 1 2 1 2 3 3 4 3 3 5 3 1 2 2 4 4 4 5 0 0 0 1 0
"921" 2 1 1 3 3 1 2 2 2 2 3 2 1 4 5 2 3 3 2 3 4 3 3 4 5 5 2 5 3 4 2 4 3 1 2 3 1 1 1 85 49 2 85 6 85 87 1 2 3 50 21 100 50 85 85 70 12 77 15 15 91 49 85 70 85 84 85 87 85 80 13 3 41 52 1 1 1 1 1 2 3 2 2 4 5 2 3 3 2 5 1 3 5 5 3 3 4 3 4 3 3 5 1 0 0 0 0
"922" 3 1 3 5 2 1 4 3 5 3 1 5 1 3 1 2 2 3 3 5 5 3 7 5 5 5 2 5 4 3 2 4 3 3 1 1 1 0 4 86 22 14 88 3 100 99 1 100 63 4 16 100 23 64 100 100 4 73 2 100 90 65 100 100 65 59 66 84 64 100 100 53 100 87 3 0 0 0 0 2 2 3 3 4 4 3 2 2 2 3 2 4 4 5 3 3 5 1 2 3 4 3 1 0 0 0 0
"923" 1 1 2 3 1 1 4 3 1 1 3 3 1 3 1 3 4 3 2 2 4 5 1 3 5 3 2 5 2 2 3 3 3 4 2 2 1 0 1 50 50 100 50 100 0 2 0 1 85 1 100 100 50 50 50 100 70 60 100 50 50 50 60 50 50 70 50 1 70 50 100 15 100 50 2 0 1 1 1 2 1 6 5 1 1 1 3 3 1 1 5 3 3 5 3 3 3 3 2 5 3 5 1 0 0 0 0
"924" 3 2 5 3 1 1 1 2 1 1 3 4 1 2 1 4 3 4 1 3 2 4 4 2 5 3 1 5 1 2 5 2 3 3 2 2 0 0 0 0 50 10 60 5 25 50 0 0 70 30 0 56 40 56 5 30 75 80 0 45 75 60 50 44 50 50 40 35 50 50 50 0 60 50 2 1 1 1 0 3 3 2 5 3 3 2 3 3 2 2 2 2 2 4 3 2 2 4 4 4 2 4 1 0 0 0 0
"925" 3 3 2 1 3 1 3 5 3 3 4 5 3 4 4 5 3 3 1 2 3 4 6 3 5 4 2 4 1 1 5 4 5 3 5 5 22 10 44 0 60 28 29 29 0 0 31 50 8 0 24 10 19 26 0 16 45 15 29 53 38 48 0 56 50 49 0 0 0 10 7 27 4 19 2 1 1 1 0 2 3 4 5 5 5 3 1 2 2 1 5 5 1 2 4 3 1 1 4 4 4 5 0 0 0 1 0
"926" 1 3 4 4 3 3 3 1 1 1 4 5 2 5 2 4 3 3 1 5 4 4 3 2 5 1 1 5 3 1 2 3 3 3 1 1 0 0 0 99 0 51 51 22 71 98 0 15 51 50 55 5 84 91 51 94 77 62 0 50 50 100 100 62 69 100 66 63 50 62 50 5 50 50 5 1 1 1 1 2 3 3 4 4 4 1 3 3 3 5 1 1 5 5 3 2 4 5 2 3 1 2 0 1 0 0 0
"927" 3 2 4 1 1 1 2 3 3 1 2 2 2 2 1 3 4 3 1 1 2 4 6 2 5 4 2 5 1 1 4 2 2 2 2 2 0 0 0 58 51 21 54 3 17 57 0 25 30 38 9 100 33 51 38 84 74 78 100 88 52 50 50 50 50 50 33 39 53 16 50 0 50 50 1 1 1 1 1 3 3 2 5 1 1 2 3 3 3 4 2 3 4 3 2 3 3 4 4 5 1 5 1 0 0 0 0
"928" 3 1 6 1 1 1 5 1 3 3 3 3 1 3 1 3 2 3 2 1 1 4 4 3 2 1 1 2 1 2 5 3 3 3 4 4 0 0 0 0 51 49 52 49 0 0 0 39 0 0 51 53 48 50 0 99 100 30 50 50 0 51 99 97 52 50 0 0 49 51 50 0 50 50 2 0 1 0 0 2 3 6 5 1 1 2 2 2 2 3 5 3 4 5 3 3 3 3 4 5 4 5 0 0 0 1 0
"929" 2 1 2 4 3 2 1 2 2 2 3 4 2 4 2 3 4 2 1 2 2 3 3 1 4 4 2 4 4 4 2 3 3 2 4 3 11 67 11 40 16 39 70 1 0 7 2 1 35 40 67 18 52 0 0 61 71 46 15 60 71 69 52 71 54 68 0 0 82 29 56 15 65 25 2 1 1 0 1 2 3 3 5 1 1 2 2 2 2 2 4 4 3 4 3 1 2 3 3 4 2 3 0 1 0 0 0
"930" 1 2 4 3 3 3 2 1 3 4 2 4 1 3 4 4 2 3 1 2 4 4 2 3 5 2 1 5 2 4 4 1 5 1 2 4 3 0 2 39 57 3 72 0 77 83 2 3 51 50 2 61 31 51 50 51 33 71 2 41 77 88 50 71 50 30 50 69 39 53 15 0 43 61 2 1 1 0 0 3 1 2 4 3 3 1 3 3 1 4 2 2 5 3 5 5 5 5 3 5 3 4 1 0 0 0 0
"931" 2 2 6 1 2 1 5 3 2 1 1 1 3 3 1 5 1 5 2 1 1 5 7 1 3 2 1 5 2 1 5 2 1 5 4 1 0 0 0 0 0 80 60 70 0 45 0 50 0 0 100 40 50 0 0 100 100 30 60 85 15 15 50 50 50 50 0 0 100 50 100 0 85 40 1 1 1 1 0 3 1 6 5 1 1 2 2 2 2 3 3 3 2 5 2 3 2 3 3 5 4 5 0 0 0 1 0
"932" 3 2 5 2 1 1 2 3 2 2 3 2 1 3 2 3 3 2 1 2 3 4 6 4 4 4 1 4 2 2 4 4 4 2 3 4 50 50 50 60 70 60 60 60 50 40 60 50 60 50 60 70 50 40 40 60 60 69 50 60 50 90 60 70 60 70 40 50 60 60 60 0 60 60 2 0 0 0 0 3 3 3 5 3 3 1 3 3 2 2 1 3 2 3 4 1 2 2 3 3 2 2 0 0 0 1 0
"933" 3 1 7 1 2 1 3 2 2 2 2 1 1 5 1 2 1 5 1 1 2 5 4 3 5 5 1 5 1 1 2 5 5 1 4 3 0 0 0 0 48 86 49 50 0 41 0 31 0 0 51 17 60 50 51 85 84 17 87 100 0 19 84 87 84 84 52 50 84 71 61 0 62 60 1 1 1 1 0 2 3 5 5 1 1 2 2 2 2 4 4 2 4 4 3 3 1 5 2 5 4 5 0 0 0 1 0
"934" 3 2 3 2 3 1 2 4 2 3 2 3 3 2 3 4 2 3 2 2 3 3 7 3 2 3 2 2 3 3 2 2 2 2 3 2 62 49 53 60 15 71 49 91 0 70 69 84 62 73 52 73 74 0 0 82 70 72 70 48 66 55 70 86 49 60 0 0 65 51 77 0 77 18 2 1 0 1 0 3 2 7 3 4 4 2 2 2 2 2 3 2 3 2 2 3 1 1 2 4 2 3 0 0 0 0 1
"935" 2 2 3 2 2 3 2 2 2 2 2 2 2 1 2 2 2 3 2 2 2 3 4 3 3 2 2 3 3 3 2 2 2 3 4 4 78 77 63 73 73 75 72 73 68 60 79 65 73 75 82 69 81 86 67 93 69 60 76 61 61 87 78 73 68 68 65 61 68 56 77 73 69 74 3 0 0 0 0 1 2 5 2 2 2 1 1 1 1 2 2 3 2 2 2 3 2 2 4 2 3 2 0 1 0 0 0
"936" 3 1 6 3 2 1 5 5 2 2 2 4 2 2 4 3 3 5 2 1 4 4 7 2 2 1 1 3 5 1 4 3 2 3 2 3 31 9 6 15 11 7 8 19 88 78 17 14 29 44 36 54 16 80 88 95 62 34 22 68 95 46 70 88 68 85 87 85 81 43 84 16 75 39 3 1 1 1 1 3 4 2 5 3 3 3 1 2 2 1 3 4 1 3 3 1 3 4 4 4 4 4 1 0 0 0 0
"937" 2 1 4 1 1 1 5 5 5 3 5 4 3 5 3 4 1 5 2 3 5 3 4 3 5 5 2 5 1 1 5 5 5 5 4 4 0 0 0 0 30 71 29 50 0 0 0 0 0 0 85 64 28 50 15 86 50 40 100 100 0 14 85 85 84 84 0 0 84 83 31 29 29 30 3 0 1 0 0 2 3 4 3 1 1 2 2 2 2 1 5 5 1 5 3 2 2 3 2 5 5 5 0 0 0 1 0
"938" 3 2 4 2 1 1 1 1 4 2 5 4 2 4 1 5 3 3 2 4 4 2 1 4 5 5 3 5 2 4 4 4 3 4 3 3 4 0 0 100 100 100 100 17 100 85 1 100 50 48 31 50 50 100 100 40 31 76 84 100 100 71 100 100 100 100 100 100 100 84 70 48 69 50 1 0 1 0 1 1 3 1 2 3 3 1 3 2 2 3 2 1 2 3 1 5 2 4 2 5 3 2 1 0 0 0 0
"939" 1 4 5 5 3 4 3 3 3 1 2 3 4 2 3 3 3 2 1 5 4 3 4 3 4 5 2 5 4 5 2 1 5 1 2 2 0 0 0 70 77 30 85 50 85 90 0 0 50 70 50 66 40 78 70 100 44 65 31 55 50 50 50 50 50 50 70 70 70 86 15 60 40 79 2 1 1 1 1 3 3 3 2 4 4 1 3 3 2 4 1 1 5 5 2 1 4 5 2 3 2 3 0 0 0 1 0
"940" 1 3 4 3 3 3 1 3 1 2 3 3 1 3 3 3 4 5 1 3 3 3 2 3 4 5 1 5 2 4 2 1 3 1 3 4 0 0 0 15 50 50 15 0 50 50 0 0 0 0 0 15 50 50 50 0 5 50 0 50 50 50 50 50 50 50 50 50 50 50 5 0 5 5 1 1 1 1 1 3 3 2 5 2 2 1 2 2 2 4 3 2 4 3 3 4 4 5 1 5 3 5 1 0 0 0 0
"941" 1 4 4 3 1 1 1 2 1 1 3 3 3 3 3 3 3 3 1 5 5 1 3 4 5 5 2 5 5 5 1 5 5 5 3 3 14 0 1 100 100 49 100 18 100 77 1 0 41 36 27 59 10 100 100 100 28 55 17 100 100 100 100 100 100 100 99 100 100 100 100 69 100 55 1 0 1 1 1 2 3 4 2 5 5 3 1 2 2 5 2 2 5 4 3 1 3 3 4 5 2 2 0 0 0 1 0
"942" 1 1 4 1 1 1 5 3 5 1 3 2 2 4 1 5 1 5 1 1 1 4 7 1 4 2 2 5 2 1 3 2 2 3 4 2 0 0 0 0 50 100 15 60 50 50 0 50 0 0 50 30 70 50 70 85 85 0 85 100 0 15 85 50 85 85 70 70 85 70 85 0 85 15 1 0 1 0 0 2 3 5 5 1 1 2 1 2 3 3 5 5 3 5 3 1 2 3 3 5 3 4 0 0 0 1 0
"943" 3 1 3 1 3 1 5 5 4 1 4 3 3 2 3 4 1 5 1 1 1 4 7 3 4 4 2 5 1 1 5 5 2 4 2 2 6 0 0 0 9 57 9 9 0 22 0 7 0 0 58 22 39 7 0 71 64 12 44 65 4 7 56 57 54 70 0 0 64 27 34 0 0 4 1 0 1 0 0 2 4 3 5 1 1 3 1 2 2 1 2 4 3 4 2 2 2 3 1 3 4 5 0 1 0 0 0
"944" 2 2 3 2 1 2 1 2 2 2 2 2 2 3 1 3 2 2 2 1 1 4 7 2 1 2 2 2 1 1 1 1 1 1 1 3 55 47 48 57 55 56 53 61 57 63 61 53 51 53 56 55 54 62 65 59 61 64 57 53 61 62 49 77 47 51 36 61 57 52 52 26 39 59 2 1 0 1 1 1 4 5 2 2 2 1 2 1 2 1 2 2 2 2 1 2 1 2 2 2 2 1 0 0 0 1 0
"945" 1 2 4 2 4 3 2 1 1 1 1 1 1 1 4 1 3 3 2 3 3 5 5 4 5 3 1 5 1 3 3 1 1 1 1 1 0 0 0 100 48 0 87 0 100 50 0 100 0 0 4 75 45 0 100 60 61 51 0 50 100 50 100 80 100 90 100 100 100 75 87 0 90 50 1 1 1 1 1 3 3 1 3 3 3 2 3 2 3 3 2 3 5 4 2 1 3 3 2 5 2 3 1 0 0 0 0
"946" 2 2 3 1 2 1 5 5 2 1 4 5 3 5 1 5 1 5 1 1 2 4 7 3 5 1 2 5 1 1 3 5 2 3 4 4 0 0 0 0 60 60 60 100 0 60 0 0 0 0 50 39 60 70 0 59 100 15 70 100 0 14 100 100 100 100 0 0 60 100 85 0 85 0 1 1 1 0 0 2 2 4 5 1 1 3 1 1 2 1 5 5 1 5 3 2 2 3 5 3 5 5 1 0 0 0 0
"947" 2 1 4 1 1 1 2 1 1 1 5 4 1 5 2 3 3 4 1 4 4 3 6 3 4 5 3 5 1 2 5 5 4 4 1 1 30 0 0 100 20 100 70 0 100 70 0 20 40 40 50 50 40 60 30 60 40 50 0 55 80 60 70 50 45 50 30 30 50 40 40 39 40 40 2 0 1 1 1 3 4 1 5 1 1 1 3 2 2 4 2 1 4 5 2 1 2 2 3 3 1 2 1 0 0 0 0
"948" 3 1 3 4 2 2 4 1 1 4 4 3 3 4 2 3 2 2 1 3 3 3 2 4 5 5 1 5 3 4 2 3 3 3 2 1 27 1 1 73 40 15 87 2 100 100 1 3 52 3 3 83 21 75 71 61 54 66 4 39 84 53 69 44 70 65 61 73 84 58 53 0 50 53 2 0 1 0 1 2 4 1 3 4 4 1 3 3 3 5 1 1 5 4 3 4 4 4 2 3 1 4 1 0 0 0 0
"949" 1 2 2 3 2 2 2 2 2 3 3 2 2 3 3 3 2 3 1 3 4 3 2 4 5 5 2 5 3 5 2 2 4 2 3 3 1 1 1 65 50 10 100 85 70 90 1 1 50 55 1 85 35 60 50 50 40 85 1 49 95 80 60 50 50 50 50 50 85 70 49 15 70 65 1 1 1 1 1 3 1 1 2 4 4 1 3 3 2 4 1 3 5 3 3 5 4 4 4 3 3 4 1 0 0 0 0
"950" 1 2 6 1 1 1 4 3 3 1 3 2 1 4 1 4 1 5 2 2 4 5 7 1 5 1 2 5 1 1 5 4 4 4 2 2 0 0 0 0 0 50 70 70 49 50 0 0 0 0 49 70 70 50 50 50 85 0 84 100 50 0 50 50 100 0 50 50 85 0 86 0 87 0 1 1 1 1 0 3 1 5 5 1 1 3 1 3 3 1 4 5 1 5 3 4 2 4 1 5 5 5 0 0 0 1 0
"951" 2 2 5 1 2 1 5 3 2 1 1 1 1 1 1 3 1 5 1 1 2 5 7 2 3 1 4 5 1 1 2 1 1 4 2 1 0 0 0 0 55 80 70 100 40 20 0 40 0 0 70 20 85 87 50 90 88 45 92 80 50 25 91 90 90 95 30 60 95 85 90 0 90 60 1 0 1 0 0 2 3 5 5 1 1 2 2 2 2 2 4 4 2 4 2 2 2 2 4 4 4 5 0 0 0 1 0
"952" 3 1 4 2 1 1 3 3 3 1 3 3 1 3 3 4 1 2 2 1 2 4 4 2 3 1 1 1 2 2 4 4 3 3 3 2 10 0 0 55 20 55 55 50 50 50 0 40 15 50 55 60 45 50 45 80 70 40 55 60 50 55 45 55 45 65 45 40 50 45 55 50 55 45 4 1 1 0 0 2 5 4 5 1 2 1 3 1 3 2 2 4 3 4 3 5 4 4 3 5 3 4 1 0 0 0 0
"953" 2 2 3 2 2 2 1 1 1 3 2 2 1 2 3 2 3 1 1 2 2 4 4 3 5 4 1 5 2 5 1 1 5 1 2 3 0 0 0 85 100 0 100 0 100 100 0 0 50 50 0 85 20 100 100 50 80 75 30 86 100 95 100 100 100 100 100 100 50 50 16 0 85 70 1 1 1 1 1 3 3 1 3 3 3 1 3 2 2 3 2 3 4 3 3 3 4 5 2 5 1 4 1 0 0 0 0
"954" 3 1 7 1 1 1 5 3 4 2 3 1 4 4 1 4 1 5 2 1 1 5 7 2 4 1 3 3 1 1 5 2 1 5 5 1 30 2 2 1 30 98 6 99 2 13 2 15 4 2 99 17 72 27 2 100 94 30 97 97 100 39 70 95 22 92 1 2 98 41 99 1 99 4 1 0 1 0 0 2 3 5 5 1 1 3 1 2 2 1 5 5 1 5 2 1 1 2 3 3 5 5 0 0 0 1 0
"955" 3 5 4 3 5 3 3 5 3 3 3 5 3 3 3 3 3 3 2 2 2 3 5 1 1 3 1 5 2 2 3 5 5 5 3 5 0 0 0 0 51 0 0 0 0 0 0 50 0 0 51 50 50 50 0 85 93 51 15 60 0 0 0 85 31 59 0 0 84 0 0 0 0 0 2 1 1 1 0 3 5 5 5 1 1 2 2 2 2 3 3 3 3 3 3 3 3 3 5 1 5 5 1 0 0 0 0
"956" 3 4 5 3 2 2 4 1 2 3 3 3 4 3 4 3 2 3 1 3 4 4 4 4 5 5 3 5 2 3 3 1 5 4 2 2 0 0 0 45 50 60 86 40 50 50 0 0 0 30 49 75 50 50 48 75 60 40 15 80 86 50 85 86 50 50 50 30 85 50 30 15 20 50 1 1 1 0 1 3 3 1 4 3 3 3 1 2 2 2 5 4 3 3 4 3 3 2 5 3 4 5 1 0 0 0 0
"957" 1 1 7 1 2 1 3 3 3 1 2 1 1 2 1 2 1 5 2 1 2 5 7 1 3 2 2 3 1 1 5 3 1 3 1 1 0 6 0 5 4 67 29 42 66 18 5 34 42 6 35 30 72 3 35 100 100 5 36 75 18 11 45 75 62 32 21 33 100 26 100 9 100 38 1 1 1 1 1 3 2 1 5 1 1 2 2 2 3 2 4 4 3 3 2 3 2 2 4 3 1 5 1 0 0 0 0
"958" 3 1 3 1 1 1 4 1 3 1 3 3 1 3 1 3 1 4 3 1 1 4 1 2 3 5 2 2 1 2 5 2 2 5 3 3 50 31 30 50 50 50 50 50 51 55 31 50 51 30 56 68 80 51 39 87 92 80 83 89 38 84 94 95 92 92 50 38 94 89 94 32 92 31 1 1 1 1 0 3 3 7 5 1 1 1 3 3 2 2 2 3 5 5 4 3 2 2 1 5 3 5 0 0 0 0 1
"959" 2 1 3 1 2 1 5 2 2 2 2 2 2 2 1 4 1 5 2 1 3 4 5 2 5 2 3 5 1 1 5 3 2 5 4 2 3 5 5 8 54 61 37 49 15 43 6 62 2 4 51 4 59 14 4 70 70 4 73 76 5 6 70 60 60 72 6 6 69 41 71 4 72 14 1 1 1 1 0 3 3 5 5 1 1 2 2 2 1 1 4 3 2 4 3 2 2 3 3 4 4 3 0 0 0 1 0
"960" 1 3 3 2 1 2 2 2 2 1 1 4 2 2 3 4 4 3 2 3 2 2 3 4 3 3 2 3 3 3 3 3 4 4 3 3 24 46 19 50 49 43 18 38 25 41 33 0 36 41 42 63 67 57 40 57 50 47 47 54 34 45 43 39 27 35 50 37 21 20 21 32 24 18 3 1 0 1 1 3 2 1 1 3 4 2 2 2 2 3 2 3 4 3 3 3 1 3 4 2 4 2 0 0 0 1 0
"961" 3 3 4 3 1 1 2 1 1 2 2 2 1 2 1 3 3 5 1 2 3 4 7 3 5 4 1 4 3 3 4 3 3 3 3 3 18 15 53 23 87 55 17 13 100 14 23 86 21 7 20 54 8 100 85 55 30 19 21 16 16 55 53 15 54 15 86 73 55 55 53 51 53 53 1 1 1 1 1 2 5 4 1 5 5 1 3 2 2 3 2 4 3 3 3 2 3 2 3 4 3 1 0 1 0 0 0
"962" 3 2 4 1 2 2 5 5 5 3 4 2 5 3 1 5 1 5 1 1 1 5 6 3 4 2 2 5 1 1 3 2 1 3 4 2 0 0 0 1 50 46 30 99 60 49 0 1 0 0 40 29 100 100 49 50 100 39 100 99 49 48 100 100 100 100 49 49 100 50 100 0 100 50 1 0 1 0 0 2 5 5 5 1 1 2 2 2 2 3 4 3 3 4 4 3 2 3 3 5 5 5 0 0 0 1 0
"963" 3 1 4 1 1 1 4 5 1 1 1 1 1 5 1 5 1 5 2 3 3 5 7 1 4 3 1 5 1 1 3 5 1 5 3 2 0 0 0 0 30 70 50 100 1 35 0 50 0 0 60 15 70 40 1 60 70 40 100 70 0 30 85 70 85 70 10 0 85 60 85 0 85 0 1 0 1 1 0 2 3 6 5 5 1 2 2 2 2 1 5 5 4 5 5 1 1 2 5 5 4 5 0 0 1 0 0
"964" 1 1 1 3 1 1 1 2 2 3 3 1 1 3 1 4 1 1 2 1 3 3 7 5 5 4 4 5 2 3 1 1 1 1 1 1 0 0 0 97 44 54 90 1 98 72 1 0 1 0 12 77 52 99 94 65 53 63 0 73 100 78 100 73 98 92 91 97 91 90 56 53 59 49 3 1 1 1 1 3 3 4 1 5 1 1 3 3 3 5 1 1 5 3 3 3 3 3 1 2 3 5 0 0 0 1 0
"965" 2 4 4 2 2 2 3 4 2 2 4 5 3 4 3 4 3 2 1 1 3 3 4 2 2 3 3 3 5 5 1 3 3 3 4 4 53 0 54 54 0 72 54 55 0 100 16 75 60 51 52 54 69 0 0 72 53 77 52 41 35 74 47 37 100 45 0 0 50 6 51 0 50 52 2 1 1 1 1 3 3 4 4 2 2 1 3 3 3 4 3 4 4 5 2 1 3 3 3 3 2 5 0 0 0 1 0
"966" 1 1 4 2 1 1 1 1 1 1 1 1 1 1 1 1 4 4 2 3 3 5 7 1 1 1 1 5 2 3 4 1 3 1 1 1 2 4 0 51 63 100 100 100 71 88 0 71 100 0 100 88 85 50 80 100 87 87 41 100 100 100 100 100 71 63 68 72 87 72 100 1 85 88 1 1 1 1 1 3 5 1 5 3 3 1 3 3 2 1 2 1 3 5 2 1 3 1 2 5 3 5 1 0 0 0 0
"967" 3 1 5 3 1 1 1 1 2 1 2 3 1 2 2 4 4 2 2 3 3 3 1 4 5 4 2 5 2 2 4 1 3 2 2 4 0 0 0 62 49 41 100 50 93 99 0 100 90 0 71 52 40 100 84 100 84 92 0 100 100 92 100 99 100 100 92 100 100 74 100 0 95 51 1 0 1 0 0 1 5 2 5 1 1 1 2 1 1 4 1 2 5 5 4 4 2 2 1 5 3 5 0 1 0 0 0
"968" 1 2 6 1 2 2 4 3 2 2 2 3 2 3 1 3 1 5 2 1 1 5 4 2 5 3 2 5 1 1 5 1 1 2 4 3 0 0 0 0 39 50 41 77 1 50 0 15 15 0 55 15 41 41 45 100 86 50 78 86 50 15 50 60 50 75 40 45 51 44 71 0 85 51 1 0 1 0 0 1 4 6 5 1 1 3 1 1 2 1 5 5 1 5 3 2 1 2 3 5 5 5 0 0 0 1 0
"969" 3 1 4 1 2 1 1 3 4 1 1 1 2 1 2 4 1 5 1 1 2 4 7 1 5 5 1 5 1 1 5 1 1 2 2 2 2 0 0 61 49 68 82 86 50 51 0 38 15 41 17 68 98 51 53 57 100 69 62 99 71 52 50 51 85 70 49 50 84 49 89 15 88 41 1 1 1 1 1 1 3 2 3 4 4 1 3 3 3 2 1 2 2 5 3 1 2 3 3 3 4 5 1 0 0 0 0
"970" 2 2 4 1 1 1 1 3 1 1 2 2 1 2 2 3 3 3 2 2 2 4 4 2 5 2 1 5 2 2 4 1 5 2 3 3 2 1 1 7 49 15 77 1 13 50 2 12 39 16 48 28 81 49 14 85 79 83 2 84 87 72 49 86 79 81 16 8 79 50 69 4 70 73 2 1 1 1 0 3 3 2 5 1 1 2 1 2 2 2 4 4 2 5 3 2 3 3 4 5 3 5 0 1 0 0 0
"971" 2 5 4 3 2 2 4 3 3 2 5 4 3 3 2 3 3 3 1 1 3 5 7 3 4 5 2 4 2 2 3 3 3 3 5 5 51 3 34 51 51 53 51 51 53 51 30 53 55 53 53 77 51 56 52 65 82 53 52 53 67 74 52 73 56 75 44 43 69 60 57 52 51 53 2 1 1 1 1 2 4 5 4 4 4 2 2 2 2 4 4 4 4 4 3 2 3 5 4 5 2 4 0 0 0 1 0
"972" 2 2 1 3 4 2 1 1 1 2 2 2 2 2 4 2 1 4 1 3 3 3 2 4 5 5 1 5 2 3 2 2 4 1 2 2 0 0 0 100 100 50 100 2 100 95 0 0 51 75 1 77 70 100 90 51 60 71 1 80 100 86 100 68 100 100 97 90 100 100 50 0 90 90 1 1 1 0 1 1 4 2 3 2 4 1 3 3 3 5 1 2 5 5 4 3 4 4 4 4 3 4 1 0 0 0 0
"973" 2 3 4 2 2 1 5 5 4 2 3 3 4 4 2 5 1 5 1 3 4 3 6 2 3 4 4 5 3 2 5 2 1 5 5 3 0 0 0 0 36 19 0 24 0 0 0 0 0 0 35 0 8 0 0 50 50 14 61 51 0 9 7 50 22 8 0 0 11 0 50 0 50 0 1 1 1 1 0 3 3 4 5 1 2 2 2 2 2 1 4 4 3 3 4 3 3 3 5 2 5 5 0 0 1 0 0
"974" 3 2 7 1 1 1 2 2 2 2 3 4 2 3 2 2 2 4 1 2 3 2 2 3 2 3 2 3 2 2 4 3 4 2 2 3 42 47 41 54 48 51 50 79 39 61 56 47 52 50 60 59 62 31 25 68 52 55 51 56 54 67 72 60 52 58 18 20 52 50 45 51 51 45 2 1 1 1 1 3 3 4 5 2 2 1 2 2 2 3 2 2 3 4 1 2 2 2 2 5 2 2 1 0 0 0 0
"975" 2 1 2 2 2 3 1 1 1 4 3 2 2 2 1 2 3 1 1 1 3 3 2 2 5 5 1 5 3 4 2 1 4 1 1 2 0 0 2 67 90 9 100 2 100 100 0 2 43 2 4 93 42 100 100 76 60 100 2 100 100 100 100 60 100 100 100 100 100 100 9 0 60 63 2 1 1 1 1 1 3 2 1 5 5 1 3 3 2 5 1 1 5 2 3 3 5 5 1 5 1 3 1 0 0 0 0
"976" 3 1 7 2 3 2 3 2 2 3 1 2 2 1 3 4 2 3 1 1 2 4 6 3 5 5 2 5 2 2 1 1 4 1 4 3 1 1 1 75 85 40 85 30 85 60 1 5 65 50 25 60 60 85 70 40 85 70 5 75 60 70 100 45 85 100 40 40 85 69 80 1 85 85 2 1 1 1 1 3 2 2 5 2 2 1 3 3 2 4 1 4 5 4 4 3 4 4 2 3 1 5 0 1 0 0 0
"977" 2 3 4 1 1 1 5 3 3 2 3 2 4 5 1 5 1 5 2 1 4 5 6 2 5 1 1 5 1 1 5 5 5 5 5 3 0 0 0 5 85 99 0 92 17 29 0 54 12 0 88 17 27 85 16 98 85 26 51 90 0 54 93 93 92 86 1 2 90 19 88 0 93 17 1 1 1 1 0 3 1 6 5 1 1 2 2 2 2 2 4 5 2 5 2 3 2 2 3 3 3 5 0 0 0 1 0
"978" 2 1 3 1 1 1 5 3 1 2 3 3 3 1 2 4 1 4 1 1 2 5 6 2 4 2 2 5 1 2 1 1 1 3 3 3 0 0 0 4 50 30 50 60 47 50 0 15 14 2 50 69 50 50 47 98 83 60 89 100 50 70 50 50 50 50 47 47 50 85 85 0 85 8 1 0 1 0 0 2 1 2 5 1 1 1 3 3 1 2 4 4 3 3 4 2 2 3 4 3 3 5 0 0 1 0 0
"979" 1 1 4 2 3 2 3 2 2 2 2 2 2 2 2 2 2 4 2 2 3 5 4 4 5 5 2 4 2 2 4 3 2 2 3 2 51 30 50 55 84 65 51 51 50 50 59 50 50 50 51 51 55 60 100 100 100 60 51 100 51 65 100 100 100 100 100 60 100 99 100 1 100 98 2 0 1 0 0 2 4 7 3 1 1 1 3 2 2 3 2 2 4 5 2 1 3 3 2 5 2 5 0 0 0 0 1
"980" 2 1 4 1 2 2 3 3 1 1 3 2 1 3 1 3 1 4 1 1 1 5 7 1 5 2 4 5 1 1 3 1 1 3 4 4 0 0 0 0 50 75 50 99 0 0 0 0 40 0 51 0 72 0 0 98 99 15 100 100 75 50 85 73 61 51 0 0 100 89 100 0 100 50 1 0 1 0 0 2 3 4 5 1 1 2 1 2 2 1 4 5 1 3 4 1 1 2 4 4 5 3 0 0 0 1 0
"981" 3 1 7 1 1 1 3 1 1 1 4 3 1 4 1 4 3 4 1 4 5 3 5 3 4 5 2 5 1 1 5 5 5 5 2 2 0 0 0 67 45 41 100 88 32 54 0 0 0 53 70 85 64 51 0 100 44 100 100 100 41 100 100 87 100 100 16 0 100 53 54 35 54 35 1 0 1 0 0 3 5 5 5 5 5 3 1 2 1 1 5 5 4 4 5 2 1 4 1 5 3 5 0 0 0 1 0
"982" 1 2 6 3 3 1 2 3 1 1 3 4 5 2 2 4 2 3 2 2 3 5 7 3 4 3 1 3 3 3 2 3 3 3 3 3 51 3 54 50 17 53 51 6 53 54 15 51 51 52 50 49 53 51 53 62 71 66 3 61 62 81 71 54 52 54 54 52 52 54 52 54 53 51 2 1 1 1 1 3 5 5 5 3 3 1 2 2 2 2 4 3 2 5 3 3 2 3 4 5 5 5 0 0 1 0 0
"983" 3 2 1 2 1 1 1 2 1 2 2 1 1 5 1 1 1 3 3 3 3 1 7 1 2 2 2 1 3 2 3 5 2 1 1 5 45 19 99 100 5 82 96 96 86 56 4 34 66 6 4 54 9 90 94 3 32 1 98 62 49 17 100 1 33 49 74 82 5 98 3 99 4 96 2 0 0 1 1 2 3 4 3 3 3 2 2 2 2 3 1 1 5 3 3 3 3 3 4 4 1 3 1 0 0 0 0
"984" 3 1 1 1 2 2 5 5 5 1 3 5 4 3 1 5 1 5 1 1 2 5 7 1 4 2 2 4 1 1 5 2 2 5 4 4 3 0 0 1 100 0 16 90 4 12 1 5 1 1 38 36 53 52 0 84 100 17 94 100 7 5 52 100 65 92 1 1 99 1 100 3 100 0 1 0 1 0 0 2 4 5 5 1 1 2 2 2 2 1 5 5 1 5 3 1 2 3 5 3 5 5 0 0 0 1 0
"985" 3 4 4 1 2 1 5 4 1 1 5 5 3 5 1 5 1 5 1 4 4 3 5 3 5 3 2 5 1 2 5 5 5 5 5 4 5 7 40 0 50 55 20 95 0 5 60 80 0 0 50 50 50 20 0 75 55 40 95 85 50 5 40 100 85 65 0 0 70 2 40 0 40 0 1 0 1 1 0 2 4 5 5 1 1 3 1 2 1 1 5 5 1 5 4 2 2 2 3 3 5 5 0 1 0 0 0
"986" 1 1 7 2 1 1 1 5 1 1 1 1 5 1 1 1 1 4 2 2 2 5 5 3 1 5 2 3 1 1 5 5 5 1 1 1 0 0 0 0 0 100 0 100 0 0 0 100 0 0 40 50 40 0 0 40 90 15 50 50 0 50 100 100 100 100 0 0 95 100 0 60 15 100 2 1 1 1 1 3 5 5 5 1 1 2 2 2 2 3 4 4 1 5 3 1 1 1 4 4 2 5 0 1 0 0 0
"987" 3 1 1 1 1 1 1 1 1 2 1 1 1 1 1 1 3 1 1 5 4 3 2 4 5 5 1 5 3 5 2 5 5 1 2 3 0 0 0 82 89 11 87 0 91 90 0 0 93 0 0 67 15 86 86 32 19 53 0 58 86 80 88 73 86 84 84 85 82 70 50 0 0 50 1 1 1 1 1 2 3 2 2 5 5 1 3 3 2 4 1 2 5 3 3 3 5 5 2 5 2 3 1 0 0 0 0
"988" 2 1 4 1 2 1 2 1 5 1 2 2 2 4 1 5 1 3 3 1 1 4 7 1 5 1 1 1 1 1 5 2 1 3 3 3 0 2 0 100 0 100 0 93 0 0 0 99 0 0 100 100 53 0 0 99 99 43 90 100 51 53 74 100 54 71 0 0 100 100 100 0 100 51 1 0 1 0 0 1 4 7 5 1 1 3 1 1 2 1 5 5 1 3 3 3 1 3 5 5 5 5 0 0 0 0 1
"989" 3 3 4 2 2 2 2 2 1 2 2 1 1 1 2 2 4 2 1 1 3 5 5 2 5 3 1 5 2 5 2 2 2 2 2 2 2 1 2 69 0 44 78 43 59 52 1 69 16 48 57 40 82 62 51 95 86 61 45 93 78 85 90 95 88 90 66 62 94 70 80 29 66 36 2 1 1 1 1 3 3 2 4 3 3 1 3 3 3 2 4 3 4 4 3 2 3 4 3 3 2 4 1 0 0 0 0
"990" 1 1 4 3 3 2 2 1 1 1 5 1 1 5 1 1 4 4 1 2 4 3 5 3 5 4 2 5 2 5 4 5 5 5 3 2 2 1 0 68 100 1 51 1 90 57 0 0 77 2 1 64 52 88 94 29 62 27 0 51 35 67 59 51 92 83 87 83 77 57 62 25 61 50 2 1 1 1 1 3 1 1 2 2 2 1 3 3 2 2 2 4 2 4 2 2 1 3 4 5 2 4 1 0 0 0 0
"991" 2 1 4 1 2 1 5 5 3 1 5 3 1 4 1 5 1 5 2 1 1 3 7 1 5 1 1 5 1 1 3 4 1 5 4 4 1 1 1 1 29 14 1 100 1 50 1 1 1 1 94 70 93 100 1 100 100 14 100 100 1 40 100 100 100 100 1 1 100 29 100 1 99 1 1 0 1 0 0 2 2 4 5 1 1 2 2 2 2 1 5 3 3 5 3 1 2 3 5 5 4 5 0 0 1 0 0
"992" 1 3 7 1 1 1 1 1 3 1 4 3 1 3 1 1 1 4 1 1 3 5 7 1 5 1 1 5 1 1 5 4 4 5 1 1 0 0 0 1 0 40 0 100 0 50 0 100 30 0 50 100 0 0 0 50 40 50 100 100 85 50 0 100 15 60 0 0 40 0 0 0 40 0 1 0 1 1 0 1 5 1 5 1 1 1 1 3 2 1 1 5 1 4 3 1 1 3 5 5 1 5 1 0 0 0 0
"993" 3 1 6 1 1 1 5 5 2 1 2 2 4 3 1 4 1 5 2 1 2 5 6 2 4 2 2 2 1 1 4 2 2 4 4 2 0 1 0 0 0 100 1 95 3 0 1 9 1 1 71 49 53 3 0 89 70 8 100 91 2 1 52 55 50 52 0 0 51 7 70 4 87 1 1 0 1 0 0 2 3 6 5 1 1 2 2 2 2 2 5 5 1 4 3 1 1 1 3 3 5 5 0 0 0 1 0
"994" 2 1 4 2 2 1 3 2 1 2 3 1 2 3 1 2 2 3 2 3 4 4 5 3 4 3 1 5 1 1 2 3 3 3 2 2 49 0 2 16 0 62 50 63 46 50 2 59 49 0 50 53 39 49 50 69 53 53 57 48 49 50 50 49 54 48 50 48 49 60 54 50 54 49 3 1 1 0 0 3 5 4 5 3 3 1 3 3 2 2 4 4 2 4 3 2 3 2 3 3 2 5 0 0 0 1 0
"995" 3 1 4 3 2 2 1 1 1 3 2 2 1 1 4 3 2 1 1 1 3 3 4 4 5 5 2 5 5 5 3 1 4 1 2 3 0 0 0 56 60 100 100 0 60 77 0 0 50 50 0 70 40 60 60 40 60 90 0 50 89 60 60 60 60 60 50 50 60 60 40 0 60 60 2 1 1 0 0 2 1 2 2 3 3 1 3 3 3 4 2 4 4 4 4 4 4 5 1 5 2 3 1 0 0 0 0
"996" 3 2 2 3 2 2 1 2 1 3 3 2 3 2 3 2 4 2 2 2 2 4 3 2 2 3 2 3 2 2 2 2 2 2 3 2 78 67 68 51 72 69 54 42 85 61 67 60 80 64 53 57 62 56 62 53 63 43 78 56 72 61 65 69 58 47 84 61 50 63 56 72 75 62 2 1 1 0 1 1 2 4 2 2 2 2 2 2 2 2 2 2 2 4 2 2 2 2 2 2 2 2 0 1 0 0 0
"997" 2 2 7 2 1 1 1 5 3 1 5 5 3 5 1 5 4 4 2 1 3 5 7 2 5 2 1 1 3 3 2 3 3 5 1 2 86 88 32 0 96 36 92 87 48 53 100 97 26 91 71 53 100 97 100 97 98 32 53 72 53 48 12 95 94 91 69 22 80 44 73 78 98 100 1 1 1 1 1 3 3 1 3 3 3 2 2 2 2 1 1 5 3 4 2 3 1 4 2 2 5 5 1 0 0 0 0
"998" 2 2 3 3 2 2 1 2 1 2 2 1 2 1 2 1 2 4 2 1 2 4 1 2 4 5 1 5 2 4 3 1 2 1 4 4 0 0 5 52 49 31 87 30 60 45 0 15 60 15 30 60 15 55 39 69 86 87 31 70 69 85 60 63 99 98 42 41 70 42 75 0 70 45 4 1 1 1 1 2 1 1 4 4 4 1 2 2 1 4 2 4 4 2 4 4 2 4 4 5 3 4 1 0 0 0 0
"999" 2 2 4 1 1 1 4 1 3 2 1 2 2 3 1 4 1 1 3 1 2 5 7 2 3 1 2 1 1 1 5 2 1 1 3 3 0 0 0 0 0 94 0 95 0 35 0 85 0 0 99 50 50 0 0 100 85 75 50 100 0 85 100 100 100 97 0 0 100 50 100 0 95 85 1 0 1 1 0 2 1 7 5 1 1 1 2 2 2 1 4 5 2 5 3 1 2 5 1 5 5 5 0 0 0 0 1
"1000" 2 2 4 1 2 1 1 1 1 1 2 1 2 1 2 1 2 3 2 1 1 5 7 1 5 5 1 5 2 4 4 1 2 2 3 3 0 0 0 0 50 0 92 3 51 52 0 0 52 0 50 15 49 100 93 100 85 51 0 51 100 52 83 94 52 100 50 49 100 43 0 0 80 51 2 1 1 1 1 3 3 1 5 1 1 2 3 2 2 3 3 3 3 3 3 3 3 3 3 4 3 5 1 0 0 0 0
"1001" 2 2 4 1 2 1 2 2 1 2 2 2 2 3 2 3 4 3 2 3 3 5 7 3 5 2 1 5 1 1 5 2 2 2 1 2 1 0 0 100 1 50 74 1 69 83 0 94 50 45 69 52 8 51 60 100 51 2 2 74 99 91 100 100 100 100 1 51 100 71 88 36 94 49 1 1 1 0 1 3 3 6 5 3 3 2 2 2 2 3 2 3 4 4 3 4 3 2 4 5 3 4 0 0 0 1 0
"1002" 3 2 4 1 4 1 5 1 1 1 5 5 1 4 1 5 3 5 2 5 5 5 6 1 4 5 2 5 1 2 5 5 4 4 4 4 0 0 0 100 0 53 62 100 8 0 42 100 0 0 61 100 100 11 5 100 5 58 100 84 100 100 74 44 100 41 7 4 100 38 50 50 50 50 1 1 1 1 1 2 3 1 5 2 4 1 3 1 2 4 2 4 2 5 5 3 3 3 2 5 4 4 1 0 0 0 0
"1003" 3 2 6 2 2 1 5 1 3 1 2 4 5 4 1 5 1 5 1 3 2 4 6 2 4 3 3 4 1 1 3 3 1 5 5 4 9 0 0 0 44 51 0 70 0 0 0 4 0 0 23 40 10 4 6 41 60 19 50 90 1 8 49 49 49 50 0 0 60 9 71 0 70 1 1 1 1 0 0 3 5 6 5 1 1 2 2 2 2 1 5 5 2 5 3 2 2 2 4 5 5 5 0 0 0 1 0
"1004" 1 2 4 1 1 1 5 2 1 1 3 1 1 5 1 5 1 5 1 1 2 4 4 1 2 2 2 4 1 1 3 5 1 4 4 2 0 0 0 0 50 85 30 100 0 15 0 1 0 0 50 24 50 50 50 70 91 5 90 88 15 30 50 50 50 50 50 0 70 50 100 2 96 2 1 0 1 1 0 2 4 6 5 1 1 2 2 2 2 1 5 4 2 5 3 2 2 4 3 3 5 5 0 0 0 1 0
"1005" 3 2 4 1 2 1 3 5 5 5 5 5 1 5 5 5 1 3 1 3 3 3 4 3 5 3 1 5 1 1 5 5 5 5 4 3 15 5 1 2 98 17 13 52 54 54 2 28 21 4 8 64 85 96 53 61 71 14 61 100 52 19 92 96 94 94 53 82 70 62 39 3 40 52 1 1 1 0 1 3 5 1 3 3 3 2 1 1 2 1 5 5 1 3 3 3 2 2 1 4 3 4 1 0 0 0 0
"1006" 1 3 4 4 3 2 1 3 2 1 2 4 2 1 2 4 2 2 2 2 2 2 7 2 4 2 1 3 3 3 2 2 2 2 4 4 13 17 48 60 33 41 23 61 69 42 10 71 17 50 41 48 61 59 73 52 70 31 34 26 51 33 66 86 87 50 58 80 38 41 50 50 63 41 2 1 1 0 1 3 5 4 3 4 4 2 2 2 2 3 4 3 3 4 2 2 4 3 4 4 4 4 0 0 0 1 0
"1007" 3 1 1 1 1 1 3 2 1 1 2 2 1 2 3 2 3 2 1 1 2 5 7 1 5 2 1 5 1 1 5 4 4 4 4 4 22 24 3 50 33 60 51 78 50 57 31 42 50 41 60 100 62 50 51 90 100 46 91 92 51 58 46 89 60 57 50 50 51 47 8 1 7 47 2 0 1 1 1 3 3 2 5 1 1 2 2 2 2 1 5 5 1 5 1 1 2 4 3 3 5 5 0 1 0 0 0
"1008" 2 1 7 1 2 1 4 3 3 2 3 3 1 4 1 3 1 5 1 2 2 5 7 2 5 1 1 3 1 1 5 4 4 4 3 2 0 0 0 0 39 81 57 88 42 49 39 51 0 52 52 16 70 58 47 51 97 55 87 100 49 0 94 96 75 95 49 48 84 49 49 0 49 49 3 1 1 0 0 2 3 5 5 1 1 2 2 2 2 2 4 5 2 4 2 3 1 2 3 3 4 5 0 0 0 1 0
"1009" 2 1 4 1 2 1 5 3 5 1 3 4 5 5 1 5 1 5 1 3 3 4 6 3 5 3 3 5 2 1 5 4 3 4 4 3 1 1 1 1 50 60 1 90 1 1 1 15 10 1 60 50 40 20 20 60 85 1 85 95 5 20 90 90 90 90 20 20 90 85 85 1 90 15 1 0 0 0 0 2 3 6 5 1 1 2 2 2 2 1 5 5 2 4 3 1 2 2 3 3 5 5 0 0 0 1 0
"1010" 3 2 3 1 2 1 5 3 2 1 3 3 1 2 2 5 1 4 2 2 3 4 4 3 3 3 2 5 1 2 5 5 3 2 3 3 17 0 17 15 44 9 17 51 16 17 0 59 0 0 85 50 51 16 8 86 70 15 85 85 52 17 86 97 83 87 0 1 70 20 72 0 89 0 1 1 1 0 0 2 1 5 5 1 4 2 3 2 2 2 4 4 3 5 3 2 2 2 4 4 4 5 0 1 0 0 0
"1011" 3 2 2 1 1 1 1 1 1 1 1 1 1 1 1 1 3 4 1 1 2 5 2 2 5 3 1 5 3 4 4 1 4 2 2 2 0 0 0 72 0 17 95 16 72 89 0 18 31 0 31 62 43 88 72 87 88 72 16 86 87 85 98 87 100 100 70 70 100 62 71 0 87 63 2 1 1 1 1 3 1 2 4 5 5 1 3 2 3 5 2 2 5 4 3 3 5 5 1 3 1 3 0 1 0 0 0
"1012" 3 2 2 5 3 2 2 1 3 4 3 3 1 2 3 2 3 2 1 1 2 3 2 4 5 5 3 5 5 5 1 1 4 1 3 4 0 0 0 90 80 15 90 35 85 75 0 0 95 85 25 88 10 75 75 40 35 80 15 75 95 80 75 75 75 75 70 70 75 65 70 5 60 60 1 1 1 0 0 2 4 1 1 5 5 1 3 3 2 5 1 1 5 4 4 2 3 3 1 5 3 3 1 0 0 0 0
"1013" 3 3 4 2 2 1 4 2 1 3 3 3 3 2 2 3 1 1 3 1 2 3 4 4 3 4 1 4 2 3 1 1 4 2 2 4 8 3 10 49 57 91 51 72 64 89 11 6 11 50 51 50 55 61 63 100 84 69 51 93 49 94 89 95 91 91 69 47 98 89 78 6 66 68 2 1 1 1 1 3 3 5 3 3 3 1 3 3 2 5 2 3 5 5 4 2 4 4 2 4 2 5 0 1 0 0 0
"1014" 2 2 4 1 2 1 5 3 2 2 1 2 2 1 1 3 1 4 2 1 1 5 7 2 3 2 2 4 1 1 5 2 1 3 3 2 5 4 4 14 5 70 7 52 32 53 1 31 7 4 45 30 87 51 53 86 85 18 53 85 2 30 85 87 87 86 36 31 85 42 88 2 87 29 2 0 1 0 1 2 3 5 5 1 1 2 2 2 2 3 3 3 3 5 3 3 2 3 3 5 5 5 0 0 1 0 0
"1015" 1 3 3 2 1 2 5 2 2 3 5 5 1 5 1 5 3 3 2 2 1 3 7 1 2 2 2 1 1 1 5 3 1 3 5 3 52 0 0 0 0 100 0 51 0 50 0 0 0 0 50 50 62 0 0 100 54 50 52 100 0 100 51 100 100 50 0 0 61 53 71 0 64 17 3 1 0 0 0 2 2 7 5 1 1 2 2 2 2 1 5 5 1 5 1 1 2 2 4 3 5 5 0 0 0 1 0
"1016" 3 3 4 4 1 1 1 1 1 1 1 1 1 1 1 1 2 2 2 3 3 4 4 3 5 2 1 5 3 4 3 2 4 2 3 3 0 0 0 70 50 50 70 50 60 70 0 0 60 60 0 70 50 50 50 60 60 85 0 60 70 70 70 70 70 100 50 50 50 70 50 50 60 60 3 1 1 0 1 2 3 1 3 3 3 1 3 3 3 4 3 3 4 4 3 3 3 3 5 5 2 4 1 0 0 0 0
"1017" 2 1 2 3 2 3 2 1 1 4 4 3 4 1 3 3 2 4 2 2 2 4 2 3 3 5 1 1 2 5 1 1 2 1 4 3 2 0 0 40 41 95 1 16 25 49 0 69 42 17 30 91 20 30 16 91 86 62 10 60 1 100 100 85 100 100 13 3 86 60 72 3 53 52 3 1 1 1 1 3 3 7 5 1 1 1 2 3 1 4 2 2 5 5 3 4 4 5 4 5 3 5 0 0 0 0 1
"1018" 3 2 5 1 1 1 5 5 4 1 3 2 1 3 1 3 1 5 1 1 1 5 7 1 5 5 1 5 1 1 3 3 3 4 4 4 4 2 50 1 51 52 4 4 5 1 49 4 11 1 51 3 51 51 37 52 86 1 78 88 15 2 50 51 51 50 5 5 51 52 50 5 51 49 1 0 1 1 0 1 5 1 5 1 1 3 1 2 2 1 5 5 2 3 4 1 1 1 5 5 5 5 1 0 0 0 0
"1019" 3 2 4 4 2 3 1 1 2 4 2 2 1 2 2 2 3 2 1 2 4 4 1 3 5 5 2 5 2 5 2 1 4 2 1 2 1 2 0 98 98 0 100 0 100 83 1 3 89 92 0 100 30 100 100 50 66 90 1 71 100 88 100 70 95 95 100 87 87 86 72 7 88 72 2 0 1 0 1 2 2 2 3 4 4 1 3 3 2 5 1 1 5 2 5 2 5 5 1 5 1 2 1 0 0 0 0
"1020" 2 2 3 2 2 2 2 2 1 2 2 2 3 3 2 3 2 3 2 1 1 4 1 3 5 4 2 5 3 1 3 3 3 3 5 5 52 4 0 75 54 53 92 51 65 74 2 88 16 54 53 50 66 52 63 98 87 61 74 89 53 52 98 52 93 97 75 65 96 85 53 53 50 55 2 0 1 0 0 2 3 3 3 3 3 2 2 2 2 3 3 3 3 3 3 3 3 3 3 5 3 5 1 0 0 0 0
"1021" 1 2 4 1 1 1 3 2 2 2 4 2 1 4 2 1 3 3 1 2 3 4 3 3 4 5 2 5 2 1 5 2 4 2 4 4 5 0 0 38 2 51 100 41 57 72 0 15 79 92 87 93 17 67 41 100 76 89 15 87 98 97 100 79 91 93 35 43 71 100 50 87 50 77 2 1 1 1 1 3 1 1 5 1 2 1 3 3 2 4 2 1 4 5 2 1 2 3 5 5 2 4 1 0 0 0 0
"1022" 3 5 4 4 2 1 2 5 1 2 5 4 5 5 1 4 3 4 1 3 2 5 4 4 5 5 3 5 1 3 5 3 3 3 4 4 48 46 48 44 51 49 50 92 48 46 47 50 49 45 49 51 30 48 51 51 93 48 85 97 50 50 87 89 72 80 50 49 82 54 49 17 50 50 1 1 1 1 1 2 5 4 5 1 1 2 2 2 2 3 4 3 3 3 3 3 3 3 5 5 5 5 0 1 0 0 0
"1023" 3 2 2 2 1 1 2 3 2 1 5 3 1 5 2 5 2 2 2 2 3 5 6 1 2 1 2 4 1 2 4 3 2 3 2 2 36 42 77 82 81 40 56 48 0 73 52 75 41 51 88 59 75 0 0 85 70 72 33 67 99 66 88 78 68 44 2 12 17 35 79 34 77 44 3 1 1 1 1 1 3 4 5 2 2 2 2 2 2 2 2 2 2 4 2 2 3 2 2 5 2 3 0 0 0 1 0
"1024" 2 4 7 2 1 1 3 4 5 1 4 3 3 2 3 2 1 3 1 1 1 5 4 3 5 2 4 5 1 5 1 1 1 5 3 3 0 0 0 0 91 50 50 100 51 92 0 50 13 1 95 30 99 100 100 100 93 4 85 100 4 67 100 100 100 100 100 100 100 100 88 1 100 98 1 1 1 0 0 2 3 5 4 3 3 2 2 2 2 1 4 3 1 4 4 2 3 4 3 5 5 5 0 0 0 1 0
"1025" 3 2 2 1 2 1 5 3 1 2 3 2 1 3 1 2 1 5 1 4 3 3 2 2 5 2 2 2 3 1 5 4 4 4 3 3 0 0 0 0 0 60 50 85 0 0 0 50 0 3 85 0 50 50 50 85 15 15 50 100 0 0 50 85 70 50 50 50 85 50 85 0 85 0 1 1 1 1 1 3 5 6 5 5 5 2 2 2 2 3 3 3 3 4 2 2 3 4 2 2 3 5 0 0 0 1 0
"1026" 1 1 7 1 1 1 4 1 1 1 1 1 1 1 1 1 1 5 1 1 1 5 7 1 4 1 1 5 1 1 5 1 1 2 1 1 0 0 0 0 50 100 0 90 15 50 0 0 0 0 50 15 50 50 50 100 100 15 100 85 0 30 50 50 50 50 50 50 50 50 100 0 100 0 1 1 1 0 1 3 3 6 5 1 5 1 3 3 3 3 3 3 3 3 3 5 2 3 3 3 4 5 0 0 0 1 0
"1027" 1 1 4 1 1 1 5 5 3 1 1 1 2 4 1 5 1 5 2 1 1 5 7 2 4 3 1 5 1 1 5 3 1 4 4 1 1 1 4 2 1 100 100 50 3 3 1 49 5 1 86 2 62 15 1 99 100 33 84 99 4 27 87 100 84 90 1 3 87 3 97 1 97 27 3 1 1 1 0 3 3 6 5 1 1 3 1 1 2 1 5 5 1 5 3 3 1 1 4 5 5 5 0 0 0 1 0
"1028" 1 2 5 3 2 1 3 2 2 2 2 3 1 2 2 2 2 1 1 2 3 1 7 2 3 2 2 2 2 2 2 1 2 2 3 2 77 52 77 69 66 77 0 65 71 74 65 65 66 53 79 72 72 64 59 50 62 75 65 80 63 71 56 85 56 71 77 76 89 73 55 55 66 65 2 1 0 1 1 1 3 7 4 4 4 1 1 1 1 2 2 2 2 2 1 1 1 2 4 2 2 2 0 0 0 1 0
"1029" 1 3 4 3 1 1 2 1 1 1 3 3 1 3 1 3 3 3 2 3 4 3 5 4 4 5 1 5 2 2 5 5 3 3 2 2 51 3 50 73 50 51 57 51 52 50 0 50 70 50 5 53 79 71 75 51 51 73 2 89 78 51 88 75 81 82 61 53 81 50 14 16 15 15 3 1 1 0 1 3 4 1 5 5 5 1 3 2 1 3 3 4 3 3 3 3 2 1 4 4 3 5 1 0 0 0 0
"1030" 1 1 4 1 1 1 2 3 1 1 2 5 3 5 1 1 2 5 2 2 1 5 7 1 5 1 1 5 1 1 5 5 5 1 1 4 0 0 0 0 0 0 64 0 0 0 0 1 29 0 77 45 0 0 0 100 93 31 0 100 79 59 100 100 100 96 0 0 63 100 1 0 3 100 1 1 1 1 1 2 3 3 5 1 1 2 1 3 1 2 5 5 3 5 5 3 4 5 1 5 3 5 0 0 0 1 0
"1031" 1 3 4 1 1 1 4 4 1 1 4 2 1 3 1 1 2 3 3 1 2 5 7 1 5 4 1 5 1 1 3 1 1 1 2 3 0 0 0 25 50 50 50 100 0 0 0 70 50 0 25 0 70 50 50 100 70 50 50 100 50 50 100 100 100 100 50 0 100 100 100 0 100 100 3 1 1 1 1 2 3 4 5 1 1 2 2 2 2 1 5 3 3 3 1 1 3 2 4 5 4 5 0 0 0 1 0
"1032" 3 1 1 2 2 1 1 1 1 3 3 2 1 3 1 2 3 2 1 3 3 3 1 4 5 5 3 5 3 3 2 2 3 2 2 2 0 0 0 90 1 0 90 0 90 90 0 0 90 90 0 90 20 50 50 50 50 90 0 80 90 90 90 75 75 80 50 50 80 80 0 0 0 0 2 1 1 1 0 3 5 2 3 3 3 1 3 2 2 5 1 1 5 3 3 3 3 3 1 3 1 3 1 0 0 0 0
"1033" 2 1 4 2 3 3 2 2 3 2 3 3 3 2 3 3 3 3 2 2 2 4 5 3 5 2 2 5 2 1 5 3 3 2 3 4 50 15 0 50 50 60 59 84 50 60 15 50 50 50 50 50 86 50 50 86 85 85 70 85 86 85 71 90 85 85 50 50 85 50 50 50 50 50 1 0 0 1 0 1 3 2 4 1 1 2 2 2 2 3 3 3 3 3 3 3 3 4 3 3 2 5 1 0 0 0 0
"1034" 1 2 2 2 3 1 1 4 3 2 2 4 3 3 2 3 2 2 1 2 2 3 5 1 2 3 2 4 3 2 3 3 3 2 3 4 65 65 69 69 60 65 63 70 50 47 75 45 78 70 75 83 70 40 41 79 80 70 65 80 87 86 90 89 83 80 43 45 78 71 75 70 70 65 2 0 1 0 0 1 3 4 4 1 1 1 3 2 2 3 2 2 4 4 2 2 1 2 2 3 2 3 0 1 0 0 0
"1035" 2 2 4 2 1 1 1 2 1 1 2 1 1 2 2 1 2 3 1 3 3 4 1 3 3 5 3 5 2 4 3 3 3 2 1 2 19 5 5 88 49 55 87 10 100 64 3 4 6 51 5 75 60 96 97 77 82 74 8 92 100 67 88 44 100 86 75 80 68 66 65 12 72 61 2 1 1 1 1 3 4 2 3 4 4 1 3 3 2 3 2 1 4 3 4 3 3 3 2 5 3 3 0 1 0 0 0
"1036" 1 2 3 1 1 1 5 4 2 1 3 3 1 1 1 4 1 5 2 1 2 5 5 2 3 1 1 5 1 2 2 5 3 3 4 3 0 0 1 0 35 95 22 85 0 50 0 0 0 0 80 8 50 50 7 85 85 15 85 90 0 30 70 70 70 73 8 0 70 44 85 0 75 50 1 1 1 0 0 1 4 6 5 1 1 2 1 2 3 1 5 5 1 5 4 1 2 3 4 3 4 5 0 1 0 0 0
"1037" 1 1 4 1 2 1 5 1 2 1 1 2 2 1 1 5 1 5 3 1 2 5 7 1 1 4 3 1 1 1 5 1 1 5 5 2 0 0 0 0 0 100 0 100 0 0 0 100 0 0 100 0 0 0 0 100 95 0 100 100 0 0 0 90 50 90 0 0 100 0 100 0 100 0 1 1 1 1 0 3 5 7 5 1 1 3 1 2 2 1 5 5 1 5 5 1 1 1 5 1 5 5 0 0 0 0 1
"1038" 2 1 4 1 2 1 5 1 2 1 2 1 2 4 2 4 1 5 1 1 2 4 6 2 3 3 1 5 1 1 3 4 1 3 4 2 50 0 0 0 30 100 15 100 0 50 0 50 15 0 50 40 40 50 15 85 75 30 70 100 0 40 85 85 85 85 0 15 85 50 100 0 85 16 1 0 1 1 0 2 5 5 5 1 1 2 2 2 2 3 5 5 5 4 3 2 3 3 4 4 4 5 0 1 0 0 0
"1039" 2 1 4 2 4 2 5 2 2 3 2 2 1 2 2 4 1 5 2 1 1 4 6 2 2 2 1 4 1 1 3 2 2 2 4 4 0 0 13 10 30 84 10 25 5 42 0 45 24 0 95 26 65 50 6 100 93 30 75 100 0 42 100 95 95 100 5 21 85 95 80 0 80 85 1 1 1 1 1 1 3 6 1 1 1 2 2 2 2 2 3 5 3 5 3 3 2 2 2 5 3 5 0 1 0 0 0
"1040" 2 3 4 4 1 1 3 2 1 2 4 4 2 4 1 4 3 3 1 3 4 3 4 5 3 5 2 5 3 3 3 3 3 3 4 4 54 9 3 100 53 80 74 55 86 52 9 8 54 57 56 54 66 79 83 83 59 53 55 61 82 62 84 63 74 67 73 72 62 78 54 55 55 54 3 1 1 0 1 2 3 1 5 3 3 1 3 2 2 5 1 1 5 5 5 1 3 5 1 5 1 3 1 0 0 0 0
"1041" 1 1 4 1 2 1 5 3 5 1 3 5 1 2 1 5 1 5 2 2 2 5 7 1 3 1 1 5 1 1 1 4 2 3 3 2 0 0 0 15 30 75 25 85 30 40 0 50 0 0 50 50 50 50 50 50 75 50 75 50 30 50 50 50 50 50 40 50 50 50 60 0 60 50 1 1 1 0 0 3 5 5 5 1 1 2 2 2 2 1 5 5 3 3 3 3 3 4 5 3 4 5 0 0 0 1 0
"1042" 1 2 3 2 2 3 2 2 2 2 3 2 2 3 3 2 3 3 2 2 3 3 2 3 3 2 2 2 3 2 2 3 4 3 2 3 68 47 66 70 51 62 72 61 78 62 42 75 66 48 68 53 57 28 23 71 64 61 55 58 50 69 66 63 64 58 9 14 61 78 53 61 64 64 3 0 0 1 0 2 2 4 4 3 4 2 2 2 2 3 4 3 2 2 3 3 3 2 3 4 3 3 0 1 0 0 0
"1043" 2 2 2 1 1 1 5 5 1 1 5 5 5 5 1 5 1 5 1 1 2 5 7 2 3 2 1 5 1 1 5 5 3 5 4 3 0 0 0 0 8 7 38 9 0 0 0 1 0 0 6 0 3 0 0 10 86 7 0 59 0 3 14 37 51 20 0 0 49 4 16 0 15 4 1 1 1 0 1 3 3 4 5 1 1 2 2 2 2 1 5 5 1 4 3 2 3 4 4 3 5 5 0 1 0 0 0
"1044" 3 2 4 1 3 2 4 4 4 2 3 3 5 3 2 4 1 5 1 1 1 1 7 2 5 3 2 4 1 1 1 1 1 1 3 1 0 0 0 0 100 50 0 50 0 0 0 0 0 0 50 20 50 100 75 100 100 20 50 100 30 25 100 100 100 100 50 50 100 100 100 0 100 100 1 0 1 0 0 1 3 4 5 1 1 2 2 2 2 1 5 5 3 3 2 2 1 2 5 5 3 5 0 1 0 0 0
"1045" 1 5 5 5 3 4 1 4 2 4 3 3 2 2 4 4 2 3 1 3 2 2 3 3 4 2 1 5 2 5 2 1 2 1 3 4 0 0 0 40 40 30 50 0 40 41 0 50 50 40 0 80 35 50 49 70 50 86 0 40 50 60 50 50 50 60 50 50 70 50 60 0 60 50 1 1 1 0 1 3 1 4 3 2 2 2 3 3 3 4 2 2 5 4 5 2 4 5 4 4 2 4 0 1 0 0 0
"1046" 2 1 4 1 2 1 4 3 4 1 3 1 1 4 1 4 1 5 1 1 2 5 7 3 4 2 1 5 1 1 2 3 2 2 4 2 0 0 0 0 50 50 60 60 0 50 0 50 0 0 50 60 60 50 10 75 90 60 70 100 0 20 70 80 75 85 0 50 85 40 85 0 85 60 2 1 1 0 0 2 2 3 5 1 1 2 2 2 2 2 2 2 3 5 3 1 2 4 4 3 4 5 1 0 0 0 0
"1047" 2 1 2 5 3 2 1 1 1 4 2 1 1 1 2 1 3 1 1 4 5 3 2 4 5 5 1 5 1 5 1 1 2 1 2 2 0 0 0 80 75 5 100 5 100 100 0 0 50 50 0 100 15 100 100 100 25 90 0 50 85 65 100 80 100 100 100 100 100 100 50 0 100 100 1 1 1 1 1 3 5 1 1 5 5 1 3 1 2 5 1 2 5 1 5 5 5 5 1 5 1 3 1 0 0 0 0
"1048" 1 5 6 2 3 2 4 1 3 1 1 3 5 4 5 5 1 2 1 1 1 5 6 2 3 4 1 5 1 4 1 2 1 5 5 3 1 1 1 10 51 61 20 50 45 29 1 50 15 1 50 30 55 50 50 50 95 65 50 55 25 65 50 50 50 51 50 50 50 50 65 1 60 15 1 0 1 0 1 1 2 6 5 2 2 2 2 2 2 1 4 3 2 2 3 2 3 5 3 4 5 4 0 0 0 1 0
"1049" 2 1 6 1 3 3 4 2 1 1 5 5 3 5 1 5 1 5 1 1 1 5 5 2 5 1 2 5 1 1 5 5 5 5 4 4 4 2 2 2 93 12 88 100 2 52 7 5 2 4 11 7 79 30 2 94 99 3 94 100 94 3 3 94 72 56 3 3 51 66 59 1 59 64 1 1 1 0 0 3 3 3 5 1 1 2 1 3 2 1 5 5 2 1 5 5 5 5 5 3 4 5 0 1 0 0 0
"1050" 3 3 4 1 1 1 5 5 5 1 5 1 5 2 1 5 1 5 2 1 1 5 7 1 1 1 2 5 1 1 5 1 1 5 5 1 4 4 0 0 0 88 6 6 1 5 5 93 3 0 77 4 39 0 0 100 94 4 87 93 1 0 98 85 89 87 0 0 86 2 91 5 87 8 1 1 1 1 0 3 1 6 5 1 1 3 1 1 1 1 5 5 1 4 3 2 2 2 5 5 5 5 0 0 0 1 0
"1051" 1 3 4 4 1 2 1 1 2 3 2 2 1 2 3 1 3 2 1 3 3 4 2 3 5 5 2 5 3 5 3 1 3 2 2 3 0 0 0 60 49 7 96 2 100 90 0 0 50 0 0 95 39 99 68 58 44 48 0 87 82 88 95 62 72 60 52 55 85 57 43 0 49 61 1 1 1 1 1 2 3 2 3 4 4 1 3 3 2 5 1 1 5 4 3 5 5 5 1 5 1 3 1 0 0 0 0
"1052" 3 1 4 1 4 3 1 1 2 1 2 1 1 1 2 4 1 4 1 1 1 5 6 2 5 3 1 5 1 5 4 1 1 2 2 1 0 0 0 30 80 0 100 80 50 85 0 0 25 40 0 85 60 50 50 40 95 85 0 75 100 60 95 95 90 98 50 50 100 50 100 0 100 5 1 1 1 1 1 3 3 1 3 2 2 1 3 3 2 5 2 2 5 4 5 3 3 5 2 5 3 4 1 0 0 0 0
"1053" 3 2 2 1 1 1 5 5 1 1 5 5 1 5 1 5 1 5 1 1 1 5 7 4 4 5 2 4 1 1 5 5 5 2 4 4 0 0 0 0 84 52 1 0 0 0 0 0 0 0 0 63 0 41 69 84 85 0 89 88 0 3 99 98 94 96 50 15 87 71 59 0 70 62 1 0 1 0 1 2 4 5 5 5 5 3 2 2 2 3 5 5 2 5 1 3 1 3 5 3 5 5 0 0 0 1 0
"1054" 3 3 6 4 2 2 1 1 2 4 3 5 1 2 1 4 3 4 1 2 3 5 4 3 5 4 2 5 3 4 3 1 4 1 3 4 0 0 0 55 100 0 78 5 71 72 0 0 70 25 0 80 30 73 71 15 70 50 0 75 85 54 82 50 100 100 50 100 60 50 2 0 0 42 1 0 1 1 1 1 2 2 2 3 3 1 3 3 2 5 2 4 4 4 4 4 3 4 4 3 2 4 1 0 0 0 0
"1055" 1 2 6 4 3 3 1 2 3 3 2 2 1 2 3 2 2 5 1 3 3 3 2 3 5 5 2 5 3 5 2 1 2 1 2 3 0 0 0 70 50 30 61 30 70 60 0 0 61 60 20 60 30 70 70 70 50 70 15 70 60 85 70 70 70 70 50 60 70 70 41 15 41 41 1 1 1 1 1 1 1 2 2 2 3 1 3 3 1 5 1 1 5 4 5 1 3 5 2 5 1 2 1 0 0 0 0
"1056" 2 1 1 2 1 1 3 1 1 1 3 3 1 3 1 3 2 2 2 2 3 5 5 1 4 4 1 5 4 4 2 3 3 3 2 3 4 5 6 22 3 34 92 99 69 6 6 39 16 29 94 53 48 32 97 100 85 58 95 85 100 100 9 100 59 21 38 33 28 10 10 9 27 18 1 1 0 1 1 2 4 1 3 3 3 1 2 2 2 3 3 2 3 5 3 1 2 5 3 3 2 4 0 1 0 0 0
"1057" 2 2 2 3 1 1 1 1 1 2 3 1 1 3 1 1 4 3 2 4 3 3 1 2 5 5 2 3 2 4 2 2 5 2 1 4 0 0 0 100 50 50 100 0 100 77 0 0 49 0 0 100 39 100 100 50 42 100 0 85 100 83 100 82 100 100 100 100 100 100 37 15 100 100 1 1 0 1 1 3 4 1 3 3 3 1 3 3 3 5 1 1 5 5 1 3 4 5 1 4 1 3 1 0 0 0 0
"1058" 2 1 6 1 1 2 4 1 3 1 3 3 3 2 2 4 2 5 2 1 3 4 7 1 5 1 2 2 1 1 5 1 1 3 3 3 22 5 10 30 1 92 34 15 40 71 3 85 31 39 48 34 60 72 30 92 93 61 16 97 3 87 94 90 100 88 40 40 86 43 85 2 75 30 5 1 1 1 1 3 1 5 5 3 3 2 1 2 2 3 5 5 3 2 5 2 2 4 4 5 4 5 0 0 0 1 0
"1059" 2 1 4 1 1 1 5 4 5 2 3 1 5 2 2 3 1 5 2 1 1 4 7 2 4 2 2 5 1 1 3 1 1 1 4 4 2 0 1 5 33 94 10 86 43 20 4 11 12 3 91 62 76 51 51 90 95 11 82 96 9 17 93 90 72 97 48 53 97 63 90 3 91 64 1 1 1 1 1 3 1 5 5 1 1 2 2 2 2 1 5 5 2 4 2 3 3 5 4 3 4 5 0 1 0 0 0
"1060" 3 1 1 2 1 1 1 1 1 3 2 2 1 1 1 2 3 2 1 5 4 2 1 3 5 5 1 5 3 5 2 1 5 1 1 3 0 0 0 100 91 0 100 0 100 100 0 0 43 91 10 83 43 100 100 32 12 92 0 75 100 86 95 28 93 100 100 100 90 90 18 0 84 82 1 1 1 1 1 3 5 1 1 5 5 1 3 3 2 5 1 1 5 1 4 3 5 5 2 2 2 2 1 0 0 0 0
"1061" 2 2 2 3 2 2 1 1 1 3 3 2 2 1 1 2 2 1 2 2 2 4 2 3 5 4 2 5 2 4 4 1 2 1 2 3 0 0 0 73 73 24 86 84 93 68 0 8 50 15 20 65 41 95 95 71 73 73 0 40 87 83 85 72 89 92 90 93 87 84 69 8 84 85 1 1 1 1 1 3 3 2 1 4 4 1 3 2 2 4 1 2 4 4 5 5 4 4 2 3 1 3 1 0 0 0 0
"1062" 3 2 4 2 3 3 1 2 2 2 2 2 2 4 2 4 2 2 2 1 2 4 1 2 2 4 1 2 3 2 3 3 3 3 4 3 0 0 0 39 0 71 2 0 0 0 0 0 0 0 70 64 69 0 0 87 87 62 0 60 10 71 62 84 67 65 0 0 75 61 48 32 65 35 3 1 1 1 1 3 3 4 3 3 3 2 2 2 2 2 4 4 1 5 2 1 3 3 4 5 3 3 0 0 0 1 0
"1063" 1 2 5 1 1 1 2 3 2 1 2 3 1 3 1 3 3 3 2 1 2 3 1 2 3 3 2 4 2 1 3 4 2 2 2 1 30 51 42 73 66 60 61 63 36 48 71 42 49 57 71 50 69 30 60 66 86 70 70 70 95 70 67 79 74 66 30 31 67 91 100 47 100 56 4 1 1 1 0 3 3 4 5 1 1 1 3 2 2 4 1 4 4 4 3 1 3 3 2 5 3 3 0 1 0 0 0
"1064" 2 5 4 1 1 1 1 5 1 1 5 5 1 5 1 5 3 3 2 3 3 5 4 1 5 1 1 5 1 1 5 5 5 5 3 3 50 50 50 51 50 50 50 50 50 50 50 50 50 50 50 50 50 50 50 50 50 50 50 50 50 50 50 50 50 50 50 50 50 50 50 50 50 50 1 1 1 1 1 2 3 4 3 3 3 2 2 2 2 3 3 3 3 3 3 3 3 3 4 5 5 5 1 0 0 0 0
"1065" 2 3 4 1 1 2 4 5 1 2 5 3 1 3 2 1 2 2 1 4 3 5 4 1 5 4 1 5 1 1 5 2 2 4 3 3 28 54 18 6 12 15 53 98 35 35 6 49 34 34 6 20 6 52 35 65 71 35 100 69 46 55 55 59 56 78 53 60 59 56 55 5 46 22 1 1 1 1 1 2 4 1 5 3 3 2 2 2 2 1 5 5 2 3 3 3 2 2 4 5 3 3 1 0 0 0 0
"1066" 3 3 4 1 2 2 3 5 4 1 4 5 3 3 1 5 1 5 2 1 2 4 7 2 5 5 2 5 1 1 2 2 4 3 4 5 2 2 2 2 2 2 12 49 4 5 8 5 2 1 3 44 50 85 10 85 85 6 50 85 14 2 85 15 85 85 1 1 70 60 30 16 30 21 4 1 1 1 0 2 3 4 5 1 1 2 1 2 2 3 4 4 3 3 3 3 2 4 3 5 4 5 0 0 0 1 0
"1067" 3 5 6 2 2 2 3 3 2 2 2 2 3 2 2 3 3 3 2 5 5 3 4 2 2 5 1 5 3 4 3 3 3 3 2 4 57 51 64 99 53 96 92 55 93 94 53 92 67 58 91 75 75 97 71 96 55 93 56 94 93 94 93 89 95 98 95 74 96 98 94 57 96 97 1 0 1 0 0 2 5 7 4 3 3 1 3 3 3 4 2 1 5 4 2 2 2 2 2 5 3 5 0 0 0 0 1
"1068" 2 1 5 1 1 1 5 2 2 1 5 3 2 5 2 4 1 5 2 1 1 4 5 2 5 2 2 2 2 1 3 5 2 2 4 4 14 0 0 6 1 72 0 72 1 31 0 15 5 0 70 5 4 70 21 78 88 2 73 86 2 3 65 75 71 74 3 2 79 63 80 0 73 66 1 0 1 0 0 2 3 6 5 1 1 2 1 3 3 2 5 5 2 5 3 2 3 4 4 5 4 5 0 0 0 0 1
"1069" 3 2 5 1 2 1 1 4 1 1 2 5 3 1 1 1 1 5 1 3 5 5 7 1 1 1 1 5 1 1 5 3 5 1 5 5 19 2 70 0 61 71 35 72 0 0 51 84 15 0 14 61 31 1 0 85 31 2 0 100 92 1 0 100 59 49 0 0 0 0 0 0 0 0 1 0 1 0 0 2 5 4 5 5 5 3 1 2 1 1 5 5 1 3 2 1 1 5 5 5 5 5 0 1 0 0 0
"1070" 2 3 4 3 2 1 1 1 1 2 2 1 1 1 1 1 2 2 1 2 2 3 1 2 4 1 1 1 2 3 2 2 3 2 1 1 50 0 0 90 49 52 100 30 93 92 0 0 15 50 17 100 7 77 92 62 77 100 2 100 96 91 97 99 93 100 89 91 100 100 56 0 51 76 2 1 1 1 1 3 3 1 3 3 3 1 3 3 3 5 5 2 4 3 2 3 3 3 2 5 2 2 1 0 0 0 0
"1071" 2 1 4 3 2 1 1 1 1 2 1 2 1 1 2 2 3 3 1 1 1 3 4 1 5 5 1 5 1 3 3 1 5 1 3 2 0 0 0 100 100 0 100 0 100 100 0 0 100 0 0 85 50 100 100 50 95 100 0 100 100 95 100 100 100 100 100 100 100 95 95 0 100 95 3 1 1 1 1 3 1 2 3 3 3 2 2 2 2 3 5 5 3 5 5 3 5 5 4 5 3 4 1 0 0 0 0
"1072" 3 1 2 2 1 1 2 3 3 2 3 2 1 2 1 4 2 4 1 2 2 3 6 2 2 2 2 2 2 2 2 2 2 2 2 5 13 20 30 66 10 70 39 84 14 43 78 22 47 18 59 70 25 18 9 64 80 9 41 73 15 20 39 62 72 20 9 6 15 27 74 9 65 15 3 1 1 1 1 3 2 5 4 1 1 3 3 3 3 1 2 4 2 4 2 1 2 2 2 4 1 4 0 0 0 1 0
"1073" 2 1 2 1 1 1 1 1 1 1 4 1 1 4 1 1 3 5 1 4 3 3 7 1 1 1 1 1 1 1 3 1 1 3 3 3 0 49 53 100 36 100 0 100 0 100 53 100 99 47 100 16 100 0 100 100 85 100 100 100 100 83 100 41 53 60 100 100 66 65 100 0 100 100 3 1 1 1 1 3 4 4 5 3 3 1 3 2 2 5 1 1 5 5 1 1 2 5 1 5 1 1 0 0 0 1 0
"1074" 3 2 6 1 2 1 1 1 1 1 1 3 1 1 1 2 4 3 2 3 4 5 4 1 5 1 1 1 1 3 3 1 4 1 2 2 0 0 0 86 3 50 50 85 70 40 0 7 45 0 0 100 51 84 50 0 50 86 0 51 100 86 99 58 69 69 49 71 59 48 29 0 26 77 3 0 0 1 1 3 5 1 3 3 3 1 3 2 2 3 3 1 3 3 2 4 3 3 5 3 5 5 1 0 0 0 0
"1075" 2 1 2 1 1 1 1 1 1 1 1 1 1 1 1 1 2 1 1 1 1 5 1 3 1 1 1 1 1 1 4 2 1 2 1 1 85 74 68 100 64 83 76 81 70 83 36 93 83 84 85 99 100 14 18 78 97 97 75 79 89 100 97 83 65 75 16 13 82 71 53 69 80 68 1 1 1 1 1 1 2 7 1 3 3 2 1 2 1 2 3 3 2 2 2 4 2 3 4 2 2 3 0 1 0 0 0
"1076" 1 1 1 5 3 2 1 2 1 1 1 5 1 2 5 5 2 2 1 5 4 1 3 4 5 5 1 5 1 5 4 2 5 1 2 2 2 1 1 97 85 4 85 6 72 85 1 1 88 52 2 100 13 99 31 30 29 68 2 61 97 50 60 64 94 100 31 33 8 63 1 11 6 95 1 1 1 1 1 3 1 1 3 1 5 1 3 3 1 4 1 3 5 4 2 1 2 3 1 5 1 3 1 0 0 0 0
"1077" 1 1 2 4 3 3 1 4 2 4 2 4 2 2 3 4 3 1 1 2 3 3 1 2 5 5 1 5 2 2 3 1 5 1 4 5 0 0 0 50 50 40 14 0 60 50 0 0 95 60 0 100 4 95 50 50 50 50 0 4 50 85 50 60 50 50 50 50 50 50 3 3 3 85 2 1 1 1 0 3 5 3 4 5 5 1 3 3 1 4 2 2 4 3 2 4 5 5 1 3 3 3 0 1 0 0 0
"1078" 3 3 5 3 1 1 1 1 1 1 2 2 1 1 1 2 3 2 2 5 5 1 1 3 5 5 1 5 5 5 1 1 1 1 1 1 0 0 0 100 50 0 100 0 100 100 0 0 65 100 25 100 18 100 100 100 0 75 0 50 100 100 100 85 100 96 100 100 100 89 100 0 100 95 1 1 1 1 1 3 1 1 1 5 5 1 3 3 3 5 1 1 5 3 3 3 5 5 1 5 1 2 1 0 0 0 0
"1079" 2 1 2 1 1 2 2 2 1 1 1 2 1 2 1 2 3 3 2 3 4 3 1 1 3 1 1 2 1 4 5 3 3 1 3 2 48 57 50 55 54 51 49 71 17 52 51 88 52 71 53 52 96 47 50 63 47 50 51 58 93 64 91 57 51 54 51 50 56 53 53 53 63 53 1 1 1 1 0 1 3 4 3 5 5 1 1 2 3 2 2 2 3 2 2 2 2 1 2 1 1 5 0 0 0 1 0
"1080" 3 1 4 3 2 1 1 1 1 2 3 3 1 1 1 3 4 4 1 1 2 4 3 3 5 2 1 5 3 5 2 1 5 1 2 3 1 1 1 50 85 1 100 1 85 85 1 1 72 1 1 95 5 85 51 50 72 67 1 60 95 75 85 50 50 85 51 51 30 50 1 1 5 85 1 1 1 1 1 3 4 1 2 4 4 1 1 2 1 4 1 2 5 3 3 3 4 4 4 5 2 4 1 0 0 0 0
"1081" 2 1 5 1 3 1 5 1 5 3 3 5 4 3 1 5 1 5 1 1 5 1 7 2 5 1 3 5 1 1 5 5 5 5 3 4 0 0 0 0 100 2 100 100 0 48 100 0 0 0 0 0 49 100 50 0 0 0 71 100 100 0 0 100 0 0 100 100 0 0 0 0 0 0 1 1 1 1 1 3 4 1 3 3 3 3 1 1 1 1 5 5 1 4 2 1 3 3 5 1 5 5 1 0 0 0 0
"1082" 1 5 3 3 1 1 2 4 1 2 3 4 3 4 1 4 2 1 2 3 3 4 4 2 2 1 1 3 2 5 2 3 3 3 2 3 50 26 19 17 59 35 24 55 53 45 27 25 20 52 45 23 31 32 40 56 26 53 56 48 27 35 40 40 55 21 14 41 37 28 30 29 15 31 2 0 1 0 1 2 2 5 3 4 4 2 2 2 2 3 3 5 5 4 3 3 3 1 2 2 2 4 0 0 0 1 0
"1083" 1 4 4 2 1 1 2 2 1 3 5 5 5 4 1 4 3 3 2 2 3 4 7 1 3 5 1 5 4 5 1 3 3 3 2 3 52 53 50 52 52 51 51 53 51 52 52 49 52 50 52 51 71 54 52 53 64 53 51 50 51 69 38 52 99 53 52 52 51 51 54 53 52 52 3 1 1 1 1 2 5 4 3 3 3 1 3 2 3 2 2 2 4 5 1 1 2 2 1 2 2 1 0 0 0 1 0
"1084" 2 3 4 3 3 3 3 3 3 3 3 3 3 3 3 3 3 3 2 2 3 3 4 3 4 3 4 5 3 3 2 3 3 3 3 3 52 3 5 88 26 21 15 65 96 70 6 51 66 6 24 54 82 91 89 39 0 90 19 2 54 84 54 44 93 87 88 84 78 67 52 53 53 53 3 1 1 1 1 2 3 1 3 3 3 2 2 2 2 3 3 2 3 3 3 3 3 3 3 4 3 3 1 0 0 0 0
"1085" 1 5 4 3 1 1 2 4 1 2 3 4 3 4 1 4 2 1 2 3 3 5 4 2 3 3 1 4 2 5 3 3 3 3 2 3 27 24 52 66 31 39 24 22 27 39 33 19 26 13 18 45 29 47 29 49 50 28 17 14 34 52 18 26 31 32 22 49 40 18 49 40 50 26 2 0 1 0 1 2 2 4 3 4 4 2 2 2 3 3 4 5 5 3 2 4 3 1 2 4 2 4 0 1 0 0 0
"1086" 3 3 6 1 1 1 4 3 5 3 3 3 2 3 4 5 3 2 1 2 4 3 3 3 5 4 2 5 1 1 5 5 5 5 4 3 50 0 0 35 50 40 55 25 15 25 0 100 50 50 50 60 5 45 30 40 50 35 55 50 55 55 50 50 50 60 10 25 50 45 10 5 20 25 1 1 1 1 1 2 3 5 4 1 1 2 2 2 2 2 2 4 3 4 2 1 2 4 4 3 4 5 0 0 1 0 0
"1087" 1 3 3 3 3 1 3 5 3 1 3 5 3 3 2 4 3 3 2 5 5 1 4 5 5 5 5 3 3 1 5 3 3 3 5 5 50 50 51 50 49 51 50 49 51 51 51 50 49 50 50 50 50 51 52 51 50 50 50 51 48 51 51 51 50 50 49 50 51 50 49 50 50 49 1 0 0 0 0 2 3 4 3 3 3 2 2 2 2 3 3 3 3 3 3 3 1 1 3 3 3 3 0 0 0 1 0
"1088" 3 2 2 5 2 1 2 2 2 5 2 2 2 2 4 2 1 2 1 4 4 2 1 4 5 5 4 2 5 5 1 1 5 1 2 2 0 0 0 85 86 1 88 19 70 72 0 1 100 100 2 100 0 71 89 34 0 49 7 84 73 71 70 50 70 70 71 78 71 81 0 0 0 100 1 1 1 0 1 3 3 2 1 5 5 1 3 3 3 5 1 1 5 2 3 3 5 4 2 4 2 2 1 0 0 0 0
"1089" 3 3 4 1 2 2 1 1 1 1 2 2 2 1 1 3 3 2 1 1 1 3 3 2 3 3 2 4 1 1 4 1 2 2 3 4 40 51 50 50 50 70 60 85 50 40 60 50 40 60 96 60 70 50 50 85 85 70 70 75 85 70 70 100 60 60 50 30 60 60 70 30 70 41 2 1 1 1 0 3 3 4 4 2 2 2 2 2 2 2 3 3 3 2 3 3 4 4 5 5 3 3 0 1 0 0 0
"1090" 1 1 4 1 1 1 1 1 1 1 1 4 1 2 1 1 4 3 2 5 5 3 7 4 5 1 4 1 2 1 3 1 1 3 3 1 35 3 5 100 71 12 78 100 100 97 0 100 100 1 94 99 60 100 100 100 39 100 19 100 26 100 100 66 81 86 97 100 100 100 98 85 74 98 2 1 1 1 1 1 1 1 5 3 3 2 2 3 2 3 1 1 3 3 1 1 3 5 1 3 1 1 0 1 0 0 0
"1091" 2 3 4 3 2 2 3 1 3 3 4 3 2 4 2 2 3 2 2 2 3 3 5 3 5 3 2 5 3 3 3 4 4 4 2 2 44 4 45 72 86 28 99 45 81 98 19 3 53 13 33 55 46 93 72 55 67 53 53 78 86 78 81 67 74 68 86 80 69 71 52 40 51 49 2 1 1 1 0 2 5 1 4 3 3 1 3 3 2 4 2 3 4 3 2 3 4 4 2 5 2 3 1 0 0 0 0
"1092" 1 1 4 2 2 2 3 2 2 2 2 2 2 2 2 3 1 4 2 1 2 3 5 3 5 4 2 5 2 2 4 2 2 2 2 2 0 0 0 2 75 100 17 100 8 16 0 52 7 5 86 37 2 65 15 100 74 7 100 100 5 70 100 100 91 100 4 100 100 100 66 3 82 79 1 0 1 0 0 3 3 5 5 1 1 3 2 2 2 3 3 3 3 5 4 1 1 2 4 4 3 5 0 1 0 0 0
"1093" 3 3 5 3 2 2 4 3 3 3 3 3 3 3 3 3 2 2 2 2 2 4 3 4 3 4 3 4 3 3 2 2 2 1 3 3 14 16 16 30 31 52 53 41 42 51 17 41 33 28 61 39 70 49 51 73 67 49 51 68 39 52 50 50 51 50 39 51 50 50 60 17 59 59 3 1 1 1 1 3 2 4 4 4 4 2 2 2 2 2 2 4 3 5 3 2 3 4 3 3 4 4 0 1 0 0 0
"1094" 1 3 4 3 3 2 3 3 3 3 3 3 3 3 3 3 3 3 2 3 3 3 1 3 3 3 2 3 4 3 4 3 3 3 3 3 72 13 52 66 53 64 77 68 71 73 70 63 60 56 77 51 68 59 69 56 79 62 63 59 60 78 74 79 87 63 72 63 49 70 70 68 72 71 5 0 0 0 0 2 3 3 3 3 3 2 3 2 2 3 3 3 3 3 3 3 3 3 4 4 3 3 1 0 0 0 0
"1095" 2 2 3 3 4 3 3 3 2 2 2 2 2 2 3 3 4 2 2 4 4 4 5 3 3 3 3 3 3 3 2 3 3 3 3 3 58 30 20 15 56 58 15 30 56 20 63 45 5 62 50 5 74 15 52 50 15 30 54 60 100 63 35 54 52 52 30 25 60 40 72 52 80 72 3 0 1 0 1 3 2 1 2 3 2 2 2 2 2 2 2 4 4 3 3 3 3 3 1 3 3 3 1 0 0 0 0
"1096" 1 1 7 2 1 1 5 2 1 2 3 2 2 4 2 5 1 4 3 3 3 4 6 1 4 4 3 1 1 2 5 3 1 3 4 2 0 15 5 0 25 65 75 80 0 0 10 95 0 0 50 30 75 0 0 75 75 45 50 85 71 10 75 75 50 50 0 0 75 9 95 0 75 45 1 0 1 0 0 2 3 7 5 1 1 3 1 2 2 1 5 5 1 5 3 1 1 1 3 3 5 5 0 0 0 0 1
"1097" 3 1 4 3 2 1 1 1 1 4 1 2 1 3 1 3 3 2 1 4 5 3 1 4 5 5 1 5 3 5 2 1 5 1 2 4 0 0 0 88 86 0 100 0 91 86 0 0 100 100 0 100 0 100 87 61 15 100 0 71 78 92 100 85 100 100 90 92 100 91 0 0 24 88 1 1 1 1 1 3 4 1 4 5 5 1 3 3 2 5 1 1 5 3 3 5 5 5 4 5 1 4 1 0 0 0 0
"1098" 2 1 3 2 1 1 3 3 1 1 5 3 1 3 2 4 3 2 2 2 2 5 5 3 1 3 2 3 2 1 3 1 5 2 2 1 40 40 40 70 15 85 85 85 15 40 85 85 100 15 85 70 100 0 15 85 70 85 50 60 85 70 15 85 50 79 15 15 40 40 15 15 15 40 2 1 1 0 1 3 3 7 5 5 5 1 3 2 2 1 1 3 1 3 1 1 1 5 2 4 1 1 0 0 0 0 1
"1099" 3 2 4 5 1 1 1 5 2 3 1 5 1 1 3 2 3 3 1 4 4 3 2 2 5 5 1 5 4 5 1 1 5 1 2 3 1 1 1 99 99 1 100 1 100 51 1 1 100 100 2 92 15 75 88 16 40 71 1 59 100 61 51 51 50 100 100 100 50 61 3 10 17 87 3 1 1 1 1 3 3 1 4 3 3 1 3 3 3 5 1 3 5 1 5 1 2 3 4 3 3 3 1 0 0 0 0
"1100" 3 1 5 3 2 2 2 2 1 2 3 2 2 2 3 2 2 3 1 2 2 5 5 2 4 2 1 5 2 3 3 1 3 2 4 4 0 0 0 30 50 30 60 10 90 60 15 0 40 0 40 60 40 75 50 85 70 85 0 60 60 85 40 90 60 80 50 50 70 30 40 0 35 60 2 1 1 1 1 3 3 1 2 3 3 1 3 3 2 4 2 2 4 3 3 4 3 3 3 3 3 4 1 0 0 0 0
"1101" 2 1 2 3 1 1 1 1 2 2 3 2 1 1 2 2 2 1 1 1 2 4 4 3 5 5 1 5 3 2 3 1 4 2 2 1 0 0 0 71 82 24 91 39 87 85 0 4 5 31 32 77 30 86 85 67 87 55 19 61 91 83 84 70 85 69 85 87 86 77 41 15 51 43 3 1 1 1 0 3 3 3 2 3 4 1 3 2 2 4 2 2 4 4 4 4 2 4 4 4 2 3 1 0 0 0 0
"1102" 3 3 4 1 1 1 5 3 3 1 1 1 1 3 1 3 1 5 3 2 3 5 6 1 3 1 1 4 1 1 5 5 1 3 4 2 0 0 0 0 0 62 10 50 22 0 0 49 0 0 91 69 50 38 50 91 83 0 51 48 1 4 71 52 77 49 5 41 79 17 94 0 93 9 1 1 1 1 1 3 3 6 5 1 1 1 1 2 1 1 5 5 1 5 3 2 2 2 4 5 4 5 0 0 0 1 0
"1103" 3 3 4 2 2 1 3 1 2 2 3 5 2 3 1 5 3 3 2 2 3 4 4 3 5 3 2 3 2 2 5 3 3 3 4 4 6 11 8 25 7 89 1 50 4 2 50 57 13 3 86 6 59 5 5 89 67 21 54 90 22 52 44 89 47 66 2 1 62 17 40 4 20 6 2 1 1 1 1 2 3 6 5 2 4 2 2 2 2 3 3 3 2 4 2 2 3 2 4 4 3 5 0 0 0 1 0
"1104" 2 1 4 1 1 1 3 4 1 1 2 1 1 1 2 5 3 5 2 1 1 5 7 2 2 1 1 5 1 1 4 2 2 3 4 3 0 0 0 0 0 50 0 48 0 0 0 0 0 0 52 0 50 55 0 60 78 38 70 52 0 17 49 51 59 50 0 0 49 0 85 0 90 50 2 1 1 0 0 2 3 4 3 1 1 2 2 2 2 1 5 5 1 3 3 3 2 4 5 5 4 5 1 0 0 0 0
"1105" 2 3 3 2 2 1 2 2 2 2 2 2 2 2 1 2 4 3 2 4 4 4 5 3 5 3 3 5 3 2 4 3 3 3 1 2 30 0 15 90 50 50 50 50 60 50 30 40 50 50 0 70 40 60 60 70 40 50 40 60 60 50 80 60 60 70 60 60 70 70 70 70 85 70 3 1 1 1 1 3 2 1 5 1 2 1 2 2 2 2 2 3 3 5 3 3 2 3 1 5 2 4 1 0 0 0 0
"1106" 3 1 4 1 1 1 5 1 5 1 1 1 1 2 1 2 1 5 2 1 1 5 4 1 1 5 3 3 1 1 5 3 3 3 4 2 0 0 0 0 50 100 31 100 0 0 0 0 0 0 100 42 100 0 0 100 100 16 100 100 0 16 100 100 100 100 0 0 100 71 100 0 100 72 1 0 1 0 0 1 3 6 5 1 1 2 2 2 2 1 5 5 3 1 3 1 3 2 5 5 5 5 0 0 0 1 0
"1107" 3 2 4 1 3 1 5 4 4 2 4 3 3 4 2 4 1 5 1 1 1 5 6 1 4 3 2 5 1 1 5 2 1 3 4 3 0 0 0 0 75 80 15 91 22 77 0 10 2 0 77 54 49 94 24 92 88 50 70 92 24 40 92 92 92 92 21 25 92 70 88 0 90 20 1 1 1 0 0 2 3 5 5 5 5 2 2 2 2 1 5 5 2 4 3 3 2 3 5 5 5 4 0 0 1 0 0
"1108" 2 2 5 1 1 1 5 1 2 1 1 4 1 2 2 3 1 3 2 1 2 5 7 1 3 5 2 2 1 2 4 4 1 4 2 4 49 23 50 11 44 100 22 60 16 50 33 62 13 13 50 31 50 40 21 100 85 50 86 94 27 73 78 70 70 84 15 23 80 72 100 50 75 34 1 1 1 0 0 2 3 6 5 1 2 2 2 3 2 1 4 4 3 4 3 3 2 3 2 5 5 5 0 0 1 0 0
"1109" 1 1 4 1 1 1 4 3 4 1 5 4 1 5 1 3 1 5 1 1 3 5 6 4 5 3 1 5 1 1 3 4 4 5 4 5 0 0 0 0 87 66 24 51 12 2 25 5 0 0 51 30 63 78 30 78 92 26 34 76 60 49 85 90 84 94 8 0 77 50 50 0 60 18 2 0 1 0 0 2 1 4 5 1 1 2 2 2 2 1 4 5 2 4 4 3 2 4 5 3 5 5 1 0 0 0 0
"1110" 3 3 2 4 2 1 4 2 3 1 5 5 3 5 1 5 3 3 2 5 5 1 4 5 5 5 5 5 2 3 3 5 5 3 5 5 0 0 0 100 50 50 50 51 0 100 0 50 50 0 50 1 50 50 0 100 0 0 50 50 50 50 100 0 0 0 0 0 50 0 0 50 0 50 3 0 1 1 1 2 5 4 5 1 1 1 3 1 1 5 1 1 5 5 1 3 5 5 5 5 1 5 1 0 0 0 0
"1111" 1 1 4 1 2 2 4 2 1 2 3 3 2 3 2 3 2 4 2 1 2 4 5 3 4 4 2 3 1 1 3 5 3 3 3 3 50 0 0 0 8 50 0 77 50 50 0 50 44 0 17 50 38 50 50 100 100 37 89 85 3 61 82 94 50 50 50 50 50 50 50 0 50 50 2 0 1 0 0 2 3 7 5 1 1 2 2 2 2 3 3 3 3 5 3 1 3 2 4 5 4 5 0 0 0 0 1
"1112" 3 1 7 1 2 1 1 3 3 2 2 2 2 2 1 3 1 4 1 1 1 4 5 1 4 4 1 5 1 1 2 1 4 2 2 3 3 2 3 15 51 51 50 51 9 50 2 4 3 2 15 29 50 41 10 60 91 40 31 84 41 50 70 70 70 85 29 5 77 50 41 2 60 40 2 1 1 1 1 3 1 3 4 2 4 2 2 3 2 2 5 5 2 2 3 4 1 3 2 5 4 5 0 0 1 0 0
"1113" 3 2 4 4 2 1 2 1 1 3 3 4 1 3 3 2 3 3 1 3 3 3 4 5 5 5 1 5 4 3 2 3 5 3 1 4 0 0 0 76 50 0 100 0 95 85 0 0 60 0 0 60 0 85 50 33 40 50 0 50 95 50 50 50 50 50 50 50 25 65 40 0 50 50 2 1 1 1 0 3 3 1 3 4 5 1 3 2 2 5 1 1 5 3 3 3 3 3 1 5 2 2 1 0 0 0 0
"1114" 2 1 6 1 2 2 5 5 4 2 4 3 4 3 1 5 1 5 1 1 1 4 7 2 4 3 3 4 1 1 5 2 2 5 4 2 0 50 8 0 48 100 100 92 3 41 50 50 16 0 58 14 58 49 29 77 100 14 100 100 15 37 50 53 50 54 26 50 85 3 85 0 95 1 2 1 1 1 0 2 3 6 5 1 1 2 2 2 2 2 5 5 2 4 3 1 1 2 5 3 4 5 0 0 0 1 0
"1115" 3 1 4 3 1 1 3 1 1 3 4 4 1 4 1 4 3 4 1 1 1 2 5 3 4 5 1 5 2 2 3 2 3 2 2 4 3 0 0 16 52 38 100 30 49 38 2 0 0 0 0 85 15 70 49 92 85 50 72 100 99 96 50 50 72 50 60 69 70 51 50 50 50 50 1 0 1 1 1 2 5 3 5 4 4 1 3 3 3 3 3 2 3 5 1 1 2 1 1 5 3 2 1 0 0 0 0
"1116" 3 2 5 3 1 1 3 3 3 2 3 3 2 3 1 3 3 3 2 3 3 3 1 3 5 5 5 5 3 3 3 3 3 3 2 3 0 0 0 40 50 65 23 54 50 48 0 57 24 26 52 50 51 52 50 57 42 41 44 11 58 53 100 56 48 49 50 52 51 51 49 46 50 44 1 1 1 1 1 2 3 1 5 3 3 1 3 3 1 5 1 1 5 5 3 3 3 5 5 5 3 5 1 0 0 0 0
"1117" 1 1 4 1 1 1 1 5 5 1 5 5 1 5 1 5 1 5 2 1 2 5 7 1 2 1 5 2 1 1 5 3 1 5 3 1 1 1 1 1 1 100 85 100 1 51 1 4 1 1 100 30 51 2 2 100 100 0 100 100 0 1 85 85 85 92 2 3 85 62 100 0 100 1 1 1 1 1 1 3 3 5 5 1 1 3 1 1 2 1 5 5 1 5 1 1 1 2 4 5 5 5 0 0 0 1 0
"1118" 3 1 4 1 2 2 5 3 1 1 2 2 3 2 2 4 1 5 1 1 2 5 6 2 5 3 5 5 1 1 2 1 1 5 4 2 16 0 0 16 50 73 44 100 0 50 0 55 15 0 56 56 70 50 30 98 89 29 65 100 3 46 100 100 100 99 20 23 95 15 100 0 94 15 1 0 1 1 0 2 2 5 5 1 1 2 3 2 2 3 5 3 2 5 3 3 2 3 4 5 3 5 0 0 1 0 0
"1119" 3 1 4 3 1 1 1 1 1 2 3 3 1 1 1 3 3 3 1 5 5 1 1 4 5 5 3 5 2 2 3 1 4 1 1 1 1 1 1 100 100 1 100 1 100 100 1 1 100 100 1 100 1 100 100 1 1 1 1 100 100 50 100 48 100 100 100 100 50 50 50 1 50 100 4 1 1 1 1 3 3 1 3 2 2 1 3 3 2 5 1 1 5 4 2 4 2 5 1 5 1 1 1 0 0 0 0
"1120" 3 1 2 1 3 1 5 1 5 1 1 1 1 1 1 5 1 5 3 1 1 5 7 1 4 1 1 5 1 1 5 5 1 2 5 1 0 0 0 0 50 99 0 99 0 31 0 14 0 14 93 14 86 51 40 99 97 8 97 96 0 15 94 97 95 96 15 40 96 11 96 0 98 39 1 0 1 1 0 2 3 6 5 1 1 2 2 2 2 1 5 5 3 5 4 3 2 4 3 4 5 5 0 0 0 0 1
"1121" 1 3 3 1 2 1 3 3 1 1 4 3 4 4 2 3 1 5 1 1 1 5 7 1 4 1 3 5 1 1 5 2 2 5 2 3 0 1 2 0 100 0 52 100 0 9 15 71 1 1 14 71 26 0 0 12 96 14 72 94 52 17 41 96 30 65 0 1 72 5 69 0 70 4 1 1 1 0 0 3 3 4 5 1 1 1 3 3 2 2 5 4 2 4 3 2 1 5 5 4 4 5 0 1 0 0 0
"1122" 2 3 3 1 1 2 4 4 2 2 1 5 4 2 2 5 1 5 2 3 4 4 4 3 5 3 5 5 2 3 5 5 5 1 4 4 4 4 10 24 51 67 50 89 45 40 31 45 0 8 48 42 55 55 46 81 62 79 40 76 8 34 76 80 73 79 46 46 59 79 25 10 70 71 1 1 1 1 1 3 4 5 5 2 2 2 2 2 2 4 4 4 4 3 4 4 3 4 5 5 4 5 0 0 0 1 0
"1123" 1 1 7 1 1 1 2 1 1 1 1 2 1 2 1 2 2 3 3 1 1 5 7 1 5 1 2 5 1 1 2 2 1 5 2 5 4 8 19 10 16 95 13 85 5 85 11 4 10 52 85 93 89 20 7 100 100 64 86 86 70 85 85 88 95 28 14 16 100 53 100 10 100 61 1 0 1 0 0 2 3 6 5 2 2 2 2 2 2 1 5 5 3 5 3 3 3 5 1 4 5 5 0 0 0 1 0
"1124" 2 1 7 1 1 1 5 1 5 1 5 5 1 5 1 5 2 5 3 2 2 4 7 1 4 2 1 1 1 1 5 5 5 5 3 4 2 3 1 1 0 100 0 96 0 2 3 82 2 1 100 85 57 1 1 98 99 70 99 92 1 60 94 99 97 93 1 2 3 80 65 53 51 50 3 0 0 1 1 3 4 7 5 5 5 2 2 2 2 2 5 5 1 5 1 2 2 5 3 5 5 5 0 0 0 0 1
"1125" 2 2 4 1 1 1 5 5 3 3 2 3 3 4 3 2 2 3 3 2 2 3 5 3 5 2 3 5 1 1 4 3 2 3 3 3 50 14 30 53 14 83 83 72 52 62 49 51 47 49 95 73 85 34 41 100 84 84 90 86 84 80 82 70 82 78 28 40 69 52 100 30 89 49 2 1 1 0 1 3 3 6 5 1 1 2 2 2 2 2 5 5 1 5 3 2 2 3 5 5 4 5 0 0 0 1 0
"1126" 3 2 4 3 3 3 3 3 3 3 3 3 3 3 3 3 2 3 2 3 3 3 5 3 5 4 3 4 1 3 5 3 3 3 3 3 55 4 52 0 1 5 42 21 64 53 49 1 0 38 7 5 55 2 0 1 69 41 63 6 56 3 56 64 2 40 1 60 2 0 3 5 2 6 3 0 0 0 0 2 3 5 3 3 3 2 2 3 2 4 3 2 3 3 2 2 3 3 3 3 3 3 1 0 0 0 0
"1127" 3 3 4 1 1 1 2 5 2 2 2 1 3 1 2 3 1 4 2 2 3 4 4 4 4 5 1 1 1 1 5 1 1 1 2 3 0 0 0 13 17 60 0 17 62 57 0 0 16 0 0 50 0 82 14 100 42 50 50 61 50 61 41 63 30 100 0 0 70 31 87 41 73 61 1 1 1 1 0 3 5 6 5 1 1 3 1 1 2 1 2 4 2 5 1 1 5 5 1 5 3 5 0 0 0 0 1
"1128" 2 3 2 2 2 2 4 2 2 3 4 5 2 5 2 5 3 4 2 1 3 3 6 1 5 5 1 5 2 2 2 5 5 5 5 5 26 6 14 14 46 50 51 51 43 56 15 15 46 9 32 14 51 80 69 76 84 54 61 97 61 50 84 86 80 82 60 54 80 83 50 50 50 50 2 0 1 1 1 2 3 4 5 5 5 2 2 2 2 2 4 4 3 4 3 3 2 4 4 3 5 4 0 1 0 0 0
"1129" 3 2 4 1 1 1 5 1 1 1 3 3 1 3 1 3 1 5 1 3 3 4 7 1 4 1 2 2 1 1 3 5 2 3 3 3 0 0 0 0 50 100 0 100 0 16 0 50 0 0 50 0 50 15 0 50 70 40 100 100 0 40 50 100 100 50 0 0 50 40 85 0 49 0 1 0 1 1 0 3 3 5 5 1 1 2 2 2 2 1 5 5 1 5 3 2 3 4 4 5 5 5 0 0 0 1 0
"1130" 1 5 4 3 3 3 3 3 3 3 4 3 3 4 3 3 4 3 1 2 3 3 2 2 5 5 2 5 3 5 3 3 3 3 2 4 4 0 0 50 100 3 100 32 84 35 8 4 50 100 1 88 38 98 50 50 64 70 17 53 69 50 95 84 100 89 50 92 50 97 2 50 50 87 3 1 1 1 1 2 3 3 3 3 3 1 3 3 2 4 2 2 5 5 4 3 3 5 4 5 3 3 1 0 0 0 0
"1131" 1 3 2 2 1 2 2 2 1 2 1 2 1 2 2 1 2 1 1 2 1 4 2 2 2 1 1 1 2 2 1 1 2 2 1 1 91 93 90 88 87 92 91 91 96 94 87 93 97 93 91 77 87 96 86 73 81 100 83 86 89 86 92 94 97 98 81 96 96 98 90 79 94 93 2 1 0 1 1 1 1 5 2 2 1 2 1 1 1 2 1 1 3 1 2 1 1 2 2 1 2 3 0 0 0 0 1
"1132" 3 5 1 1 1 1 2 3 1 2 3 1 5 3 1 3 5 4 1 5 5 1 1 3 5 3 2 5 1 3 4 3 1 3 2 4 4 0 8 53 99 100 100 87 32 61 5 70 70 33 59 96 100 42 32 88 14 14 100 64 12 69 76 74 62 88 5 31 100 60 80 0 53 40 1 1 1 1 1 1 5 1 5 3 2 2 2 1 2 1 3 3 2 5 3 2 3 1 3 5 3 5 1 0 0 0 0
"1133" 2 1 3 1 2 2 2 1 1 1 1 2 1 2 2 2 3 2 1 2 2 3 2 1 2 3 2 1 2 1 3 4 4 2 4 5 61 52 61 69 51 60 66 57 65 52 71 52 66 54 75 50 63 86 52 81 83 60 53 62 53 55 78 68 61 76 74 75 65 67 50 50 50 76 1 1 1 1 1 3 4 6 5 1 1 2 2 2 2 3 4 4 3 3 4 1 2 1 1 2 2 2 0 0 0 1 0
"1134" 3 1 1 4 2 1 1 2 2 4 2 2 2 1 3 2 3 3 1 3 4 3 1 4 5 5 3 5 3 4 1 1 5 1 1 3 0 0 0 100 100 50 100 35 100 100 0 0 100 80 11 100 12 100 100 100 58 75 2 100 100 100 100 100 100 100 100 100 100 100 100 5 100 100 1 1 1 0 1 2 5 2 1 5 5 1 3 2 2 4 1 2 5 3 4 3 3 4 1 3 1 3 1 0 0 0 0
"1135" 1 2 2 2 2 2 2 2 2 2 3 3 2 3 2 3 2 1 2 2 2 3 1 1 1 2 2 2 2 3 3 3 3 2 3 3 36 52 29 31 35 21 27 22 71 18 42 19 35 19 59 29 70 17 19 42 64 52 74 18 31 65 73 30 26 43 18 16 20 55 43 60 34 43 2 0 0 1 0 1 3 5 4 2 4 2 2 2 2 2 2 2 2 2 1 1 2 2 3 2 2 2 0 0 0 0 1
"1136" 1 1 1 1 1 1 1 1 1 1 1 1 1 1 1 1 3 3 3 2 3 3 7 1 1 1 1 1 1 1 1 1 1 1 1 3 89 100 100 100 100 95 98 100 99 87 100 100 100 100 100 99 94 100 97 100 96 100 100 100 94 76 99 100 93 100 99 86 100 88 94 100 98 100 3 0 0 0 0 2 4 1 3 5 3 3 2 2 2 3 3 3 3 3 3 3 3 3 5 5 3 3 0 0 0 0 1
"1137" 2 5 4 3 2 2 3 3 2 3 5 3 3 4 3 4 4 4 3 3 3 3 2 4 3 3 2 3 3 3 3 3 3 3 3 3 58 39 26 45 51 71 39 33 86 74 61 81 41 26 44 76 77 100 85 42 45 48 80 61 72 55 42 100 53 40 78 43 32 48 46 68 52 73 3 0 0 0 1 3 4 5 3 3 3 2 2 2 2 3 3 3 3 3 3 3 3 3 4 4 3 3 0 0 0 1 0
"1138" 3 2 6 2 2 2 2 2 2 2 3 2 2 3 3 3 3 3 1 3 4 3 6 3 5 2 1 4 2 1 5 2 2 2 3 4 50 0 6 66 49 53 52 49 70 25 0 18 30 12 50 87 31 61 59 60 50 48 52 60 68 51 72 69 60 60 60 51 66 60 85 30 59 45 3 1 1 1 1 3 4 3 3 3 2 1 2 2 2 2 4 2 2 5 2 2 3 3 4 5 2 5 0 1 0 0 0
"1139" 1 1 3 2 2 2 3 1 2 2 3 3 2 3 3 3 3 2 2 4 4 4 5 4 4 3 2 5 2 2 2 2 3 3 2 2 6 2 3 96 5 95 92 7 90 84 7 86 40 75 71 70 79 83 78 69 22 85 4 92 91 89 99 81 83 69 73 91 82 62 70 52 72 49 1 1 1 1 1 2 3 1 3 3 3 1 3 2 2 3 4 2 4 4 2 2 3 4 2 2 3 4 1 0 0 0 0
"1140" 3 2 4 1 2 1 1 1 1 1 1 1 1 1 1 1 3 3 3 2 3 4 7 3 4 1 1 2 1 3 4 4 3 5 1 1 39 3 4 30 1 48 71 60 63 55 35 77 19 4 71 31 46 84 11 94 44 44 72 42 73 75 55 70 39 21 44 31 47 14 16 6 9 14 3 1 1 1 1 3 3 4 5 3 5 3 3 3 2 2 2 4 2 3 3 2 2 2 1 2 2 1 0 1 0 0 0
"1141" 1 5 4 1 1 1 5 2 1 4 2 5 5 2 5 5 3 3 1 4 4 3 7 4 5 3 2 5 1 1 5 3 3 3 2 4 47 0 14 50 51 55 85 52 45 53 42 39 50 52 65 53 61 43 52 74 51 57 43 51 50 67 42 72 100 55 18 66 41 2 52 45 52 51 2 1 1 1 1 2 5 1 3 3 3 2 2 2 1 3 3 4 3 3 3 1 3 3 2 5 3 5 1 0 0 0 0
"1142" 1 1 5 2 1 3 1 1 2 4 2 4 1 2 2 4 3 2 1 1 2 2 3 5 5 1 2 1 5 5 1 1 1 1 1 2 7 1 5 100 100 25 82 72 56 61 1 4 35 1 13 66 40 100 98 45 80 100 62 76 84 100 100 100 100 100 87 99 84 62 100 65 100 100 1 0 1 1 1 3 2 2 4 3 3 2 3 3 3 4 2 2 5 5 5 3 5 2 1 5 2 2 1 0 0 0 0
"1143" 3 2 3 1 1 1 1 1 2 1 1 1 2 1 1 5 1 4 3 1 2 5 7 2 3 4 3 1 1 1 4 1 1 4 4 1 85 100 100 0 0 100 0 100 0 0 100 100 0 2 100 14 41 0 0 100 100 29 100 100 50 61 50 100 49 50 0 0 100 0 100 5 100 14 2 1 1 0 0 1 3 7 5 1 1 3 1 2 2 1 5 5 1 3 5 1 1 1 3 4 5 5 0 0 0 0 1
"1144" 3 2 5 1 1 1 1 1 1 1 3 1 2 2 1 1 4 3 2 2 2 5 7 2 4 2 1 2 3 3 2 3 3 3 3 1 40 0 0 37 39 28 59 17 100 29 1 23 16 0 39 81 65 99 100 100 100 77 5 56 94 76 40 28 100 99 83 70 45 51 33 19 52 17 5 1 1 1 1 2 2 4 5 3 3 2 2 2 2 1 1 5 1 4 2 1 4 4 3 3 1 5 0 1 0 0 0
"1145" 3 2 3 4 3 1 2 4 3 2 3 3 2 4 2 4 2 3 1 2 2 5 6 2 2 2 2 2 2 2 2 3 3 3 3 4 48 38 58 93 41 63 67 70 0 56 61 67 62 70 90 55 69 3 2 95 64 56 54 67 87 66 90 38 44 64 3 10 43 36 50 12 78 21 2 1 1 1 1 1 2 4 5 1 4 2 1 1 2 2 2 2 2 4 2 2 3 2 1 3 3 3 0 1 0 0 0
"1146" 3 5 3 2 2 2 4 2 2 2 1 5 1 4 3 1 2 1 1 3 1 3 7 4 3 4 3 5 1 3 5 2 3 5 5 1 48 29 24 84 16 65 84 5 76 75 42 26 46 61 79 100 67 19 20 100 67 77 80 78 100 82 62 68 57 69 21 63 73 95 18 45 31 55 4 0 0 0 0 2 5 7 5 1 1 1 2 3 1 1 1 5 3 5 3 1 1 5 2 2 1 3 0 1 0 0 0
"1147" 2 3 4 2 1 1 3 3 1 1 3 4 2 2 2 5 3 3 1 3 5 1 6 4 1 1 2 2 1 1 5 3 3 1 2 1 0 0 7 31 8 6 7 68 0 0 0 6 16 7 32 0 63 4 17 42 8 2 7 19 0 38 28 16 21 13 0 4 16 2 0 9 13 1 5 0 0 0 0 1 3 4 3 4 3 2 3 2 2 3 2 1 5 4 3 1 3 3 5 5 3 4 0 1 0 0 0
"1148" 1 1 7 2 1 1 1 2 1 1 1 1 1 1 1 1 3 4 1 1 1 5 2 2 5 5 1 5 3 5 1 1 1 1 1 1 1 0 3 79 58 87 46 23 75 80 1 71 24 3 72 80 98 77 90 100 97 89 3 84 100 98 58 88 86 85 79 91 90 83 83 2 90 93 1 1 1 1 1 2 2 3 5 3 3 1 3 2 3 5 1 1 5 5 3 1 5 1 1 5 3 5 0 1 0 0 0
"1149" 3 2 7 1 1 1 2 5 4 1 3 4 5 5 1 5 3 5 2 1 2 3 1 1 4 1 1 1 1 1 5 5 5 5 1 1 3 2 4 1 4 1 3 100 6 2 6 2 3 5 5 4 3 9 7 100 100 8 100 5 6 16 6 60 9 16 2 6 14 15 17 4 8 9 1 1 1 1 0 3 5 7 5 1 1 2 2 2 2 5 5 5 5 1 3 5 2 5 5 5 5 5 0 0 0 0 1
"1150" 3 1 2 2 1 1 3 3 2 2 1 4 2 3 1 1 1 4 1 1 1 5 6 2 5 5 2 5 1 1 5 5 5 1 1 4 53 3 26 2 80 84 47 99 50 3 3 32 10 3 16 62 78 73 59 18 97 69 96 94 32 74 51 100 90 93 47 66 17 98 3 14 3 91 1 0 1 0 0 1 3 3 2 2 2 2 3 3 1 1 5 5 1 5 5 1 1 1 2 5 4 5 1 0 0 0 0
"1151" 3 3 4 3 1 1 5 3 3 3 5 2 2 4 3 4 2 4 1 3 3 3 5 1 4 5 1 5 3 4 4 3 4 3 4 3 12 0 0 10 50 40 40 60 85 40 0 0 25 50 15 50 50 50 50 16 50 15 85 50 25 50 50 50 40 85 50 50 60 35 50 50 50 50 1 1 1 0 0 3 3 4 3 1 1 2 2 2 2 1 5 4 2 5 4 4 3 3 5 5 4 5 0 1 0 0 0
"1152" 3 2 4 3 1 1 2 3 3 2 3 3 3 3 3 3 3 3 2 4 4 3 4 2 3 3 3 3 3 3 3 3 3 3 3 3 18 6 9 63 11 54 18 40 24 23 8 7 24 2 56 10 7 10 16 98 30 20 55 40 48 31 80 44 17 17 21 34 10 18 29 27 22 19 1 0 0 0 0 2 4 4 3 3 3 2 2 2 2 3 3 3 3 3 3 3 3 3 4 5 3 3 0 0 0 1 0
"1153" 1 1 1 1 1 1 1 1 1 1 1 2 1 2 1 2 3 3 2 2 3 5 1 1 5 5 1 5 1 2 5 3 3 3 2 4 63 0 0 100 52 99 98 22 99 98 3 5 78 7 100 12 52 99 98 98 51 100 4 98 52 100 97 95 84 88 99 100 76 63 40 50 50 45 3 1 1 1 1 2 3 3 3 3 3 2 2 2 2 3 5 3 5 5 3 1 3 3 4 5 5 5 1 0 0 0 0
"1154" 2 3 6 3 2 1 4 3 1 1 2 4 2 3 2 3 3 3 1 3 3 2 7 4 5 5 2 5 3 5 2 4 4 3 2 3 43 3 2 38 69 17 12 18 41 20 13 14 52 32 34 19 52 56 20 77 47 37 25 50 59 38 51 43 98 22 52 57 60 40 40 33 39 36 3 1 1 1 1 3 3 1 3 3 3 2 2 2 2 3 3 4 3 5 2 2 3 5 4 4 2 4 1 0 0 0 0
"1155" 2 3 4 1 1 1 1 2 1 2 2 1 1 3 1 1 3 2 2 5 5 1 7 4 5 5 3 5 1 1 5 5 5 5 3 3 99 100 100 0 100 0 0 100 0 0 0 100 100 0 0 100 0 0 0 0 0 0 100 100 100 100 0 100 100 0 0 0 0 0 0 0 0 0 1 0 0 0 0 1 3 1 5 1 1 2 2 2 2 2 2 3 3 5 5 2 3 2 5 4 3 3 1 0 0 0 0
"1156" 2 2 4 3 1 1 4 1 1 1 4 4 2 4 1 5 3 1 2 3 2 2 6 2 5 5 1 4 3 3 3 4 3 3 5 5 44 15 49 84 51 53 53 13 47 60 14 42 46 48 88 39 83 80 80 72 74 48 52 86 84 51 75 84 76 86 55 82 50 42 48 36 46 56 2 0 1 1 1 2 4 6 3 3 3 2 2 2 2 3 3 3 4 4 3 1 2 2 4 5 5 4 0 0 0 1 0
"1157" 2 3 5 3 2 1 3 1 1 1 3 3 3 3 1 3 3 3 3 3 3 3 4 3 3 2 2 3 3 3 2 3 3 3 2 3 4 17 11 7 2 0 10 41 7 35 14 9 5 4 83 49 100 0 17 100 34 5 14 52 84 40 29 33 22 100 12 1 100 12 100 6 100 7 3 1 1 1 1 2 3 3 3 3 3 2 2 2 2 3 3 3 3 4 2 2 3 3 4 3 3 3 0 0 0 1 0
"1158" 2 1 4 1 1 1 1 1 1 1 1 3 1 1 1 4 3 2 3 2 1 4 4 1 2 3 1 3 2 3 2 3 3 3 3 3 50 49 64 100 50 51 74 100 53 76 81 100 51 49 100 100 49 73 50 100 51 100 48 62 60 68 40 71 100 53 70 100 60 18 58 32 100 29 2 1 1 1 1 2 3 7 3 3 3 2 2 2 2 3 3 3 4 5 2 1 2 3 4 4 1 3 0 0 0 0 1
"1159" 3 1 4 1 1 1 3 3 1 1 2 3 1 2 1 2 2 3 2 1 2 5 4 2 4 4 1 5 1 2 4 3 2 2 4 4 50 0 0 0 45 67 62 74 51 31 0 18 23 0 50 52 28 71 68 75 64 52 54 57 15 52 65 67 64 62 52 66 63 62 60 0 60 51 2 1 1 1 1 3 5 4 5 1 5 2 2 2 2 3 3 3 3 3 3 3 3 2 2 5 3 5 0 0 0 1 0
"1160" 1 3 2 2 2 1 2 2 2 1 1 2 2 2 1 1 4 2 2 3 3 3 7 3 3 3 3 4 3 3 3 3 3 3 2 3 71 63 69 88 57 50 49 47 3 70 80 4 61 49 67 51 69 7 5 88 53 70 54 69 86 80 84 94 57 60 53 17 82 86 59 53 69 70 2 1 1 0 0 1 1 7 2 3 2 2 2 2 2 3 3 2 3 3 3 1 2 2 4 4 1 1 0 0 0 0 1
"1161" 1 5 4 2 2 2 4 5 4 2 4 3 4 2 3 3 2 4 2 2 3 5 5 4 5 4 3 5 1 1 5 1 3 3 2 2 8 3 3 31 14 53 52 38 35 40 5 7 5 3 40 25 60 60 41 70 73 24 41 84 24 29 71 70 71 72 30 32 71 70 51 3 52 50 1 1 1 0 0 3 1 5 5 1 5 1 3 3 3 3 4 3 3 4 3 2 3 4 3 3 4 5 0 0 0 1 0
"1162" 1 1 4 1 2 2 1 1 1 1 1 1 1 1 1 1 2 3 1 2 2 4 7 4 5 3 1 5 3 4 4 1 1 2 1 1 52 0 63 100 85 95 98 0 100 38 0 87 68 54 95 73 40 86 100 91 85 50 0 72 100 85 100 63 100 100 72 72 99 100 93 0 92 89 2 1 1 1 1 3 3 1 3 3 3 1 3 3 2 2 2 1 5 5 3 5 2 5 2 5 1 3 1 0 0 0 0
"1163" 2 1 4 3 3 2 1 3 1 2 4 3 2 4 3 4 3 2 2 2 2 3 5 3 4 3 1 5 2 4 4 4 4 3 3 2 8 0 0 35 49 94 99 1 91 66 1 16 31 9 41 8 24 96 74 82 56 68 0 81 91 69 80 87 81 83 91 63 83 50 82 6 81 55 3 1 0 1 1 3 3 2 2 2 3 2 3 2 2 2 2 3 1 5 2 1 2 2 3 5 3 3 1 0 0 0 0
"1164" 3 4 6 4 4 2 1 1 2 4 3 4 1 3 3 3 4 3 1 5 5 3 4 3 5 5 1 5 3 5 3 2 2 2 1 3 0 1 0 60 100 0 89 1 97 53 1 0 50 0 0 52 29 68 52 9 20 52 1 72 99 68 50 53 51 51 56 52 62 51 72 17 85 61 2 1 1 1 1 2 5 1 2 3 3 1 3 3 2 3 2 2 4 4 4 3 3 4 2 5 3 3 1 0 0 0 0
"1165" 3 3 4 1 1 1 4 2 2 2 3 4 3 1 3 5 3 2 2 4 4 4 1 4 5 4 3 4 2 2 4 4 4 4 3 3 53 18 49 99 41 100 88 65 62 62 55 53 54 52 98 76 38 44 46 100 20 66 50 85 41 55 88 99 85 85 44 53 91 53 30 53 43 41 1 0 1 1 1 2 5 5 4 1 1 1 3 2 2 5 3 4 5 5 2 1 4 4 5 3 5 4 0 1 0 0 0
"1166" 3 3 4 3 2 1 1 1 2 3 3 2 1 2 2 3 2 3 1 1 3 4 2 3 5 4 2 5 2 3 2 1 3 2 2 2 1 0 0 58 69 10 85 15 50 79 0 0 62 50 0 30 28 50 50 65 67 59 0 51 95 67 62 59 66 71 50 51 59 64 51 7 70 61 2 1 1 1 1 3 3 2 2 3 3 1 3 1 2 5 1 1 5 4 5 3 3 5 3 3 2 4 1 0 0 0 0
"1167" 2 2 4 1 1 1 2 5 1 1 4 4 1 5 1 4 3 3 2 2 3 3 5 3 5 1 1 5 1 1 5 4 5 5 4 4 49 50 0 0 0 49 100 100 0 50 50 50 0 0 51 50 50 50 50 50 100 49 99 50 100 0 50 51 51 50 50 51 50 51 50 50 50 50 1 0 1 0 0 2 4 1 5 5 1 3 1 2 2 1 5 5 1 5 3 1 2 4 4 5 5 5 0 0 1 0 0
"1168" 2 2 1 4 5 1 1 1 1 5 4 1 1 1 2 4 2 5 1 2 3 3 4 4 5 5 1 5 2 5 1 1 3 1 3 1 0 0 0 100 100 0 100 0 100 100 0 0 50 0 0 85 30 100 100 0 50 85 0 15 100 85 50 30 100 100 100 100 100 50 50 0 50 50 1 1 1 1 1 3 1 1 4 3 3 1 3 3 2 5 1 1 5 3 3 4 5 5 4 3 1 3 1 0 0 0 0
"1169" 2 2 6 4 1 1 2 4 3 1 4 3 1 2 3 5 3 3 2 4 5 1 1 5 5 5 1 5 2 3 4 5 2 2 4 5 0 0 0 51 0 21 9 0 0 71 0 0 0 0 49 100 0 74 76 100 0 48 75 100 100 100 100 100 100 100 71 59 98 100 99 100 100 100 1 0 0 0 0 1 5 4 1 3 3 2 2 3 2 1 5 5 5 5 5 3 5 5 5 5 5 3 0 0 0 1 0
"1170" 2 1 7 2 1 1 2 2 1 1 2 3 1 2 1 1 3 1 1 2 3 5 1 3 5 1 1 5 1 1 4 3 3 3 2 2 50 0 0 100 50 100 50 100 100 99 0 100 50 0 100 100 100 50 50 100 100 100 100 100 100 100 100 75 100 100 49 40 100 100 50 50 50 50 1 1 1 1 1 2 3 1 5 1 1 2 2 2 2 1 3 3 1 5 2 1 3 3 2 5 1 3 1 0 0 0 0
"1171" 2 1 4 3 2 3 1 1 1 2 2 2 1 3 1 1 2 2 1 3 2 3 3 4 5 5 1 5 3 5 1 1 3 1 2 3 0 0 0 61 86 16 86 16 85 100 0 0 61 52 0 71 29 60 72 41 71 62 0 70 100 70 86 50 62 52 62 87 52 51 50 31 49 51 1 1 1 1 1 2 3 1 4 3 3 1 3 3 2 4 1 1 5 4 3 3 5 5 1 2 1 4 1 0 0 0 0
"1172" 3 1 4 1 2 1 2 3 3 1 3 1 3 3 2 2 1 2 2 1 2 5 6 2 2 2 1 5 1 1 5 1 1 1 3 3 1 5 9 66 83 73 84 79 83 84 4 8 67 4 77 88 48 84 90 79 89 5 72 82 86 16 90 86 93 91 82 87 86 91 88 3 88 50 1 1 1 1 1 3 1 6 4 4 5 1 3 3 2 2 1 2 2 3 5 1 3 4 2 1 2 2 1 0 0 0 0
"1173" 2 2 5 1 2 2 5 1 5 1 2 2 2 4 2 4 1 5 3 2 2 5 5 1 2 2 1 5 1 2 3 4 1 3 4 2 15 0 0 15 15 70 85 50 30 30 15 50 15 15 50 30 50 40 15 100 85 40 50 85 15 30 50 50 50 100 15 15 100 50 100 0 100 30 3 0 1 1 1 3 3 6 5 1 1 2 1 1 2 2 5 4 3 4 4 4 3 3 3 3 4 5 0 0 1 0 0
"1174" 3 4 4 2 2 1 3 1 2 1 3 3 3 3 2 2 1 4 1 2 3 1 3 4 5 5 3 5 2 3 3 4 4 3 3 5 15 0 0 50 50 30 85 50 50 10 0 10 20 15 50 50 50 50 50 50 50 10 50 50 80 50 90 80 85 90 50 50 70 75 50 50 50 50 1 0 1 1 0 2 5 2 5 1 2 1 3 3 2 4 1 1 2 4 3 3 2 2 4 5 4 4 1 0 0 0 0
"1175" 2 4 5 1 2 1 5 3 3 2 5 5 2 5 3 5 1 4 3 2 2 3 7 1 2 2 1 1 1 1 5 4 4 3 5 4 2 1 3 2 3 82 12 52 1 4 1 93 2 1 76 3 17 2 1 100 75 6 59 93 2 4 21 78 45 53 2 1 22 2 43 1 51 0 1 0 0 0 0 1 2 7 5 1 1 3 1 1 1 1 5 5 1 5 5 5 5 5 4 4 5 5 0 0 0 0 1
"1176" 2 2 4 4 1 1 2 1 1 1 3 2 1 3 1 2 3 3 2 3 4 3 4 3 3 2 2 1 4 4 3 3 4 3 4 3 40 3 3 77 36 30 37 48 43 29 20 28 19 20 56 40 43 19 37 46 19 37 19 33 71 38 79 63 32 36 20 7 56 43 48 54 55 49 4 1 1 1 1 2 4 7 3 3 4 2 2 2 2 3 3 3 3 4 3 3 3 3 4 4 3 3 0 0 0 0 1
"1177" 1 1 4 1 2 1 1 1 1 1 1 1 1 1 1 1 2 3 1 1 2 3 3 2 5 3 1 5 1 1 1 1 5 1 2 2 0 0 0 91 100 13 98 0 91 62 0 100 65 0 36 51 9 100 100 57 71 51 0 63 100 76 87 61 60 85 100 94 77 73 40 41 43 70 1 0 1 0 1 1 4 2 2 3 3 1 3 2 2 4 1 3 5 1 4 5 2 3 2 5 2 3 0 0 1 0 0
"1178" 2 2 4 1 3 3 2 5 3 2 4 2 3 4 3 5 2 2 2 3 4 4 6 2 3 2 2 5 1 1 5 3 3 3 2 2 6 1 2 18 2 54 59 6 58 45 4 22 24 2 31 42 51 40 26 65 41 63 7 32 75 83 75 47 36 32 25 18 48 20 44 5 27 12 2 1 1 1 1 3 4 1 3 3 3 1 3 2 2 3 2 2 4 4 2 2 2 3 4 4 4 3 1 0 0 0 0
"1179" 2 1 4 1 2 2 5 1 3 3 2 2 1 2 2 4 1 5 3 1 1 5 5 3 4 4 3 2 1 2 5 1 1 2 4 2 0 0 0 13 82 79 86 60 7 35 0 35 6 0 87 14 72 79 57 84 87 44 79 85 0 23 85 85 85 85 73 80 92 86 93 0 76 77 1 0 1 0 0 1 3 7 5 1 1 2 2 2 2 2 2 4 3 5 4 2 3 3 5 4 3 5 0 0 0 0 1
"1180" 3 5 4 5 2 1 4 3 3 3 3 3 3 4 3 4 2 3 2 3 5 3 3 4 5 5 5 5 5 5 1 3 3 3 3 3 19 0 0 26 0 12 27 22 44 29 0 0 9 24 36 16 11 42 30 96 0 0 42 48 37 35 46 32 92 45 25 36 56 0 14 0 14 13 1 0 1 1 1 2 5 4 3 3 3 2 3 3 2 3 3 3 3 3 3 3 3 3 2 5 3 3 1 0 0 0 0
"1181" 1 3 4 3 1 1 1 1 1 1 2 3 1 2 2 3 2 2 1 4 4 4 2 4 5 5 1 5 2 4 4 1 5 1 4 4 0 0 0 25 50 0 71 0 50 50 0 0 50 50 0 100 0 50 50 50 10 70 0 50 65 50 50 50 50 50 50 50 50 50 0 0 50 50 1 1 1 1 1 3 3 3 5 3 3 1 3 3 2 5 2 3 2 3 2 3 5 4 5 5 3 5 1 0 0 0 0
"1182" 3 3 4 4 1 1 1 1 3 2 2 3 1 2 2 4 2 2 1 5 5 3 2 4 5 4 1 5 3 5 2 1 4 1 3 3 0 0 0 58 100 0 100 30 90 60 0 0 60 60 0 90 15 100 100 30 5 70 0 50 100 90 100 50 100 100 100 100 50 30 36 0 60 70 1 1 1 1 1 2 3 1 3 5 5 1 2 2 2 3 2 3 4 3 4 3 3 3 4 5 2 3 1 0 0 0 0
"1183" 2 1 4 1 2 1 3 3 1 4 5 5 1 5 1 5 1 3 1 3 4 3 7 4 4 1 2 3 1 1 5 5 5 5 5 5 0 0 0 0 0 33 60 100 0 0 0 0 0 0 14 0 69 0 0 12 41 0 100 100 39 60 46 77 60 66 0 0 80 0 0 0 0 0 1 1 1 1 1 3 3 4 5 1 1 3 2 2 2 1 5 5 1 3 5 1 1 1 5 5 5 5 0 0 0 1 0
"1184" 3 2 4 2 2 1 2 2 2 1 5 3 2 5 2 3 2 3 1 2 3 4 6 4 5 5 2 3 1 2 5 2 4 3 2 3 8 3 4 47 60 48 52 48 52 49 7 48 8 3 7 29 6 38 47 76 74 17 3 80 50 54 87 86 86 86 52 52 83 73 43 14 28 50 2 1 1 1 1 3 3 4 5 5 5 1 3 3 3 3 3 3 3 4 1 1 2 3 5 5 2 5 1 0 0 0 0
"1185" 2 3 5 1 1 1 5 5 1 1 5 5 1 5 1 5 1 5 1 3 4 4 7 1 4 1 1 5 1 1 5 5 2 5 4 3 0 16 0 0 24 21 51 100 0 0 1 100 0 0 28 10 40 0 0 96 61 14 59 100 11 6 14 100 26 59 0 0 30 0 100 0 100 0 1 1 1 1 1 3 2 3 5 1 1 3 1 2 2 1 5 5 1 5 2 1 1 1 5 5 5 5 0 1 0 0 0
"1186" 2 2 2 2 1 1 1 3 1 2 2 2 1 2 2 2 4 2 1 3 3 4 1 2 1 2 1 2 1 2 3 2 2 2 1 2 50 40 42 72 33 53 60 71 16 52 70 14 64 43 62 72 80 30 16 70 65 71 72 62 71 86 70 72 49 63 14 16 50 50 61 52 60 40 3 1 1 1 1 3 2 5 5 1 1 1 3 2 2 2 2 2 3 5 2 1 2 4 1 5 1 1 0 1 0 0 0
"1187" 2 1 4 1 1 1 1 1 1 1 1 1 1 1 1 1 4 4 2 2 4 3 3 4 5 5 1 5 4 5 2 4 4 2 2 2 6 0 1 69 38 62 53 58 96 59 2 23 47 45 69 55 39 77 40 100 31 69 22 79 81 86 57 41 84 21 40 47 59 66 67 0 73 82 3 1 1 1 1 3 4 1 3 3 3 2 2 2 2 3 2 3 3 3 3 3 3 3 4 4 3 4 1 0 0 0 0
"1188" 3 1 4 5 3 5 1 1 1 3 1 5 1 1 5 1 1 1 1 3 3 3 1 2 5 1 1 5 3 5 1 1 5 1 1 5 0 0 0 53 56 0 100 0 100 100 0 0 100 56 0 100 17 100 100 53 51 100 0 65 100 100 50 52 65 63 100 100 53 100 0 100 0 100 1 1 1 1 1 1 3 1 1 5 5 2 3 3 2 5 1 1 5 5 3 3 5 5 1 5 1 1 1 0 0 0 0
"1189" 1 2 4 1 2 1 3 3 1 1 2 2 3 2 1 3 1 5 1 1 1 4 6 3 4 3 1 5 1 2 3 1 1 4 3 2 7 7 0 0 4 63 31 70 31 53 4 30 0 1 31 16 61 53 42 80 89 17 84 100 39 31 84 81 79 75 30 40 83 70 70 0 84 30 1 1 1 1 0 1 3 4 5 1 1 2 2 2 2 2 5 4 2 4 3 2 3 3 4 3 4 5 1 0 0 0 0
"1190" 3 1 3 1 1 1 5 1 4 2 3 3 2 4 3 4 1 5 2 1 1 4 7 2 4 2 2 1 1 1 3 5 2 4 3 2 1 1 1 1 50 100 1 85 10 5 1 70 1 1 100 5 30 50 50 90 85 3 90 84 1 5 100 85 100 100 5 5 90 50 100 1 100 15 1 0 1 0 0 2 3 6 5 1 1 2 2 2 2 2 5 5 2 5 3 3 4 3 3 3 4 5 0 0 0 1 0
"1191" 3 2 4 2 3 1 1 1 1 1 4 4 1 4 4 4 3 2 1 4 3 5 1 2 5 5 2 5 1 2 4 3 3 3 5 5 0 0 0 50 50 0 70 10 50 50 0 50 0 50 0 100 0 50 50 50 50 85 0 50 100 85 50 50 50 50 50 50 50 50 50 0 50 50 2 1 1 1 1 2 3 1 5 1 1 2 3 3 2 4 3 4 4 4 4 3 4 4 3 5 1 5 1 0 0 0 0
"1192" 2 1 4 1 1 1 1 1 2 1 2 1 1 2 2 1 2 4 2 4 5 5 7 2 5 1 1 5 3 5 1 2 3 3 1 1 0 0 31 58 51 0 0 69 85 88 3 0 30 50 0 87 40 54 69 70 16 77 50 51 30 52 73 49 85 91 66 78 68 41 0 0 0 1 1 1 1 1 1 3 5 1 5 1 5 1 3 3 1 5 2 2 5 4 5 1 3 2 2 3 1 1 1 0 0 0 0
"1193" 2 1 4 1 2 1 2 2 1 1 2 2 1 2 2 3 3 3 3 1 3 5 7 2 5 4 3 5 1 1 3 3 5 1 4 4 50 0 0 90 0 0 18 0 0 50 0 0 50 50 100 100 70 0 0 100 90 50 0 50 85 80 90 70 85 60 0 0 50 70 50 0 50 50 3 1 0 1 0 3 3 2 5 1 1 1 3 3 2 4 2 3 4 5 2 1 2 4 2 5 2 5 1 0 0 0 0
"1194" 3 1 6 1 2 1 5 4 3 1 3 2 5 3 1 4 1 5 2 1 1 5 6 2 5 2 2 5 1 1 2 2 3 5 4 1 0 0 0 0 0 80 70 95 35 40 0 40 0 5 100 20 75 45 10 100 95 50 95 100 15 15 100 100 100 100 5 5 100 20 100 0 100 10 1 0 1 0 0 2 4 5 5 1 2 2 2 3 1 1 5 4 2 5 3 1 2 3 4 3 5 5 0 1 0 0 0
"1195" 2 2 4 1 1 1 4 2 3 1 3 3 2 3 1 3 1 5 1 3 2 5 6 2 5 1 3 5 1 1 2 4 3 4 4 3 0 0 0 0 50 70 0 50 0 50 0 0 0 0 47 50 60 50 30 70 85 39 50 49 0 50 50 50 50 50 30 41 49 50 70 0 70 0 3 1 1 0 0 2 3 7 5 1 1 2 1 2 2 2 5 5 3 4 3 3 3 2 5 5 4 5 0 0 0 1 0
"1196" 1 1 4 1 2 1 5 5 1 1 2 1 1 5 1 5 1 5 2 1 1 5 7 1 5 2 1 5 1 1 5 5 1 5 4 1 0 0 0 0 50 50 85 50 15 0 0 0 0 0 85 5 65 65 0 95 100 0 90 95 0 0 85 85 80 95 0 0 95 85 100 0 100 0 1 1 1 1 1 3 4 4 5 1 1 3 1 1 3 1 5 5 1 5 2 2 2 2 4 3 4 5 1 0 0 0 0
"1197" 3 4 5 3 2 2 3 1 1 1 2 1 1 2 1 2 2 4 1 2 2 4 5 3 5 5 1 5 3 3 3 3 1 4 3 2 30 0 0 47 50 15 95 10 50 90 0 15 45 40 20 50 40 50 50 50 70 45 10 49 100 50 50 50 50 50 49 45 100 42 85 0 75 20 1 1 1 1 0 3 5 2 4 2 2 1 3 3 3 4 1 2 5 2 3 4 4 4 2 4 3 4 1 0 0 0 0
"1198" 2 3 5 3 3 3 1 1 1 3 2 1 1 1 1 1 3 1 1 2 2 3 3 3 5 4 2 5 3 5 3 1 3 1 2 2 3 3 0 72 51 40 90 18 68 85 3 3 49 51 31 75 51 53 53 52 67 71 3 52 100 76 51 51 52 50 50 49 53 50 52 2 51 51 2 1 1 1 0 2 3 5 3 5 5 1 3 3 2 4 1 4 5 4 5 5 4 5 3 5 1 3 1 0 0 0 0
"1199" 2 2 4 1 2 1 5 5 2 2 4 3 1 4 2 5 1 5 1 1 1 5 7 2 4 2 2 5 1 1 3 2 1 5 5 3 0 1 0 0 53 64 2 88 7 2 0 0 2 0 54 0 55 54 34 56 100 35 96 100 0 34 53 55 55 55 4 34 55 55 56 0 56 21 1 0 1 0 0 1 3 5 5 1 1 2 2 2 1 1 5 5 3 5 4 1 1 2 5 5 5 5 0 0 0 1 0
"1200" 3 2 4 2 1 1 2 1 1 2 3 1 1 3 2 1 4 3 2 3 2 5 5 4 5 5 2 5 2 3 4 4 4 2 1 1 12 7 14 53 94 92 79 36 87 50 6 2 48 52 49 79 45 95 84 52 99 75 55 64 99 80 96 96 100 90 79 93 99 78 51 47 50 52 1 1 1 1 1 2 4 2 5 4 4 1 3 2 3 2 3 1 5 3 4 3 2 5 2 5 1 2 1 0 0 0 0
"1201" 1 2 4 3 2 3 2 1 1 2 2 1 1 1 2 3 2 4 2 1 1 4 4 2 4 5 1 5 2 3 4 1 4 1 2 3 1 1 0 60 50 93 70 50 90 93 1 1 50 1 49 50 50 95 50 97 85 55 50 85 91 50 96 99 95 96 50 50 97 75 85 1 76 57 3 1 1 0 1 3 3 1 3 2 2 1 2 2 2 3 3 3 5 4 4 3 5 5 4 3 3 4 1 0 0 0 0
"1202" 3 4 4 1 2 3 4 1 2 2 3 5 1 1 2 4 1 2 1 1 2 5 4 2 5 4 1 5 1 2 4 1 5 2 4 4 22 5 2 22 90 5 95 64 66 40 5 5 38 15 5 65 30 78 50 51 82 70 40 78 92 52 65 80 64 72 51 57 46 31 23 22 26 21 1 1 1 1 0 2 3 2 5 1 3 2 2 2 1 2 3 4 2 3 5 3 4 2 3 4 3 4 1 0 0 0 0
"1203" 3 1 2 1 2 1 1 2 1 1 1 1 1 1 2 1 3 3 1 1 3 5 3 2 5 3 2 5 3 3 5 2 2 1 1 1 0 0 2 49 88 22 90 66 79 85 0 1 19 0 9 92 16 75 69 77 71 84 13 97 92 100 74 67 53 89 41 62 93 89 87 2 50 63 2 0 1 0 1 3 2 2 3 2 2 1 3 3 3 3 2 3 3 5 4 2 2 2 2 4 3 4 1 0 0 0 0
"1204" 1 3 4 3 1 1 2 1 1 3 4 2 1 4 3 2 1 3 2 3 5 3 3 4 5 5 2 5 3 5 1 5 5 2 1 4 0 0 0 70 50 0 70 0 70 60 0 0 50 40 0 50 0 50 50 15 40 5 0 50 85 40 50 50 50 50 50 50 50 50 0 15 50 52 1 0 1 0 0 2 5 4 5 2 2 1 3 3 2 5 1 2 5 4 5 3 5 5 1 5 3 4 0 0 1 0 0
"1205" 3 2 4 1 3 2 5 3 2 3 5 5 2 5 2 5 1 3 1 1 2 4 6 3 5 3 2 5 1 2 4 5 5 5 4 5 0 0 0 3 51 49 37 70 0 81 4 0 0 0 4 51 1 81 5 80 100 0 92 100 41 14 82 85 78 89 0 0 90 63 4 2 5 4 1 0 1 0 0 3 3 5 5 1 1 3 1 2 2 2 5 5 1 5 3 2 3 2 4 5 5 5 0 0 0 1 0
"1206" 2 2 3 4 2 2 1 1 2 2 3 2 1 2 3 3 2 2 1 3 3 3 4 3 5 4 2 5 3 4 3 1 4 2 2 2 1 0 0 45 55 1 100 1 92 100 0 1 33 3 0 100 44 93 78 54 55 55 16 64 100 72 87 65 89 93 78 88 88 90 78 2 75 44 2 1 1 0 1 2 2 2 3 3 3 1 3 3 2 5 2 3 5 3 5 5 5 5 4 5 2 4 1 0 0 0 0
"1207" 2 1 2 3 3 3 1 1 2 3 3 2 1 2 2 2 3 2 1 2 3 3 1 4 5 4 1 5 3 4 2 1 3 2 1 1 0 0 0 87 100 0 100 17 100 100 0 0 89 100 15 73 32 100 100 86 54 100 0 42 100 89 100 100 100 100 100 100 88 88 42 0 44 43 1 1 1 0 1 3 3 1 1 3 3 1 3 3 3 4 1 2 5 1 4 3 3 3 4 3 1 3 1 0 0 0 0
"1208" 3 1 7 1 2 1 1 1 2 1 1 1 1 2 2 1 4 3 1 2 2 4 4 2 5 5 2 5 2 3 3 2 4 2 2 1 28 4 3 54 96 98 99 83 88 87 8 18 53 49 64 96 89 81 87 94 83 80 31 95 97 96 90 97 91 98 86 93 97 87 95 21 93 87 2 1 1 1 1 3 3 3 3 3 3 2 3 2 1 1 3 3 2 3 3 3 4 5 3 5 3 3 1 0 0 0 0
"1209" 1 2 4 1 3 2 1 1 1 2 3 2 1 1 2 3 4 4 1 1 3 3 4 4 5 5 2 5 2 5 3 1 2 2 3 3 0 0 0 78 50 0 100 15 100 90 0 0 71 91 0 94 60 100 100 15 71 70 10 74 98 85 100 100 100 100 100 85 100 74 60 0 60 52 1 1 1 1 1 3 1 2 3 4 4 1 3 3 2 2 5 2 4 2 4 5 4 5 2 5 4 4 1 0 0 0 0
"1210" 2 1 4 1 1 1 1 1 1 1 3 2 1 3 2 3 4 3 1 1 2 5 6 3 5 2 2 5 1 1 3 4 5 4 3 3 51 9 8 71 49 51 71 78 69 52 49 50 55 51 51 76 60 51 51 49 86 87 77 87 84 61 59 76 52 83 50 49 51 50 50 46 46 52 1 0 1 0 0 1 2 1 3 2 2 2 2 2 2 1 5 5 3 3 3 2 2 3 5 5 3 4 1 0 0 0 0
"1211" 1 1 2 1 1 2 1 1 1 1 2 1 1 3 3 1 2 4 2 1 3 4 7 1 1 1 1 4 3 1 1 2 1 2 2 3 52 57 70 60 14 100 50 54 50 51 69 72 61 37 85 56 53 61 50 87 87 82 100 52 35 51 60 100 44 26 51 45 70 50 50 50 51 51 3 1 1 1 1 1 2 7 2 2 4 1 2 3 3 1 1 1 4 1 4 2 2 1 3 5 4 1 0 1 0 0 0
"1212" 1 1 2 1 2 1 5 1 1 1 3 2 4 5 1 5 1 5 2 1 3 5 7 2 5 3 1 5 1 1 3 5 1 5 5 1 0 0 0 0 0 99 0 95 0 10 0 75 1 0 86 65 75 0 0 95 87 5 85 94 0 40 65 90 85 90 0 0 92 5 88 0 87 0 1 0 1 0 0 2 1 6 5 1 1 3 1 2 1 1 5 5 1 5 2 1 1 2 2 5 5 5 0 0 0 1 0
"1213" 3 1 3 1 1 1 5 3 1 1 4 4 5 4 1 5 1 5 2 2 2 5 7 1 1 4 4 3 1 1 5 4 2 2 4 3 1 2 2 2 8 86 3 87 2 5 2 78 3 3 87 2 52 1 2 98 77 3 29 97 2 3 52 90 49 26 3 1 16 5 72 2 70 9 1 0 1 0 0 1 5 6 5 1 1 3 1 1 1 1 5 5 1 4 2 1 2 2 4 4 5 5 0 0 0 1 0
"1214" 1 3 4 2 2 2 2 1 2 2 4 3 2 3 3 3 2 3 1 2 3 2 4 1 5 5 2 5 3 2 5 2 4 3 2 4 4 0 1 0 77 7 70 2 36 46 18 2 4 10 6 51 78 72 49 53 73 69 54 53 79 79 53 100 35 54 50 35 85 50 41 43 52 27 2 1 1 1 1 3 1 2 3 3 3 1 3 2 2 2 4 3 3 4 2 1 2 2 3 3 4 4 1 0 0 0 0
"1215" 3 3 2 3 3 2 1 1 2 4 2 3 1 2 5 3 2 3 1 3 4 1 2 4 5 5 2 5 2 5 2 1 5 1 2 3 0 0 0 85 50 0 85 15 85 60 0 0 70 50 0 85 50 50 50 50 30 50 0 50 86 60 50 50 50 50 50 50 50 50 15 2 40 60 1 0 1 1 1 1 3 1 1 5 5 1 3 3 3 5 1 1 5 3 5 5 4 5 4 5 2 3 1 0 0 0 0
"1216" 3 1 7 1 1 1 1 1 1 1 1 1 1 1 1 1 3 4 2 4 5 2 7 4 5 5 1 5 1 1 5 1 1 1 1 1 16 0 0 17 0 17 16 64 19 4 0 64 55 51 18 54 73 54 17 54 19 73 54 65 87 52 16 52 54 52 0 5 53 20 73 17 64 43 1 0 1 1 1 1 5 1 3 3 3 3 1 2 3 5 1 1 4 5 5 1 1 1 2 3 1 1 1 0 0 0 0
"1217" 1 1 4 1 2 1 5 4 4 1 2 2 3 4 1 4 1 5 2 1 1 5 4 1 2 4 2 5 1 1 3 4 2 4 3 1 0 0 0 0 50 85 90 30 40 15 15 0 15 0 50 28 30 50 50 100 92 31 92 100 15 15 85 91 71 87 15 15 88 41 90 3 100 4 1 1 1 1 0 3 3 5 5 1 1 3 1 3 2 2 5 5 2 2 2 1 1 4 3 5 5 4 0 0 0 1 0
"1218" 2 5 4 5 1 1 5 5 5 4 5 5 5 5 4 5 3 3 1 3 3 3 3 4 5 5 4 5 3 3 3 3 3 3 5 5 50 0 0 50 50 50 50 50 50 50 0 50 50 50 50 50 50 50 50 50 50 50 50 50 50 50 100 100 100 100 50 50 100 50 50 50 50 50 1 0 1 1 1 2 3 2 3 3 3 2 2 2 2 3 3 3 3 3 3 3 3 3 3 5 3 4 0 1 0 0 0
"1219" 2 1 4 1 2 3 5 1 1 1 3 3 1 3 1 3 1 4 2 1 1 5 7 3 3 4 1 5 1 1 5 3 2 3 4 3 0 0 0 0 3 100 3 88 0 1 0 7 1 0 75 17 49 69 83 86 100 48 97 97 8 50 84 83 81 85 85 88 98 61 93 0 85 1 1 1 1 0 0 2 1 6 5 1 1 2 2 2 2 1 5 4 1 5 2 1 2 5 2 5 4 5 0 0 0 1 0
"1220" 2 2 3 1 2 2 5 3 3 2 3 5 4 3 3 5 1 4 2 1 2 4 5 2 4 2 2 5 1 1 3 1 1 5 3 4 0 1 1 0 50 95 7 50 49 5 0 4 0 0 63 53 61 50 50 98 91 16 92 92 2 49 50 50 92 74 50 49 96 2 96 0 96 0 1 0 1 1 0 3 3 6 5 1 1 2 1 2 2 1 5 4 2 4 3 2 2 3 5 5 4 5 0 0 0 1 0
"1221" 1 1 4 2 2 2 1 1 1 2 4 2 1 1 5 3 4 3 1 3 2 4 5 3 4 3 2 5 2 4 4 1 5 3 3 4 0 0 0 61 100 0 99 0 98 87 0 0 62 0 0 49 59 100 100 50 70 71 0 70 100 85 100 100 100 100 100 50 100 40 40 0 50 51 4 1 1 1 1 2 3 2 3 3 3 1 3 3 3 4 3 2 3 3 3 5 3 3 4 3 3 3 1 0 0 0 0
"1222" 2 1 7 1 4 1 3 5 4 1 3 3 3 2 1 4 1 5 2 1 1 5 7 2 2 2 2 4 1 3 5 1 3 1 3 4 4 2 3 2 18 3 21 5 2 34 3 22 5 1 32 2 91 4 8 93 90 4 28 93 25 31 52 98 76 94 2 4 73 35 85 11 79 69 1 0 1 1 0 2 1 5 5 1 1 1 1 2 2 1 5 5 2 5 3 1 1 3 3 2 4 4 0 0 0 1 0
"1223" 3 1 5 2 1 1 5 1 5 1 4 1 5 3 1 4 5 4 2 1 2 4 4 2 2 4 2 3 1 3 3 4 1 5 3 1 0 0 0 61 50 100 0 50 50 52 3 51 16 0 100 50 50 50 50 100 100 50 50 100 0 50 100 100 100 100 50 50 100 50 100 6 100 42 1 1 1 0 1 2 4 7 5 1 1 2 2 2 2 3 3 4 5 5 2 1 2 4 1 3 4 5 0 0 0 0 1
"1224" 3 2 4 1 3 1 3 1 4 4 3 4 4 3 3 4 2 3 1 1 1 4 4 4 5 5 3 5 1 3 3 2 3 2 4 5 0 0 0 0 99 60 100 85 85 51 1 0 40 0 50 60 50 100 100 100 100 85 60 100 60 70 100 100 100 99 70 100 85 70 70 0 70 60 2 1 1 1 0 3 5 3 3 4 4 2 2 2 2 2 5 3 3 2 5 5 2 4 3 5 3 4 1 0 0 0 0
"1225" 2 3 4 3 3 2 4 4 3 2 4 3 3 4 4 4 3 4 2 1 3 3 4 4 4 4 1 4 3 3 3 3 3 3 3 2 1 1 1 50 52 29 52 2 36 61 1 31 34 1 3 49 31 51 39 51 65 33 4 50 50 49 49 41 40 40 35 33 36 38 9 8 7 10 4 1 0 1 0 3 3 3 3 3 3 1 2 2 2 2 2 3 3 3 2 3 3 4 2 3 4 4 1 0 0 0 0
"1226" 2 1 4 2 3 3 1 1 2 3 2 2 2 2 2 2 2 2 2 1 3 3 3 4 5 5 1 5 2 4 2 1 3 1 3 3 0 0 0 75 50 15 80 11 90 90 0 0 90 40 10 76 41 51 50 70 70 75 0 52 90 90 77 75 75 77 49 50 90 50 63 0 75 85 2 1 1 1 0 2 1 1 3 3 3 1 3 2 2 5 1 2 5 2 5 5 2 4 2 5 2 3 1 0 0 0 0
"1227" 3 1 2 4 2 1 1 1 1 5 1 3 1 3 1 1 3 4 1 5 5 1 1 5 5 5 3 5 5 5 1 3 5 1 1 2 0 0 0 100 52 17 100 0 100 100 0 0 100 55 9 100 0 100 100 50 0 100 0 95 100 100 100 23 100 100 100 100 100 100 0 50 50 100 1 0 1 0 1 1 5 1 1 5 5 1 3 3 2 5 1 1 5 2 5 5 5 5 2 5 1 2 1 0 0 0 0
"1228" 1 1 7 2 3 3 2 2 2 1 3 2 2 2 2 4 4 2 2 2 1 5 7 3 3 2 1 5 2 4 2 1 2 4 4 4 0 0 0 0 0 6 0 0 0 0 0 0 0 0 0 0 0 0 0 100 100 0 2 0 72 70 0 7 85 0 0 0 84 0 71 0 60 0 2 1 1 1 1 3 1 3 4 2 4 1 2 3 2 2 2 2 2 2 3 2 2 4 4 3 3 3 0 0 0 1 0
"1229" 2 1 2 3 2 2 3 1 4 3 2 1 1 1 2 5 4 4 1 3 3 3 4 2 5 5 3 5 1 2 3 1 1 3 4 3 2 0 3 62 75 100 100 43 66 100 1 12 62 34 1 88 16 77 44 8 65 63 43 71 100 44 70 68 81 80 76 78 73 0 68 0 68 14 2 1 1 1 1 3 4 1 5 1 2 1 3 2 3 2 3 4 3 2 3 5 4 4 2 3 3 4 1 0 0 0 0
"1230" 3 2 1 2 3 2 2 2 1 2 1 3 3 1 1 3 4 4 1 2 2 3 3 4 4 5 1 5 4 5 1 2 5 1 3 3 51 0 1 54 65 26 100 21 100 100 22 11 75 50 50 100 49 100 50 48 86 34 50 52 100 68 89 69 66 75 51 50 75 94 0 0 77 100 3 1 1 1 1 2 3 3 2 3 3 1 3 3 3 3 2 2 2 4 3 3 4 4 2 2 3 5 1 0 0 0 0
"1231" 2 1 4 1 1 1 4 2 2 2 4 3 1 4 2 3 3 3 2 3 4 4 4 4 4 5 4 2 1 1 3 5 3 3 3 4 0 0 0 0 0 71 0 50 0 49 0 30 2 0 93 50 49 50 41 100 50 50 50 70 14 51 90 90 90 90 0 0 50 50 85 0 84 83 1 1 1 0 0 2 3 7 5 1 1 2 2 2 2 1 5 4 3 4 2 1 2 3 3 3 3 5 0 0 0 0 1
"1232" 3 1 4 1 2 2 5 5 5 1 5 2 4 4 1 4 1 5 2 1 1 5 7 1 5 1 4 5 1 1 3 3 1 5 3 3 6 4 7 2 8 59 57 69 6 8 4 64 8 1 59 42 72 66 56 87 88 5 81 87 9 3 50 92 72 79 56 65 62 51 71 3 73 3 2 0 1 0 0 2 5 3 3 1 3 2 1 2 2 1 4 4 3 4 2 3 3 3 3 3 5 5 0 0 0 1 0
"1233" 1 2 4 2 2 2 2 4 2 2 3 3 2 2 2 3 3 3 2 1 2 4 7 2 4 2 2 4 2 2 4 4 4 4 3 3 0 0 0 50 40 50 50 100 50 50 0 50 40 50 40 50 50 40 60 40 50 40 50 50 50 50 50 50 100 40 50 40 40 40 40 40 40 40 2 0 0 1 0 3 3 4 3 4 4 1 2 2 2 3 3 3 3 3 3 2 2 3 4 3 3 3 0 0 0 1 0
"1234" 1 1 5 3 3 1 3 2 1 2 3 4 2 5 2 2 2 3 2 4 4 2 3 3 2 4 1 2 4 1 3 5 1 5 5 3 50 50 50 61 50 50 50 53 0 9 69 0 50 50 69 67 74 0 0 80 42 61 66 68 67 69 60 91 35 67 0 0 71 0 79 0 60 3 2 0 1 1 0 2 2 5 5 1 1 1 2 2 3 4 1 2 3 4 3 1 1 3 3 5 3 1 0 0 0 1 0
"1235" 3 1 4 4 2 1 3 5 2 2 5 3 2 4 5 5 1 4 1 1 2 4 4 2 5 1 1 5 2 5 3 2 2 2 4 2 1 0 0 70 100 32 93 3 100 91 0 3 88 50 1 63 72 100 100 72 92 88 2 100 100 93 100 100 100 100 100 100 100 44 85 30 100 85 1 1 1 1 1 3 5 1 5 1 1 1 3 3 2 2 5 4 2 1 5 5 2 5 3 5 4 5 1 0 0 0 0
"1236" 3 2 3 3 3 3 4 3 3 3 4 4 3 4 2 5 5 2 1 2 4 4 5 3 5 3 2 1 1 1 5 3 3 3 4 4 3 7 43 72 55 86 15 90 5 44 4 17 45 51 46 64 17 52 14 76 79 72 76 86 9 88 74 71 74 74 1 3 87 64 52 53 41 60 1 1 1 0 1 3 1 2 5 4 5 2 2 2 2 2 4 3 4 5 1 1 2 2 5 5 4 5 0 0 0 0 1
"1237" 3 1 4 2 1 1 2 1 3 1 1 1 1 1 2 1 2 3 1 2 3 3 7 4 4 4 3 5 3 3 3 2 3 2 2 3 50 0 0 50 85 45 85 100 100 85 0 0 50 50 0 60 40 85 85 50 70 50 70 85 85 70 84 50 70 85 85 85 85 85 50 50 50 50 1 1 1 1 1 2 4 4 3 3 3 1 3 3 3 3 2 2 3 5 3 3 3 5 2 5 3 4 0 1 0 0 0
"1238" 2 5 6 3 3 3 3 3 3 3 3 3 3 3 3 3 3 3 3 3 5 4 4 1 5 1 2 2 5 3 4 3 3 3 3 3 0 0 0 0 0 0 0 0 100 50 0 0 0 0 50 0 0 100 100 90 50 5 0 25 50 0 50 30 70 90 100 100 90 60 0 0 0 0 5 0 0 0 0 2 3 4 3 3 3 2 2 2 2 3 3 3 3 3 3 3 3 3 4 4 3 3 0 1 0 0 0
"1239" 1 1 3 1 2 1 3 3 3 2 1 1 2 1 4 4 1 4 2 1 1 4 5 3 5 3 2 5 1 1 4 1 1 3 4 3 6 8 8 20 39 51 50 73 69 70 3 50 49 41 92 61 73 86 58 94 90 51 86 91 61 60 84 91 81 63 50 57 85 60 86 7 85 39 1 0 1 0 0 2 3 4 5 2 2 1 3 3 1 2 2 4 3 3 3 3 2 3 3 3 4 4 0 0 0 1 0
"1240" 3 5 6 1 1 1 5 5 5 1 5 5 5 5 1 5 1 5 1 1 2 4 5 2 5 2 2 5 1 1 2 5 5 4 5 4 3 1 5 1 50 86 50 86 10 5 75 50 5 1 50 2 45 15 1 50 98 3 40 100 25 5 100 100 100 100 1 1 45 45 1 1 3 1 1 0 1 1 0 2 3 5 5 1 1 2 2 2 1 1 4 5 1 5 3 1 2 2 5 5 5 5 0 0 1 0 0
"1241" 2 1 1 3 2 2 1 2 4 4 2 3 1 1 1 3 3 2 1 4 4 4 2 3 5 5 3 5 3 5 2 1 5 1 2 3 0 0 0 86 60 5 100 50 86 86 0 0 80 93 0 85 10 50 50 12 35 80 0 50 81 61 50 50 50 50 50 50 50 50 16 8 50 50 1 1 1 1 1 3 3 1 3 5 5 1 3 3 3 5 1 1 5 4 5 5 5 5 2 5 2 2 1 0 0 0 0
"1242" 2 3 4 2 1 1 3 2 3 1 2 2 1 3 1 2 1 4 2 1 1 3 5 1 2 3 1 2 1 1 5 4 1 1 3 3 10 0 1 23 96 98 85 85 86 36 0 44 2 0 48 44 80 96 94 98 98 28 99 99 1 51 96 98 98 96 93 95 98 96 88 0 88 89 3 1 1 0 0 3 4 6 5 1 1 2 2 2 2 1 5 5 2 3 3 1 4 4 2 5 3 3 0 0 0 0 1
"1243" 2 2 6 1 2 1 5 4 1 2 2 1 1 2 1 5 1 4 2 1 1 5 7 1 4 2 2 5 1 1 5 1 1 3 3 2 39 0 0 0 0 85 30 70 0 0 0 30 0 0 30 0 30 0 0 85 100 40 100 100 15 43 85 100 85 85 0 0 85 15 77 0 85 50 1 0 1 0 0 2 1 4 5 1 1 2 1 2 2 1 5 5 2 5 1 2 2 2 4 3 5 5 0 0 0 1 0
"1244" 3 1 7 1 1 1 3 1 1 1 1 5 1 2 1 5 3 3 2 1 4 3 7 1 5 1 1 5 1 1 5 3 5 1 3 4 0 43 45 0 2 0 2 70 3 0 41 2 3 0 0 66 59 52 0 88 62 41 60 78 64 15 3 85 0 0 0 0 0 0 0 0 0 63 1 0 0 0 0 3 5 2 5 1 1 2 1 2 2 1 5 5 1 4 5 1 1 3 3 2 5 5 0 1 0 0 0
"1245" 3 3 4 1 3 1 5 1 1 1 5 1 1 4 2 1 4 2 1 3 1 5 7 1 4 5 1 5 1 1 5 5 4 4 1 1 55 51 67 39 64 2 7 5 2 100 63 100 53 100 0 51 68 16 4 45 99 91 4 84 100 54 45 88 45 53 1 4 87 53 55 51 53 53 1 1 1 1 1 3 5 1 5 1 2 3 1 2 2 1 5 4 4 3 5 5 4 5 3 4 4 3 1 0 0 0 0
"1246" 3 2 3 2 1 3 2 2 2 2 5 3 1 2 2 4 2 2 1 3 2 4 6 1 2 4 2 2 2 2 2 2 2 2 3 2 57 55 63 75 51 44 73 65 6 45 38 58 78 34 76 66 75 7 37 78 64 62 63 74 90 63 82 71 63 50 7 0 32 8 60 21 66 25 2 1 1 1 1 1 2 4 5 1 1 2 2 1 1 2 3 2 2 3 3 2 2 2 2 2 3 2 0 0 0 1 0
"1247" 2 5 4 1 2 1 5 1 1 1 1 1 1 2 1 5 1 5 1 2 2 5 7 1 5 1 1 1 1 1 5 3 1 5 4 1 0 0 0 0 0 100 0 50 0 0 0 100 0 0 50 50 50 50 0 100 90 30 100 100 0 0 50 75 50 50 0 0 100 0 100 0 90 0 1 0 1 0 0 2 3 7 5 1 1 3 1 1 3 2 2 3 3 3 5 3 1 2 3 5 4 5 0 0 0 0 1
"1248" 1 1 4 1 2 1 4 4 2 1 1 1 1 2 1 3 1 5 1 1 1 5 4 2 5 3 2 5 1 1 3 1 1 3 3 2 13 3 5 3 51 50 50 53 3 40 30 3 7 0 52 17 62 52 52 52 74 16 53 91 51 18 86 88 84 86 49 49 88 16 86 4 90 40 1 0 1 0 0 2 1 2 5 1 1 2 2 2 2 2 4 3 2 3 4 3 1 2 3 4 5 5 1 0 0 0 0
"1249" 3 5 1 5 1 1 1 1 3 4 1 3 4 5 5 1 4 4 1 5 5 1 1 5 5 5 3 5 5 5 1 5 5 1 1 3 0 0 0 80 50 0 85 30 95 85 0 0 95 85 0 70 0 90 100 40 0 60 15 70 80 50 50 50 50 50 100 100 50 50 0 30 0 70 1 0 1 1 1 1 5 1 1 5 5 1 3 3 3 5 1 1 5 2 5 5 5 5 1 5 2 2 1 0 0 0 0
"1250" 3 1 3 1 1 1 5 1 2 1 1 1 1 1 1 5 1 5 3 1 1 4 7 1 3 5 2 1 1 1 4 3 1 3 3 2 4 2 2 2 3 100 4 100 2 17 2 100 2 4 89 33 79 5 3 100 100 5 100 100 3 19 82 100 71 81 2 0 100 48 100 1 100 14 1 1 1 1 1 3 3 7 5 1 1 3 1 1 1 1 5 5 1 4 4 3 1 1 3 5 5 5 0 0 0 0 1
"1251" 1 1 7 1 1 1 3 2 1 1 1 2 3 1 2 2 1 4 2 1 3 5 7 3 3 2 1 3 1 1 5 1 2 5 3 2 0 0 0 0 18 50 6 50 0 13 0 0 0 0 35 70 41 75 15 100 97 79 75 91 44 42 73 88 64 90 7 0 40 15 100 0 90 0 1 1 1 1 0 2 1 5 5 1 1 1 3 1 3 4 3 3 3 4 4 4 2 5 2 5 4 4 0 0 0 1 0
"1252" 1 1 6 1 2 1 5 2 4 1 3 1 1 3 1 4 1 5 2 1 1 5 6 1 3 1 1 2 1 1 2 4 1 3 4 2 1 1 1 1 2 100 1 71 1 15 2 85 1 1 84 29 86 1 1 100 99 13 100 100 1 50 84 92 99 95 1 1 99 15 100 1 100 1 1 0 1 0 0 2 3 6 5 3 3 2 2 2 3 1 4 4 2 5 3 3 3 3 2 5 5 5 0 0 0 1 0
"1253" 1 1 4 1 2 1 5 4 5 2 5 2 5 5 1 4 1 5 1 1 1 5 7 1 5 5 2 5 1 1 5 5 5 5 4 2 1 0 1 1 4 16 6 57 1 16 3 1 6 1 16 6 15 16 2 84 77 1 71 98 1 1 86 92 84 93 5 2 81 11 86 6 88 0 1 1 1 1 1 3 3 3 5 1 1 3 1 1 2 1 5 5 1 5 5 2 1 2 4 1 5 5 0 0 0 1 0
"1254" 2 1 4 1 2 1 5 2 2 2 2 2 2 2 1 5 1 4 2 1 1 4 7 1 5 4 2 5 2 1 5 1 2 4 4 3 2 2 2 3 2 100 2 73 9 30 4 25 5 4 72 72 86 6 1 99 98 52 86 100 4 50 87 100 86 99 2 1 98 12 100 2 98 6 1 0 1 0 0 3 3 6 5 3 3 2 2 2 2 1 5 5 2 4 3 1 2 3 4 2 5 5 0 1 0 0 0
"1255" 1 1 5 1 2 2 3 2 4 1 3 3 1 2 3 4 2 4 2 1 1 5 7 1 5 4 1 5 1 1 5 5 2 2 4 2 0 0 0 1 1 84 72 90 0 1 0 80 0 0 75 72 52 0 0 99 93 1 90 100 71 48 87 71 51 51 0 0 73 52 98 1 97 51 2 0 0 0 0 2 4 1 5 1 1 2 1 2 2 1 5 5 3 5 2 1 2 2 2 5 2 5 0 0 0 1 0
"1256" 2 1 1 1 2 2 5 2 3 2 3 2 1 3 1 4 1 4 3 1 1 4 7 2 2 3 1 3 2 2 4 3 1 3 4 3 48 1 2 6 4 99 5 92 5 4 2 79 2 2 82 3 54 3 2 100 100 49 85 89 30 70 69 98 100 76 2 3 71 68 100 2 100 53 3 1 1 1 1 3 3 7 5 1 1 2 2 2 2 1 5 5 1 5 2 5 2 4 3 5 5 5 0 0 0 0 1
"1257" 2 1 4 1 1 1 5 2 2 1 3 3 1 4 1 5 1 5 2 1 2 3 6 2 5 2 3 3 3 1 5 5 3 3 4 3 0 0 0 0 0 100 0 100 0 11 0 0 28 0 25 0 25 0 0 100 93 15 100 80 2 5 90 90 82 57 0 0 85 0 87 0 89 10 1 1 1 1 0 3 3 6 5 1 1 2 2 2 2 1 5 5 3 3 3 3 3 3 1 3 5 5 0 0 0 1 0
"1258" 1 2 4 1 3 1 5 5 2 1 5 2 4 5 2 5 1 5 1 1 3 5 7 1 3 1 1 5 1 1 5 5 1 5 4 1 2 0 0 0 51 100 100 89 0 0 0 80 0 0 100 51 54 0 0 99 89 0 100 100 0 0 13 99 50 63 0 0 85 37 100 0 100 0 1 0 0 0 0 1 5 6 5 1 1 2 2 2 2 1 5 5 1 5 2 1 1 3 4 5 5 5 0 0 0 1 0
"1259" 1 1 6 1 1 1 4 1 4 1 1 2 1 1 1 3 1 3 3 1 2 4 5 1 5 1 2 3 1 1 5 1 4 1 3 3 1 1 1 1 1 51 1 60 1 1 2 41 2 2 97 60 41 1 2 100 85 15 51 86 85 61 86 70 85 86 1 1 60 51 40 2 41 41 1 1 1 1 1 2 3 6 5 1 3 3 2 2 2 2 4 5 3 5 3 3 1 1 1 3 5 5 0 0 0 1 0
"1260" 1 3 4 2 1 1 1 1 2 1 4 3 2 3 2 5 4 3 1 1 3 4 4 2 4 4 1 4 2 2 4 3 4 3 3 3 68 22 25 89 42 93 93 81 62 55 38 54 70 55 73 69 71 80 74 85 91 77 87 76 74 86 89 90 73 67 65 78 79 65 69 53 68 67 3 1 0 1 1 3 3 3 3 2 2 2 2 3 2 3 3 3 3 5 3 3 2 5 3 4 4 4 1 0 0 0 0
"1261" 2 3 4 3 3 1 3 3 3 1 3 3 3 3 1 3 3 3 2 1 2 5 4 1 4 5 1 5 2 2 4 3 3 3 3 3 0 0 0 100 50 50 50 50 100 100 0 0 50 50 50 50 50 50 50 100 75 50 100 100 50 50 50 100 100 100 50 50 100 100 50 50 50 50 2 1 1 1 1 2 3 4 3 3 3 2 2 2 2 3 5 4 5 4 4 1 4 5 1 5 3 3 0 0 0 1 0
"1262" 2 2 7 1 2 2 4 2 2 1 2 3 1 4 1 3 1 5 2 1 1 5 7 2 3 1 1 2 1 1 5 4 4 3 3 1 0 0 0 1 51 1 0 87 1 7 0 16 4 0 86 51 53 50 49 94 86 30 74 86 2 32 87 87 85 87 1 1 87 87 89 0 88 81 2 0 1 1 0 2 3 7 5 1 3 2 2 2 2 2 4 4 2 4 3 3 1 3 4 5 5 5 0 0 1 0 0
"1263" 1 2 4 1 2 1 2 2 2 1 2 2 2 2 2 2 4 2 2 4 4 4 7 4 5 5 1 5 3 4 3 3 3 1 1 1 54 1 53 68 0 79 70 98 99 65 0 0 55 53 44 97 68 97 68 66 85 67 98 77 100 79 78 54 97 78 68 68 100 52 67 11 60 71 3 1 1 1 1 2 5 3 4 3 3 1 3 3 3 5 2 4 4 4 3 3 5 5 1 5 1 3 0 1 0 0 0
"1264" 1 1 1 2 4 2 1 1 1 2 2 2 2 1 3 3 2 2 1 1 1 4 1 3 5 5 1 5 1 2 4 1 2 1 2 1 0 0 0 14 50 50 50 0 49 51 0 0 52 50 0 100 0 100 51 73 100 86 0 100 100 51 100 50 100 100 50 50 100 48 51 0 50 50 3 1 1 1 1 3 1 1 3 3 3 1 2 2 3 2 2 4 4 4 3 3 1 4 1 2 3 3 1 0 0 0 0
"1265" 3 4 6 4 3 1 3 5 4 3 2 5 2 4 3 3 1 4 1 3 4 2 3 4 5 5 5 5 4 4 4 5 5 2 3 4 1 1 1 30 40 10 55 2 30 45 1 1 4 1 1 70 1 70 2 30 35 15 5 85 50 25 60 55 65 75 5 1 25 55 10 5 40 70 1 1 1 0 1 2 3 1 4 1 2 1 3 3 2 3 2 3 4 5 4 2 4 5 4 5 4 4 1 0 0 0 0
"1266" 1 1 4 1 2 2 1 1 1 2 1 3 1 2 1 2 2 3 1 2 2 4 3 2 5 3 1 5 2 3 4 3 5 1 3 4 15 0 0 100 50 15 100 15 50 60 0 15 60 50 15 100 50 50 50 50 70 85 15 50 100 85 100 70 70 60 50 50 50 70 15 60 15 70 2 0 0 0 0 2 3 1 4 5 4 1 3 2 2 5 1 2 5 4 3 3 2 4 2 4 3 3 1 0 0 0 0
"1267" 3 5 1 5 1 1 5 5 3 1 4 5 5 5 1 1 2 2 2 4 5 2 5 5 5 4 5 5 2 3 2 5 2 5 3 5 0 0 0 0 0 0 100 0 0 0 0 0 51 63 50 2 50 52 0 52 40 50 71 11 50 48 100 31 70 51 0 0 0 100 72 50 100 0 1 0 0 1 1 1 5 7 3 3 3 1 3 2 2 5 1 1 4 5 1 1 3 4 5 5 1 1 1 0 0 0 0
"1268" 3 1 4 1 1 1 5 1 3 1 2 5 1 5 1 5 1 5 2 3 3 4 7 1 4 1 1 1 1 1 5 5 1 5 5 5 0 0 0 0 0 100 100 100 0 0 7 100 0 0 100 0 14 0 0 100 29 1 100 100 0 0 2 100 51 34 0 0 0 0 99 0 97 0 1 1 1 1 0 3 5 7 5 1 1 2 2 2 2 1 5 5 1 5 1 3 1 3 5 5 5 5 0 0 0 0 1
"1269" 1 1 1 4 1 2 1 1 1 2 1 2 2 2 4 5 3 2 1 4 3 3 6 4 5 4 1 5 3 3 2 2 3 3 4 2 0 0 0 100 44 89 90 1 64 63 1 0 0 4 41 53 19 100 91 34 46 64 0 32 92 74 100 91 97 100 94 92 81 89 88 53 95 100 3 1 0 1 1 3 3 3 3 4 4 1 3 2 2 5 2 2 5 4 2 2 5 2 4 4 2 2 0 1 0 0 0
"1270" 2 2 6 3 3 2 3 3 3 3 4 3 3 4 5 3 3 3 2 3 2 4 4 3 3 3 3 3 4 2 3 3 3 3 3 3 35 27 4 1 2 4 3 70 1 7 18 30 51 21 63 27 4 59 0 85 52 30 7 19 75 21 78 85 22 85 9 1 85 29 14 14 0 20 3 0 0 0 0 2 3 4 3 3 3 2 2 2 2 3 3 3 3 4 3 3 1 3 4 4 4 5 1 0 0 0 0
"1271" 1 1 3 1 3 1 4 4 4 1 3 3 2 1 1 5 1 5 1 1 2 5 7 1 5 1 1 5 1 1 5 2 2 2 3 2 0 0 0 0 31 60 36 39 43 41 0 0 0 0 59 56 61 51 50 82 81 30 76 96 16 31 92 50 51 51 50 49 51 50 71 0 86 51 1 0 0 0 0 1 2 4 5 1 1 2 2 2 2 2 5 5 2 5 4 1 2 5 4 5 4 5 0 1 0 0 0
"1272" 1 3 6 2 2 1 2 2 2 2 2 2 2 2 2 4 3 2 2 2 3 3 1 1 1 1 1 1 2 4 3 2 2 2 3 3 65 48 19 60 64 72 77 70 95 89 81 58 72 76 75 78 84 0 10 87 86 78 83 71 57 84 85 96 94 71 20 49 56 78 70 61 70 61 1 1 1 1 1 3 3 5 5 4 4 1 3 2 3 4 1 2 5 5 1 1 2 3 2 3 1 1 0 0 0 1 0
"1273" 1 1 1 2 3 3 2 1 1 3 5 3 2 2 3 4 2 3 2 2 3 3 3 3 5 5 1 5 1 2 4 1 4 1 4 3 0 0 0 44 40 0 100 17 64 55 0 50 0 0 0 100 50 62 75 12 29 68 0 41 100 37 69 66 54 40 58 58 60 45 36 0 52 21 3 1 1 0 1 1 3 1 4 2 2 1 2 2 2 3 3 3 3 5 3 2 2 2 4 3 3 4 1 0 0 0 0
"1274" 2 3 7 1 1 1 4 1 5 1 4 1 1 4 1 1 4 4 3 4 5 4 7 3 5 4 3 5 1 1 2 5 1 4 1 1 0 0 0 0 0 64 0 66 1 0 0 0 0 0 35 62 18 0 1 100 100 42 51 100 0 56 100 100 100 100 0 0 100 100 100 0 100 1 1 0 1 1 0 2 3 7 5 1 3 2 2 2 2 1 5 5 3 4 4 2 3 2 5 5 3 5 0 0 0 0 1
"1275" 2 2 4 4 4 2 1 1 2 3 3 2 2 1 1 3 3 3 2 3 3 3 4 4 4 3 4 4 3 2 3 3 2 4 3 2 73 6 43 37 71 50 30 59 19 38 9 50 59 43 27 76 76 62 17 7 18 60 25 48 71 47 100 88 88 88 53 36 78 38 70 41 84 80 3 0 1 0 1 3 3 2 3 2 3 3 1 2 2 4 2 3 5 1 2 3 2 1 2 3 3 4 0 0 0 0 1
"1276" 2 4 4 1 2 1 1 3 3 1 2 2 1 5 4 3 3 3 1 3 3 4 7 2 5 5 1 1 1 1 2 5 1 3 3 4 0 0 50 100 50 0 85 15 100 0 0 0 50 100 50 50 50 100 60 0 15 50 50 50 70 50 100 100 50 50 15 50 50 50 85 0 0 0 1 1 1 1 1 3 3 1 3 3 3 1 3 2 2 3 1 2 5 3 3 3 3 5 4 3 3 5 0 0 0 1 0
"1277" 2 1 1 1 1 1 1 1 1 1 4 3 1 4 1 4 5 2 2 2 1 3 1 1 1 1 1 1 3 1 3 1 1 3 1 1 0 56 52 100 52 100 0 100 0 100 31 100 100 44 100 0 61 0 100 100 81 86 89 100 100 59 100 20 49 54 100 100 64 75 100 0 100 0 1 1 1 1 1 3 3 7 5 3 3 1 3 2 2 5 1 1 5 5 1 1 5 5 1 5 1 3 0 0 0 1 0
"1278" 2 2 4 2 2 2 2 2 1 1 2 2 1 2 2 2 1 4 2 2 2 4 5 1 5 2 2 2 1 2 3 3 3 3 3 4 42 1 21 52 54 65 64 68 62 57 2 54 70 18 54 79 63 65 66 95 73 55 72 70 50 67 73 79 87 83 57 57 71 73 69 58 63 68 2 1 0 1 1 3 2 4 3 3 3 1 2 2 1 1 2 3 2 2 2 1 3 3 2 2 2 3 0 1 0 0 0
"1279" 2 2 4 2 1 2 2 2 1 2 2 2 2 2 3 2 2 3 1 3 3 4 4 4 5 4 1 5 2 2 3 3 3 3 2 3 0 0 0 87 94 15 96 0 100 91 0 2 83 0 3 70 50 99 94 50 60 84 3 40 99 72 74 50 73 85 82 69 81 90 50 54 50 46 1 1 1 0 1 2 5 1 3 2 2 1 3 3 2 3 2 2 4 2 3 5 4 4 3 4 2 2 1 0 0 0 0
"1280" 3 3 1 4 2 2 1 1 1 2 3 1 1 3 1 4 3 3 1 4 4 3 1 5 5 5 1 5 5 5 2 3 3 3 2 2 6 7 2 100 98 14 100 7 97 98 2 8 100 50 5 98 24 100 99 10 41 93 6 65 100 99 100 58 100 99 96 99 98 59 71 7 100 96 2 1 1 1 1 2 3 1 3 3 3 1 3 3 2 5 1 5 5 5 5 5 5 5 1 4 1 3 1 0 0 0 0
"1281" 3 2 3 1 1 2 1 1 1 1 1 2 2 1 2 1 3 2 2 2 3 4 1 4 2 4 1 3 2 1 3 3 5 1 4 3 50 60 60 100 71 70 50 70 55 70 50 50 75 60 60 60 84 50 50 60 85 50 60 60 70 90 80 85 59 80 50 50 55 100 50 60 50 85 3 0 0 0 0 2 3 4 5 4 4 1 1 1 1 3 3 3 4 5 3 1 3 3 2 4 2 2 0 0 0 1 0
"1282" 2 2 4 1 1 1 5 1 5 1 1 1 5 5 5 5 1 5 3 3 3 4 7 2 5 5 5 1 1 1 5 2 1 4 5 2 1 1 2 1 1 97 1 100 1 45 1 27 5 1 94 1 67 10 1 92 64 1 97 87 1 1 81 81 84 89 1 1 91 70 99 1 93 3 1 0 0 0 0 2 3 6 5 1 1 3 2 2 3 1 5 5 1 1 2 1 1 1 3 5 5 5 0 0 0 1 0
"1283" 2 3 2 2 2 1 1 1 1 1 2 2 1 1 1 1 2 1 1 1 1 4 7 1 2 2 2 2 3 2 2 3 2 2 1 1 75 58 65 82 63 69 63 64 59 60 69 74 62 67 69 67 68 47 71 66 74 58 51 67 66 81 64 96 61 65 50 81 70 57 64 65 65 68 2 0 1 1 1 3 1 7 2 2 1 2 1 2 1 2 1 3 2 1 3 2 2 2 2 2 1 2 1 0 0 0 0
"1284" 3 4 3 3 3 3 1 2 1 2 4 4 3 2 2 4 1 4 1 4 5 3 6 2 5 2 1 5 3 3 4 1 5 1 1 4 15 0 0 0 50 25 80 0 50 50 0 0 50 14 0 50 30 50 50 50 50 50 15 50 85 50 40 50 50 50 50 50 50 50 0 0 0 50 2 1 1 1 0 2 4 2 3 2 3 1 1 2 3 1 3 5 2 3 4 4 3 4 5 5 4 4 0 0 1 0 0
"1285" 3 3 2 4 2 1 1 1 2 3 1 4 2 2 2 2 2 2 1 2 3 2 2 3 5 4 1 5 3 5 3 2 5 1 2 4 0 0 0 69 100 0 99 0 88 65 0 32 50 25 0 98 44 85 92 50 46 53 25 54 73 93 54 52 87 55 84 82 54 53 8 0 30 72 2 1 1 1 1 3 2 1 3 4 4 1 3 2 2 4 2 3 5 3 3 3 4 4 3 5 3 4 1 0 0 0 0
"1286" 1 1 2 2 2 2 2 2 2 2 2 2 2 2 2 2 1 1 2 2 2 3 1 2 5 2 2 2 2 2 1 2 2 1 1 5 4 0 0 0 76 83 97 0 5 0 4 6 0 78 83 85 83 2 0 79 89 88 69 85 89 85 81 82 74 84 0 5 80 91 84 85 77 84 2 0 0 0 0 1 3 7 5 5 5 2 2 2 2 3 3 3 2 2 2 2 3 2 5 2 1 2 1 0 0 0 0
"1287" 1 1 6 1 2 2 5 1 1 1 4 5 3 4 1 5 1 5 1 2 3 4 2 2 5 2 4 1 1 1 1 5 5 5 4 4 0 0 0 0 20 55 40 100 0 10 0 50 0 0 25 0 15 50 10 100 60 40 45 70 15 20 50 50 50 50 20 10 45 48 40 5 30 40 1 0 1 0 0 1 3 6 5 1 1 3 1 2 3 2 5 5 4 5 5 5 1 2 5 5 5 5 0 0 0 1 0
"1288" 1 1 1 1 1 1 1 1 1 1 1 1 1 1 1 5 2 3 3 1 3 5 7 1 5 1 1 1 1 1 5 1 1 1 1 1 0 0 0 100 50 85 100 0 100 100 0 0 50 0 15 100 100 100 51 100 100 100 0 100 100 100 100 100 100 100 50 52 100 99 100 0 100 100 3 1 1 1 1 3 3 5 5 1 1 1 3 1 2 4 1 2 5 5 1 1 3 5 1 4 1 4 1 0 0 0 0
"1289" 3 2 1 3 1 1 2 2 2 2 1 3 3 2 1 4 4 3 1 5 4 2 3 2 5 3 2 4 5 5 1 4 2 1 2 1 27 16 20 83 62 5 64 100 4 26 39 86 72 33 75 38 100 2 3 61 63 61 75 81 100 58 93 88 77 84 19 1 76 78 67 20 65 34 3 1 1 1 1 3 5 3 5 1 1 2 2 1 2 5 3 5 1 4 2 1 1 1 2 5 1 1 0 1 0 0 0
"1290" 1 2 4 4 1 1 1 1 2 1 1 2 2 1 2 3 3 3 2 3 4 3 1 3 5 5 1 5 4 3 2 3 2 1 3 3 0 0 0 70 6 0 100 41 77 53 0 0 64 0 49 19 15 93 67 57 49 20 16 26 80 68 85 32 59 65 59 71 78 81 14 100 51 100 3 1 1 1 1 2 4 1 5 2 2 1 3 2 2 5 5 1 5 5 3 1 3 3 3 3 3 4 1 0 0 0 0
"1291" 1 3 2 3 2 2 2 1 3 2 4 3 2 1 2 2 2 2 3 2 2 4 3 2 2 3 2 2 2 2 2 2 1 2 2 2 73 71 72 76 73 78 60 63 70 80 82 65 66 85 61 60 68 73 77 69 72 72 76 68 72 72 66 68 29 62 55 70 60 52 68 57 60 78 2 0 1 0 1 1 2 3 2 2 2 1 1 2 1 2 2 1 2 1 2 1 2 2 4 2 2 1 0 0 0 1 0
"1292" 1 2 2 4 2 3 2 2 2 2 2 4 2 2 2 1 2 2 1 2 2 4 4 2 2 4 2 2 2 2 2 2 2 2 1 4 77 73 61 74 52 69 61 65 70 46 66 83 67 68 54 67 78 76 55 62 54 64 86 70 65 71 54 70 66 65 75 69 61 54 64 55 80 72 2 1 1 1 1 1 1 7 5 1 1 1 1 2 1 1 1 1 2 2 2 1 1 1 1 5 1 2 0 0 0 1 0
"1293" 3 1 3 3 1 2 1 2 2 2 1 1 1 1 3 1 2 2 2 4 3 2 3 4 5 4 2 5 1 5 2 1 4 1 2 2 2 2 2 95 87 5 4 23 91 93 2 4 98 90 11 90 19 92 95 51 53 76 7 71 87 88 96 86 95 95 96 90 93 92 55 2 79 80 1 0 0 0 0 2 3 2 1 5 5 1 3 2 2 5 1 1 5 5 3 3 3 5 2 5 2 3 1 0 0 0 0
"1294" 2 1 2 4 2 1 1 2 1 4 2 3 1 1 2 3 2 2 1 3 5 1 2 4 5 5 2 5 3 5 1 1 5 1 1 1 0 0 0 85 70 0 85 0 70 70 0 0 100 70 0 85 5 70 70 15 30 85 0 70 85 70 70 50 70 70 70 70 70 70 0 0 100 100 2 0 1 0 1 2 3 2 3 3 3 1 3 3 2 5 1 1 5 2 3 4 3 5 1 5 1 3 1 0 0 0 0
"1295" 3 2 4 1 2 1 4 3 3 1 5 2 3 2 3 5 1 5 2 3 3 4 6 2 5 3 1 5 1 1 5 1 1 1 5 3 0 0 0 40 50 50 40 50 50 40 0 0 0 0 0 30 30 50 50 50 80 40 50 50 30 50 50 50 50 50 50 50 50 50 50 0 50 50 1 1 1 1 0 3 3 4 4 2 2 2 2 2 2 2 5 4 3 5 3 2 2 4 2 5 4 5 1 0 0 0 0
"1296" 2 5 6 2 2 1 3 4 2 2 2 3 3 2 3 3 3 3 2 3 4 1 7 4 3 4 1 3 2 1 4 3 3 3 1 1 54 0 58 100 62 70 88 16 81 89 0 95 58 65 69 47 60 86 96 69 44 67 77 41 100 83 73 62 71 63 96 100 70 60 48 39 45 45 1 1 1 1 1 2 4 6 3 3 3 2 2 2 2 5 1 1 5 5 1 1 1 1 4 4 1 1 1 0 0 0 0
"1297" 2 1 4 1 1 1 1 1 1 1 1 1 1 1 1 1 5 1 2 1 1 5 1 1 3 3 1 3 1 1 5 3 3 1 3 3 0 0 0 0 0 80 80 80 80 80 0 0 0 0 80 80 0 80 80 80 80 80 80 80 0 100 80 80 100 80 80 80 80 80 0 0 0 0 1 1 1 1 1 3 3 4 5 1 5 2 2 2 2 1 5 5 1 5 5 5 5 5 1 5 1 1 0 0 0 1 0
"1298" 3 1 2 1 1 2 1 1 1 1 1 2 1 1 2 1 4 2 2 1 2 4 7 1 4 5 2 5 1 4 1 1 1 1 3 3 61 32 75 97 48 87 85 100 98 89 72 79 84 83 95 88 99 55 77 99 100 93 73 94 69 95 96 95 90 88 78 97 92 91 95 74 100 85 3 0 0 0 0 3 5 5 2 2 2 1 2 1 2 2 2 2 2 5 4 1 2 4 1 2 1 2 1 0 0 0 0
"1299" 3 1 2 1 1 1 4 2 1 1 3 2 1 3 1 1 1 5 1 1 2 5 4 3 5 3 3 5 1 1 2 4 1 1 3 3 4 0 10 14 61 26 86 67 15 12 21 0 8 13 84 100 60 81 12 100 89 100 100 88 96 61 85 77 83 87 26 7 84 87 96 0 83 75 1 1 0 1 0 1 2 1 2 2 2 1 2 1 2 3 2 2 2 2 1 2 1 3 2 4 4 3 1 0 0 0 0
"1300" 2 2 4 1 2 1 2 3 1 1 3 3 3 3 3 3 4 3 2 3 3 4 4 2 5 5 1 5 1 1 5 3 3 2 3 3 50 0 12 1 50 90 50 50 50 50 50 50 50 0 77 80 70 50 50 100 40 51 30 50 85 50 90 85 70 50 50 50 77 71 60 50 60 60 1 1 0 0 0 3 1 4 5 1 2 2 3 2 2 3 2 3 3 4 3 3 3 2 2 5 5 5 1 0 0 0 0
"1301" 3 1 4 4 5 5 1 1 1 4 2 2 1 1 2 3 3 2 1 5 4 3 4 4 5 5 1 5 2 5 3 1 1 1 2 2 1 1 1 90 100 1 90 100 100 100 1 1 1 1 1 100 5 100 100 1 70 10 1 30 85 90 100 30 100 100 100 100 100 100 70 1 100 70 2 1 1 1 1 3 3 1 2 5 5 1 3 3 2 5 1 3 5 3 5 5 5 5 1 5 1 2 1 0 0 0 0
"1302" 2 2 2 1 2 2 2 2 1 1 2 2 1 2 2 2 2 2 3 2 3 3 7 2 3 3 1 3 3 1 3 3 2 2 3 3 43 2 23 84 4 88 87 42 53 66 4 18 16 53 66 73 31 51 57 100 56 69 56 74 51 63 92 52 75 65 54 44 57 63 73 4 68 60 2 1 0 1 1 3 5 6 5 1 1 1 3 3 3 4 2 2 4 5 2 1 2 2 2 5 1 1 0 1 0 0 0
"1303" 1 1 2 3 2 2 1 3 2 2 3 3 3 3 2 2 3 3 3 2 3 3 7 3 3 3 1 2 3 3 3 3 3 3 2 2 54 79 66 99 48 86 73 96 54 85 74 42 69 75 35 89 69 54 47 97 54 92 81 74 57 69 100 100 57 73 45 46 67 85 71 81 52 84 2 0 1 1 1 2 2 7 3 1 1 1 2 2 2 3 4 3 3 5 2 2 3 3 2 2 1 2 0 0 0 0 1
"1304" 2 1 4 1 1 1 2 1 1 1 1 2 1 1 1 2 2 4 3 1 1 5 7 2 3 1 1 1 1 2 5 2 1 5 2 2 0 58 0 75 0 100 34 59 0 39 0 55 0 15 100 48 77 0 0 100 100 59 84 92 38 65 85 78 41 81 0 0 95 17 100 6 100 13 1 1 1 0 1 3 3 7 5 1 1 2 2 2 2 2 3 3 2 5 2 2 2 4 1 5 3 5 0 0 0 0 1
"1305" 1 2 4 1 1 1 4 3 1 1 3 5 2 3 3 5 1 5 1 1 3 4 7 4 5 2 5 5 1 1 5 5 5 5 4 5 0 60 78 0 100 51 70 100 0 0 51 100 0 0 18 50 84 16 0 50 100 0 100 100 100 0 13 100 13 87 0 0 0 0 0 0 0 0 1 1 1 1 0 2 3 1 5 1 5 2 2 2 1 1 2 4 3 2 3 3 1 2 5 4 5 5 1 0 0 0 0
"1306" 3 4 6 2 3 2 3 2 2 4 3 3 3 3 3 4 2 4 1 2 3 4 5 3 4 3 2 4 2 2 4 2 2 2 3 4 1 0 1 3 50 5 1 56 51 41 2 52 3 51 49 31 30 53 51 63 65 50 52 66 15 50 45 50 51 55 51 48 50 41 63 2 67 3 3 1 1 0 1 3 4 1 3 3 3 2 2 2 2 2 4 4 2 3 4 2 2 2 5 5 4 4 1 0 0 0 0
"1307" 1 1 4 1 1 1 2 2 2 1 2 3 2 2 1 4 1 4 1 1 3 5 7 3 5 5 2 5 2 1 3 3 3 2 3 2 24 0 2 33 0 54 28 47 52 64 8 2 4 0 59 55 68 63 72 73 71 60 55 69 0 60 84 69 82 82 52 52 71 52 77 0 73 56 2 0 1 1 0 2 3 5 5 4 3 2 2 2 2 2 4 2 2 4 2 3 3 5 4 5 4 5 0 1 0 0 0
"1308" 2 2 4 3 2 2 2 3 2 3 2 3 2 2 2 3 1 3 2 2 3 3 1 3 4 5 2 5 3 5 2 1 3 1 3 4 46 42 42 78 84 84 79 75 78 84 41 42 85 50 83 72 77 85 87 86 85 85 50 85 44 85 100 100 100 100 85 88 100 100 70 64 84 84 2 1 1 1 1 2 1 6 5 2 5 1 3 3 2 4 2 2 4 4 3 3 4 3 2 3 3 4 0 1 0 0 0
"1309" 2 5 4 3 3 3 2 3 3 3 3 3 3 3 3 3 3 3 2 3 5 1 7 3 3 3 3 3 3 3 3 3 3 3 3 3 1 0 0 100 5 20 20 5 0 2 0 0 0 5 8 50 5 5 0 100 0 10 5 5 20 50 100 65 80 100 0 0 100 10 8 5 6 5 3 1 0 0 1 2 3 7 3 3 3 2 3 2 2 3 2 2 2 3 3 3 3 3 4 4 3 3 0 1 0 0 0
"1310" 1 1 3 1 1 1 2 2 2 1 3 3 1 3 1 2 4 2 2 2 1 3 7 1 1 2 1 2 2 3 3 3 3 3 3 3 30 12 45 50 17 67 67 71 18 37 59 5 46 33 52 58 60 3 4 97 64 60 71 50 52 61 59 95 91 56 5 9 52 44 13 5 72 60 1 1 0 1 1 2 3 6 5 1 1 1 3 2 2 5 1 1 5 4 2 2 1 2 3 2 2 1 0 1 0 0 0
"1311" 3 1 6 1 1 1 5 5 5 1 4 2 1 5 1 5 1 5 1 1 2 5 7 1 5 2 1 5 1 1 3 3 1 4 4 2 0 0 0 0 50 70 40 100 20 30 0 65 0 0 30 40 90 65 15 60 95 30 60 100 0 15 85 95 90 95 15 25 90 65 95 0 90 10 1 0 1 1 0 1 4 4 5 1 1 3 1 1 2 1 5 5 2 4 5 3 1 2 3 5 5 5 0 1 0 0 0
"1312" 3 3 7 5 1 2 1 1 1 3 2 4 1 1 1 3 3 2 1 5 5 1 1 4 5 5 2 5 5 5 3 1 5 1 1 3 0 0 0 97 100 0 100 0 100 100 0 0 99 100 0 100 12 100 100 0 0 90 0 8 100 90 100 51 88 100 100 100 65 71 0 0 72 83 1 1 1 1 1 3 5 2 3 5 5 1 3 3 2 5 2 2 5 3 5 5 3 5 4 5 2 2 1 0 0 0 0
"1313" 2 3 3 3 4 1 1 1 2 3 3 1 1 3 4 2 4 3 1 1 1 4 1 3 5 2 1 1 2 5 4 1 5 1 2 1 0 0 0 53 53 3 100 6 61 98 0 0 50 0 0 95 16 53 51 52 89 89 0 88 100 71 85 67 71 76 52 53 69 84 42 0 41 59 2 1 1 1 1 3 2 1 2 2 2 1 2 3 3 4 4 4 5 4 4 2 4 5 1 3 4 5 1 0 0 0 0
"1314" 2 2 5 1 1 1 4 3 3 1 2 1 1 2 1 3 1 4 1 2 2 4 7 1 3 2 3 5 1 1 5 2 1 2 2 1 14 100 48 1 100 59 40 100 40 1 39 7 22 18 61 43 99 87 13 100 87 43 99 100 47 11 10 100 100 99 45 15 100 31 99 6 97 31 1 0 1 0 0 2 4 3 5 1 1 2 1 1 2 1 5 5 1 3 4 3 2 3 4 3 4 5 0 0 1 0 0
"1315" 3 2 2 2 2 2 3 1 2 3 3 2 1 1 2 3 2 2 1 2 3 3 1 4 5 5 2 5 4 5 2 1 4 1 2 2 0 0 0 65 50 0 100 0 95 100 0 0 95 75 0 100 45 100 100 40 50 90 0 45 100 100 95 65 100 95 100 100 70 50 45 0 55 50 2 1 1 1 1 3 5 1 2 4 4 1 3 3 2 4 2 2 5 4 5 5 5 4 4 5 3 3 1 0 0 0 0
"1316" 1 1 4 5 3 2 1 1 2 3 5 2 1 1 2 1 2 2 1 1 3 3 2 2 5 3 1 5 3 5 1 1 3 3 1 2 0 0 0 91 100 15 100 0 100 87 0 0 85 85 0 87 41 100 100 51 64 100 0 100 100 100 100 100 100 100 100 100 100 85 50 0 100 100 1 1 1 1 1 2 1 1 1 1 4 1 3 3 2 5 1 2 5 4 5 5 3 4 3 4 1 3 1 0 0 0 0
"1317" 2 2 4 1 2 1 3 2 3 2 5 5 5 5 2 5 2 3 2 1 2 3 1 2 3 3 2 5 1 1 5 4 3 2 3 3 4 6 50 5 50 50 50 50 50 50 6 50 6 8 50 50 50 50 50 50 86 50 50 50 50 50 50 50 50 50 50 50 50 50 50 50 50 50 1 1 1 0 1 3 3 4 5 2 2 2 2 2 2 3 4 4 3 3 4 3 3 3 3 3 4 4 0 0 1 0 0
"1318" 1 5 4 3 3 2 3 2 1 1 5 5 5 3 2 5 3 3 2 2 3 4 6 4 2 5 1 5 1 3 4 3 3 3 4 4 11 5 51 42 70 52 28 62 50 32 0 4 53 30 41 85 88 88 94 61 72 73 1 62 100 86 58 39 86 61 84 86 51 51 51 50 31 32 2 0 1 1 1 3 3 2 5 5 5 2 2 2 2 3 4 5 1 1 1 1 2 1 4 3 3 4 0 0 0 1 0
"1319" 3 3 4 4 1 1 3 5 2 3 4 3 3 4 3 3 3 3 1 2 3 4 2 4 5 5 2 5 3 3 2 3 3 3 2 4 50 10 10 50 50 40 80 60 60 50 10 40 50 50 40 60 40 50 50 50 60 60 50 85 60 70 50 50 50 50 50 50 50 50 50 50 50 50 1 1 1 0 1 2 5 2 3 3 3 1 3 3 2 3 4 3 4 3 4 2 2 3 2 4 4 5 1 0 0 0 0
"1320" 3 5 7 1 1 1 1 3 1 1 1 2 3 1 2 2 4 3 3 2 3 3 4 2 5 5 1 5 2 2 4 5 5 1 1 4 50 0 0 50 0 50 50 0 50 50 0 50 50 50 50 50 50 50 50 50 50 31 0 50 50 50 50 50 50 50 50 50 50 50 50 50 50 50 1 1 1 1 1 2 3 4 3 3 3 1 3 1 3 5 2 2 5 5 3 1 3 3 1 5 5 5 1 0 0 0 0
"1321" 1 2 4 2 2 2 2 2 3 2 3 2 2 3 3 3 2 3 1 2 3 4 5 4 4 4 2 5 2 2 2 3 3 3 3 2 17 16 6 46 78 87 84 57 81 85 5 86 82 13 11 74 56 80 87 62 72 73 53 71 84 76 72 70 69 81 74 81 84 74 74 71 78 67 3 1 0 1 1 3 2 2 3 3 3 1 3 3 3 4 2 3 3 3 5 5 5 5 3 5 3 4 1 0 0 0 0
"1322" 3 2 3 1 2 1 1 2 2 2 1 2 2 1 1 3 3 3 2 3 4 4 3 3 5 4 1 2 2 3 2 1 5 1 3 3 47 0 0 45 0 50 78 27 41 0 0 34 50 0 49 49 0 72 50 74 33 44 59 50 69 46 59 49 88 75 40 4 63 90 5 100 26 100 3 1 0 0 1 3 4 4 5 1 3 1 3 3 1 2 4 3 2 5 2 2 4 5 4 5 2 4 0 0 0 1 0
"1323" 1 1 1 1 1 1 1 1 1 2 1 2 2 2 1 2 1 1 2 2 2 5 2 1 2 2 1 1 1 1 4 2 1 2 2 1 5 1 1 84 13 9 13 80 10 3 2 3 2 3 20 24 91 2 17 31 4 95 24 12 85 96 22 6 14 10 1 2 25 14 3 2 2 2 2 1 1 0 1 1 1 5 5 5 5 1 1 1 1 5 5 1 5 5 1 1 5 5 2 2 2 1 0 1 0 0 0
"1324" 1 2 2 2 1 2 2 2 2 2 3 1 2 2 2 2 3 2 2 2 3 3 5 1 3 2 3 3 2 3 3 2 2 3 2 3 56 72 50 59 69 57 64 63 58 66 62 60 60 64 49 66 69 68 50 53 62 60 64 70 68 59 51 69 58 69 64 61 73 55 70 69 66 70 2 1 0 1 0 2 2 4 3 3 2 2 2 2 2 2 3 3 2 3 2 1 1 2 2 4 2 3 0 0 0 1 0
"1325" 1 3 4 1 1 1 2 2 2 3 3 4 2 2 2 4 2 3 2 2 2 4 1 3 5 5 2 5 2 3 2 2 3 2 3 3 1 2 3 60 50 50 50 19 50 50 5 50 50 13 85 50 69 50 50 91 85 84 30 70 50 93 90 85 85 70 50 50 85 69 71 5 71 50 1 0 1 1 1 1 1 1 3 3 3 1 3 3 2 4 2 2 4 5 2 1 4 4 3 5 1 5 1 0 0 0 0
"1326" 3 1 6 3 1 1 1 1 1 2 2 1 1 2 1 1 2 1 1 3 5 2 2 2 5 5 1 5 5 5 1 2 5 1 1 1 0 0 0 100 98 0 100 0 100 100 0 0 100 6 0 100 15 100 100 97 50 96 0 100 0 100 100 90 100 100 100 100 100 100 8 0 100 100 2 1 1 1 1 1 3 1 1 5 5 1 3 3 3 5 1 1 5 4 5 2 5 5 2 5 1 2 1 0 0 0 0
"1327" 3 2 4 4 2 1 2 2 3 3 3 3 1 3 3 4 4 3 1 3 4 3 3 4 5 4 2 5 3 3 4 3 3 3 3 3 8 2 3 12 50 15 100 48 73 89 6 4 48 50 12 51 50 100 50 15 61 60 50 51 51 52 48 51 50 74 50 51 90 50 50 3 51 50 3 1 1 1 1 2 5 3 3 3 3 2 1 2 1 1 5 5 2 5 3 3 5 5 3 4 5 5 1 0 0 0 0
"1328" 3 3 4 3 2 1 2 2 4 2 1 1 1 1 2 1 2 5 1 3 3 1 2 4 5 3 1 5 5 5 3 5 5 1 2 3 0 0 0 50 50 30 60 30 55 50 0 20 60 50 10 75 5 55 55 51 45 15 20 70 50 50 70 65 65 70 55 55 60 70 0 35 25 100 1 1 1 1 0 3 3 3 4 5 5 1 3 2 2 3 1 1 5 3 3 2 3 2 4 3 3 4 1 0 0 0 0
"1329" 3 1 4 5 3 1 1 1 1 4 5 2 1 3 2 2 2 5 1 1 3 3 3 4 5 5 2 5 4 5 1 1 3 3 2 4 0 0 0 65 80 0 0 15 100 30 0 0 55 50 30 50 25 100 100 40 55 50 0 60 100 50 70 60 60 100 100 100 60 65 50 50 50 50 3 1 1 1 1 2 3 1 2 3 3 1 3 3 3 4 1 1 5 2 5 5 4 5 3 3 2 2 1 0 0 0 0
"1330" 2 1 7 2 1 1 1 3 2 1 3 2 1 3 1 3 3 3 1 1 2 3 1 1 1 1 2 4 3 2 2 4 4 2 2 3 0 3 0 45 64 47 53 34 14 70 0 40 54 61 24 54 38 79 3 42 76 81 1 52 95 71 50 79 99 85 1 2 86 47 47 0 50 34 1 1 1 0 1 3 4 2 5 1 3 1 2 2 2 1 5 5 2 4 5 3 2 5 1 4 3 4 1 0 0 0 0
"1331" 3 3 4 4 1 1 4 2 3 2 3 4 2 3 2 4 3 2 2 2 3 4 3 3 3 5 1 2 3 3 3 2 2 2 3 4 50 2 6 76 40 80 30 30 13 70 4 70 63 50 82 60 70 8 7 93 71 87 50 81 61 74 85 80 74 64 7 6 62 30 68 7 77 63 4 1 1 1 1 3 4 7 5 1 1 1 3 2 3 3 1 2 3 5 2 1 3 3 4 5 4 4 0 0 0 0 1
"1332" 1 1 4 1 1 1 4 5 4 1 5 2 3 5 3 3 2 2 1 3 4 5 7 1 1 1 1 3 1 1 4 5 5 5 2 3 1 0 0 39 0 67 0 57 29 0 60 0 0 43 22 17 19 0 0 58 27 27 34 31 62 49 41 49 49 47 0 0 28 0 0 0 0 0 2 0 0 0 0 3 1 5 5 1 1 1 2 3 2 1 2 3 2 4 3 2 2 2 5 3 2 2 0 1 0 0 0
"1333" 2 3 2 2 2 2 2 2 2 2 2 2 2 2 2 2 3 3 2 3 3 3 4 2 3 3 2 3 3 3 2 3 4 3 3 3 54 54 62 86 61 56 64 60 51 54 53 50 63 61 63 61 55 63 56 64 69 45 61 56 54 66 50 59 54 54 52 58 51 44 54 61 56 61 3 0 1 1 1 3 3 5 3 3 3 2 2 2 1 3 1 2 4 4 1 1 4 4 1 5 2 2 0 0 0 1 0
"1334" 2 2 3 3 2 1 3 3 1 1 3 3 1 3 2 1 2 1 1 1 1 3 6 3 3 4 1 3 3 5 3 2 4 1 1 4 0 0 0 61 100 25 60 16 100 74 0 0 92 50 16 63 9 100 100 62 81 66 0 15 60 95 78 76 85 100 100 100 51 73 33 23 87 78 1 1 1 1 0 1 3 5 4 2 2 1 3 3 2 2 2 2 2 3 5 3 2 3 4 5 3 4 0 1 0 0 0
"1335" 1 3 7 2 1 1 2 4 1 2 4 5 1 4 3 4 2 2 2 4 5 3 1 1 3 5 1 1 3 2 2 3 2 1 3 4 29 51 56 80 5 80 84 68 0 73 50 8 69 37 100 69 98 0 1 100 58 90 78 73 90 97 91 86 67 83 2 3 52 74 64 63 46 49 1 0 1 0 1 1 4 2 5 2 3 1 3 1 2 3 4 2 2 3 1 2 2 2 4 5 3 2 0 0 0 1 0
"1336" 3 1 4 1 1 1 1 1 1 1 1 1 1 1 1 2 2 3 2 2 3 4 5 2 5 5 1 5 3 3 2 2 3 3 1 1 0 0 0 62 51 50 60 50 90 74 0 0 50 0 41 63 66 91 86 40 56 61 0 51 49 59 74 49 75 76 74 74 76 64 50 0 63 50 1 1 1 1 1 2 3 1 3 3 3 3 2 2 2 3 3 3 3 4 2 3 3 3 4 4 4 5 1 0 0 0 0
"1337" 3 2 5 1 1 1 2 1 2 2 2 3 1 2 2 4 2 2 1 1 4 3 3 4 5 4 3 5 2 3 2 1 5 2 4 4 0 0 0 40 80 0 65 50 50 35 0 0 10 10 5 60 0 50 50 30 5 55 15 85 60 45 50 50 55 50 50 50 30 15 5 0 45 40 1 1 1 1 1 3 3 3 4 2 4 1 3 3 1 3 2 2 4 3 3 4 1 2 5 3 3 4 1 0 0 0 0
"1338" 2 1 7 1 1 1 5 1 1 1 1 1 1 5 1 5 1 5 3 1 1 5 7 1 1 1 1 1 1 1 3 4 1 4 5 1 0 0 0 0 50 90 0 85 0 0 0 50 0 0 100 0 50 0 50 100 100 50 85 85 0 30 85 100 100 100 0 50 100 0 100 0 100 0 1 1 1 1 0 3 3 7 5 1 1 3 1 1 2 1 5 5 1 5 2 1 5 5 4 5 5 5 0 0 0 0 1
"1339" 3 1 3 1 1 1 1 1 2 2 1 1 2 2 1 3 2 4 2 1 3 4 4 2 5 1 1 2 1 1 3 2 1 1 3 3 1 2 2 6 2 49 41 49 2 49 2 51 47 1 52 50 57 3 2 59 52 50 53 60 41 59 56 62 54 54 1 2 52 51 53 2 53 51 1 0 1 1 0 1 5 5 5 1 1 1 2 3 2 4 2 4 4 3 3 2 1 2 4 5 1 5 0 0 0 1 0
"1340" 1 1 3 1 1 1 1 1 1 1 1 1 1 1 1 1 2 2 1 1 3 4 5 2 5 3 2 5 3 5 3 1 4 1 3 3 0 0 0 60 91 6 12 4 100 99 0 2 41 70 0 100 74 100 99 87 71 100 0 26 99 100 94 88 100 100 100 98 89 96 95 0 97 97 1 1 0 0 1 3 2 2 2 2 2 2 3 2 1 4 1 2 4 5 2 4 4 3 4 4 3 3 1 0 0 0 0
"1341" 3 1 3 1 1 1 1 1 1 1 1 1 1 1 1 1 4 2 2 1 1 3 7 1 1 1 1 3 2 1 1 3 3 2 5 5 16 18 53 93 61 41 33 4 53 74 36 0 71 13 85 79 38 0 0 86 99 98 61 62 63 95 81 52 61 62 0 0 71 52 78 0 79 0 3 0 0 0 0 3 2 1 5 1 1 1 2 2 2 1 1 1 1 5 1 1 2 1 1 2 1 1 0 1 0 0 0
"1342" 3 3 5 2 3 2 5 4 2 3 1 5 3 2 4 4 1 4 2 4 5 3 5 2 5 2 1 4 2 2 5 5 5 1 5 5 8 5 4 0 70 68 9 70 0 0 67 61 7 0 63 12 43 0 0 70 6 16 18 70 4 22 50 70 70 70 0 0 0 66 0 8 0 66 1 0 1 0 0 1 5 5 5 1 1 3 2 2 1 1 5 4 4 4 5 2 2 2 4 5 5 5 0 0 0 1 0
"1343" 1 1 6 1 4 2 4 3 4 1 2 2 3 4 1 5 1 5 2 2 2 4 6 2 4 4 2 4 2 1 5 3 1 5 3 1 0 0 0 0 10 15 25 55 5 35 0 5 4 0 77 13 25 30 10 90 80 10 45 70 1 25 50 50 50 50 0 1 50 40 90 0 50 5 1 0 1 0 0 2 3 4 5 1 2 3 1 2 2 2 4 4 3 4 4 3 2 3 3 5 5 5 0 0 1 0 0
"1344" 2 5 4 4 4 2 4 4 5 4 4 5 4 4 4 4 3 3 2 3 3 3 3 4 5 5 3 5 3 3 3 3 3 3 4 3 8 1 5 31 50 45 48 47 42 47 5 35 43 3 57 2 52 47 14 62 42 48 9 42 69 47 74 52 54 48 30 29 38 45 25 41 20 27 3 0 0 1 1 2 3 2 5 3 3 2 2 2 2 3 4 4 3 5 3 1 2 3 5 5 3 4 0 0 0 1 0
"1345" 2 3 4 2 2 2 2 2 3 2 3 3 2 2 2 3 3 3 2 1 2 3 6 2 5 2 3 4 3 2 4 2 3 3 4 4 31 5 1 30 51 16 50 85 51 15 50 31 51 15 60 40 60 30 8 85 85 50 70 100 41 50 70 85 60 60 15 29 60 31 50 51 50 40 1 1 1 1 1 1 2 4 4 2 3 2 2 2 3 2 4 4 2 4 3 2 2 2 3 3 2 2 1 0 0 0 0
"1346" 3 2 3 1 1 1 1 1 2 1 1 2 1 1 5 4 2 1 2 2 3 2 7 4 5 4 2 4 4 4 4 4 4 4 2 2 0 0 0 50 50 0 100 0 50 50 0 0 50 85 0 85 85 50 50 85 50 85 0 100 50 50 85 100 85 50 50 50 85 50 50 0 50 50 1 1 1 1 1 3 5 1 3 3 3 1 3 3 1 2 2 3 3 4 2 1 2 4 4 4 3 3 1 0 0 0 0
"1347" 3 3 4 2 3 3 2 2 2 3 3 2 3 3 4 3 3 3 1 2 3 4 1 2 5 5 1 5 3 3 2 3 3 3 3 3 6 6 4 86 50 7 84 6 90 84 7 5 50 49 23 50 49 51 50 50 51 49 6 50 85 50 50 50 50 50 50 50 50 50 31 5 50 50 2 1 1 0 1 2 3 1 3 4 4 1 3 3 3 5 1 2 5 5 5 2 3 5 4 5 3 5 1 0 0 0 0
"1348" 2 1 4 1 2 1 4 4 1 2 2 2 1 3 1 4 1 4 1 2 2 4 5 2 5 5 3 5 2 3 2 1 1 3 4 4 15 27 19 43 53 72 64 79 51 61 28 27 45 34 66 78 70 54 59 91 61 59 72 83 61 52 66 72 70 61 50 54 66 66 82 26 82 67 1 0 1 0 0 2 4 3 5 5 5 2 3 2 2 3 4 4 2 4 4 2 3 4 4 5 3 4 1 0 0 0 0
"1349" 3 1 7 1 2 1 5 2 4 1 4 5 2 4 1 5 5 3 1 1 1 5 7 1 3 1 1 5 1 1 3 4 1 5 4 4 0 0 0 0 50 9 73 23 0 14 5 0 0 49 52 43 72 0 0 94 100 13 95 93 51 50 40 93 49 80 0 0 98 8 92 0 90 21 1 1 1 0 0 3 5 1 5 1 1 2 1 2 2 1 5 5 1 5 3 1 2 4 5 5 3 5 1 0 0 0 0
"1350" 1 1 5 1 2 1 5 1 1 1 1 2 1 4 2 4 2 5 3 1 2 5 7 3 3 3 1 5 1 1 5 3 1 3 3 2 0 0 0 0 50 100 0 100 15 85 0 50 0 0 100 40 91 50 15 100 100 53 100 100 0 40 80 58 90 100 0 0 100 94 100 0 100 85 1 0 1 1 0 3 1 6 5 5 5 2 2 2 2 3 4 2 3 4 3 2 3 4 4 4 4 5 0 0 0 1 0
"1351" 2 1 4 2 2 2 1 2 2 2 1 2 1 1 2 2 2 2 1 1 1 5 2 3 5 1 2 5 1 5 3 1 4 1 3 2 0 0 0 73 53 52 73 17 76 79 0 16 18 50 51 52 54 55 52 55 88 53 16 84 71 76 75 75 74 76 54 52 86 60 85 0 86 52 1 1 1 0 0 3 3 1 3 3 3 2 2 2 2 2 2 3 2 5 5 1 4 5 4 3 2 3 1 0 0 0 0
"1352" 2 1 4 1 1 1 5 1 1 1 1 2 1 2 1 4 1 5 1 1 2 5 6 1 3 2 2 1 1 1 5 2 2 3 3 2 0 0 0 5 45 100 100 90 5 15 0 55 5 0 90 5 65 35 5 95 75 10 90 90 0 10 90 90 90 90 1 1 90 10 95 0 90 90 1 1 1 1 1 3 5 7 5 1 1 2 2 2 2 1 5 5 3 5 3 1 1 3 3 3 5 5 0 0 0 0 1
"1353" 2 1 5 2 1 1 1 3 2 1 3 2 2 3 2 5 3 2 1 1 1 5 5 2 4 2 1 5 1 1 5 1 1 5 1 5 5 73 7 36 82 84 67 78 39 43 84 92 56 60 72 61 73 23 10 100 92 56 92 97 79 74 60 100 38 3 1 9 79 18 100 1 100 1 2 1 1 1 0 3 3 4 5 1 1 1 2 3 2 1 4 1 1 5 5 1 1 2 3 3 2 2 0 0 0 1 0
"1354" 1 2 4 2 2 3 1 3 1 2 3 2 3 2 3 1 3 2 2 2 3 3 5 3 2 2 2 1 2 2 2 2 2 1 2 1 55 33 44 85 51 81 70 62 6 31 66 94 54 51 81 56 61 4 59 96 26 94 44 72 19 59 19 88 68 58 15 9 26 49 93 44 79 61 2 1 1 1 1 3 2 7 5 5 1 2 2 2 2 2 2 2 2 2 1 2 2 1 5 3 1 1 0 0 0 0 1
"1355" 3 1 3 2 1 1 3 3 2 2 2 4 1 2 4 4 1 3 1 1 3 5 5 3 5 4 2 5 2 5 2 1 2 2 4 4 1 1 1 50 50 40 50 2 85 54 0 4 30 30 7 79 30 85 55 45 45 40 7 45 30 85 45 60 50 50 50 45 50 35 85 1 70 40 3 1 1 0 0 2 4 4 4 4 3 1 3 3 1 4 1 3 2 3 2 4 3 4 3 5 3 4 0 1 0 0 0
"1356" 1 3 5 2 4 4 3 2 5 2 1 4 2 3 4 2 3 4 2 3 4 4 4 3 5 5 1 5 4 3 2 4 5 1 1 3 45 0 37 74 48 23 85 63 47 68 22 40 51 50 50 45 59 43 43 86 58 48 67 50 61 50 93 61 85 51 47 50 50 61 38 57 31 54 3 1 1 1 1 3 4 1 1 5 5 1 3 2 2 4 3 2 5 5 5 2 5 4 2 3 2 3 1 0 0 0 0
"1357" 2 1 5 4 4 2 1 2 4 4 3 3 2 3 3 3 3 2 2 2 3 3 1 2 2 3 2 2 2 2 3 3 2 3 3 3 21 18 38 47 16 70 14 24 58 74 15 9 60 38 97 71 86 14 19 100 28 24 40 33 62 14 61 98 35 18 18 31 14 32 65 16 60 19 3 0 0 0 0 1 2 7 2 1 2 2 3 3 2 2 2 2 1 4 2 2 2 4 2 3 3 3 0 0 0 0 1
"1358" 1 2 3 4 3 3 1 4 2 3 5 4 4 2 2 4 2 2 1 2 4 2 1 4 5 5 1 5 2 3 2 1 4 1 2 4 13 0 0 57 85 13 87 3 90 57 0 0 73 77 3 53 23 92 84 37 43 77 4 74 57 90 87 82 56 84 94 87 89 85 62 0 68 67 1 0 1 0 1 1 4 2 3 3 3 1 3 3 2 3 2 3 5 3 5 3 3 4 4 5 3 3 1 0 0 0 0
"1359" 1 2 3 2 2 2 2 2 2 2 2 3 2 3 2 3 2 2 2 2 2 3 7 3 3 4 3 2 3 2 2 2 2 2 2 2 73 65 63 67 55 72 66 66 1 52 68 77 70 64 68 79 67 1 1 73 84 79 61 75 62 63 76 75 60 62 1 1 74 73 75 65 67 70 2 1 1 0 1 3 3 7 5 2 2 2 2 2 2 3 3 3 3 4 3 2 2 2 4 5 4 2 0 0 0 0 1
"1360" 3 1 5 2 3 2 1 1 3 2 1 2 3 3 2 2 2 4 1 4 4 3 6 3 5 4 2 5 2 3 4 2 3 1 1 3 22 0 0 81 84 7 100 29 100 100 0 0 55 2 56 87 18 100 100 89 61 57 14 69 90 84 100 83 100 100 100 100 69 89 10 10 66 100 3 1 1 1 1 3 2 1 2 5 1 1 3 3 3 2 1 3 4 3 2 2 4 4 2 5 2 3 1 0 0 0 0
"1361" 1 2 7 1 2 2 5 4 2 1 4 2 4 4 3 3 1 5 1 2 2 5 6 2 4 2 2 5 1 1 1 4 3 5 4 4 0 0 0 2 71 53 53 82 39 51 0 42 2 0 51 16 41 86 77 70 77 32 72 85 17 17 53 53 85 84 85 62 52 72 51 0 52 43 1 0 1 0 0 2 1 4 5 1 1 2 2 2 2 2 4 4 3 2 5 5 3 3 5 5 4 4 0 1 0 0 0
"1362" 2 1 4 1 1 1 5 2 1 1 4 2 1 5 1 5 1 5 2 3 3 5 7 1 5 2 2 5 1 1 3 5 4 4 3 1 1 1 1 1 50 100 50 1 1 50 1 1 1 1 85 1 50 95 85 100 60 7 85 100 1 1 98 99 99 99 50 93 99 99 95 1 99 98 1 1 1 1 0 2 3 5 5 1 1 3 1 2 3 1 5 3 3 5 3 1 2 3 4 5 5 5 0 1 0 0 0
"1363" 3 1 4 1 1 1 5 1 1 1 3 1 3 3 1 1 1 5 2 1 1 5 7 1 5 1 1 5 3 1 4 5 2 2 4 1 0 0 0 0 50 85 85 100 0 30 0 0 0 0 15 0 40 100 15 85 85 0 100 85 0 30 100 100 100 100 50 15 85 100 83 0 100 30 1 0 1 1 0 2 4 3 5 1 1 3 1 2 3 1 5 5 1 5 3 2 1 3 5 5 5 5 0 1 0 0 0
"1364" 1 1 2 3 2 1 3 3 2 2 2 3 1 2 3 5 2 4 1 1 3 4 5 4 5 5 1 5 1 2 5 1 1 2 1 2 26 12 24 51 43 56 70 26 80 78 4 13 37 11 30 31 15 82 69 31 40 69 13 62 65 75 78 59 70 58 66 67 57 50 56 4 56 39 1 1 1 0 1 1 1 2 2 2 3 1 3 3 1 5 2 1 5 5 1 3 2 4 4 5 3 3 0 1 0 0 0
"1365" 3 5 1 2 1 1 3 2 2 3 4 5 1 2 2 5 3 3 2 2 3 5 7 4 5 4 1 5 5 5 2 3 2 3 3 3 0 0 0 10 0 0 0 0 0 0 0 0 76 0 1 81 2 0 2 0 65 37 0 54 87 82 35 100 91 73 0 2 30 0 29 21 25 2 1 0 1 1 0 1 3 4 4 1 3 2 2 2 2 2 5 5 3 5 3 3 3 2 5 5 1 5 1 0 0 0 0
"1366" 2 3 6 2 1 1 3 3 1 2 3 4 2 3 2 4 4 3 2 3 3 3 2 3 2 3 2 5 2 2 3 3 4 1 4 4 50 50 50 100 50 92 33 70 50 43 0 50 50 50 100 70 60 50 50 100 60 50 50 60 65 60 100 80 73 90 50 50 50 60 35 70 38 85 4 1 1 0 1 2 3 4 3 2 2 1 3 3 3 3 4 2 4 3 5 2 3 2 4 5 2 3 0 0 0 1 0
"1367" 2 1 4 2 2 2 1 1 1 1 1 1 1 2 1 1 3 3 1 1 3 5 4 3 5 3 2 5 1 3 4 1 3 3 1 1 0 0 0 52 50 0 100 0 95 94 0 0 49 43 0 48 51 94 92 0 69 94 0 29 96 94 97 52 97 88 90 91 91 90 85 0 84 53 1 1 1 1 1 3 3 2 1 3 3 1 3 3 2 3 3 2 3 3 5 3 2 3 1 5 1 3 1 0 0 0 0
"1368" 3 1 3 1 2 1 1 3 1 2 3 2 1 2 1 3 4 2 1 2 3 3 7 2 2 1 1 2 2 3 3 1 2 2 3 4 18 0 41 51 73 66 58 49 74 86 54 27 70 13 62 50 69 87 76 86 61 79 68 63 60 84 40 92 44 45 79 93 58 39 93 0 86 31 1 1 1 1 1 3 3 6 4 4 3 1 3 2 2 1 2 2 2 4 4 1 2 2 2 3 2 3 0 0 0 1 0
"1369" 3 1 6 4 1 1 2 4 1 3 2 1 3 1 2 1 1 5 2 2 3 3 4 4 5 3 1 5 3 5 3 1 1 2 3 3 0 0 0 32 41 16 16 1 73 50 0 0 16 1 16 42 17 86 88 41 51 41 4 71 5 42 87 61 85 86 71 86 85 85 72 0 70 12 1 1 1 1 1 3 5 3 4 3 3 1 3 2 2 4 1 2 5 2 3 4 4 4 4 3 3 4 1 0 0 0 0
"1370" 1 2 2 1 2 2 1 1 2 2 2 2 2 2 1 2 2 2 2 4 3 3 6 3 5 1 1 2 1 1 2 3 3 3 4 4 24 3 9 39 54 87 63 49 65 61 36 90 71 34 40 91 84 61 15 85 84 69 97 89 58 44 89 86 91 88 31 22 89 94 71 100 99 93 2 0 0 0 0 2 3 2 5 1 1 1 2 2 2 4 4 2 4 5 2 2 4 4 4 4 3 4 1 0 0 0 0
"1371" 2 2 2 4 3 3 1 1 1 3 1 2 1 1 2 2 2 3 1 4 4 2 2 4 5 5 1 5 2 5 2 1 4 1 2 2 0 0 0 85 80 30 85 5 90 70 0 10 85 70 15 85 32 95 75 70 53 45 15 70 95 70 70 50 70 70 70 75 70 70 40 20 65 65 3 1 1 1 1 2 5 2 1 4 4 1 3 2 2 5 1 2 5 1 5 5 5 5 2 5 1 3 1 0 0 0 0
"1372" 3 2 5 1 1 1 5 2 5 1 2 5 2 1 1 5 1 5 1 4 4 5 5 3 5 3 2 4 1 1 5 5 4 4 4 4 60 1 1 1 65 65 75 90 40 25 45 30 1 1 65 1 55 85 40 100 65 30 95 100 1 1 50 100 75 90 45 50 40 25 35 1 20 1 1 1 1 0 0 3 5 6 5 1 1 3 1 2 2 1 4 4 5 3 4 3 2 2 4 4 3 5 0 0 0 1 0
"1373" 2 2 2 1 2 2 2 2 1 2 1 2 2 2 2 2 3 2 1 2 2 3 3 2 1 3 2 1 2 1 2 4 4 2 4 5 58 66 70 65 51 68 69 60 58 59 68 53 61 57 63 58 59 81 68 84 67 66 60 66 66 55 79 71 72 73 72 69 59 67 50 50 53 61 1 1 1 1 1 3 4 6 5 1 1 2 2 2 2 1 3 3 2 4 3 3 4 3 4 4 3 2 0 0 0 1 0
"1374" 1 5 4 2 3 2 2 1 2 1 3 1 3 1 3 1 3 2 3 1 3 3 5 4 4 5 2 5 2 5 3 2 2 3 4 5 3 0 4 99 44 0 100 71 39 7 0 0 11 85 100 2 82 82 90 100 67 89 80 76 100 86 99 100 100 95 100 97 76 75 92 50 93 100 1 1 1 1 1 2 1 1 1 4 4 1 2 2 2 4 4 4 5 2 1 2 4 1 5 5 2 5 1 0 0 0 0
"1375" 3 3 4 3 1 1 1 4 2 3 3 3 2 3 2 3 1 4 1 4 5 2 1 4 5 5 2 5 4 5 3 3 4 2 2 3 7 0 1 77 82 6 99 30 80 34 0 19 43 51 27 80 29 76 64 41 23 58 23 77 67 76 100 94 92 100 53 71 81 83 74 5 79 85 1 1 0 1 1 1 3 1 4 3 3 2 3 3 3 4 2 2 4 2 4 2 2 2 1 5 2 4 1 0 0 0 0
"1376" 2 3 3 1 2 3 2 4 2 3 3 3 2 4 2 3 4 3 2 2 3 3 5 5 3 2 5 1 3 3 3 2 3 4 2 2 63 50 66 91 63 63 54 42 4 81 72 11 60 51 64 52 82 3 53 49 51 28 51 27 47 76 84 71 74 86 67 58 41 96 17 43 57 74 1 0 0 0 0 2 3 4 2 3 2 2 3 2 2 3 3 3 2 2 3 3 4 4 2 4 3 2 0 0 0 0 1
"1377" 2 2 4 1 1 1 5 2 5 2 3 2 3 5 1 5 1 5 2 3 4 4 5 2 5 2 4 5 1 1 3 4 4 4 2 2 6 8 5 6 14 49 47 5 5 20 5 69 1 8 68 14 6 28 5 86 59 8 66 72 8 11 70 61 63 66 3 4 32 4 23 1 31 4 4 1 1 1 0 3 4 5 5 1 1 2 2 2 2 1 4 5 1 5 3 1 1 3 3 4 4 5 0 0 1 0 0
"1378" 3 3 4 1 2 1 4 3 1 3 4 3 2 4 1 5 1 5 1 4 3 4 4 2 5 3 2 5 1 1 4 5 2 4 4 2 0 0 0 0 100 79 100 86 79 79 0 0 0 0 40 88 50 100 100 100 79 79 100 100 77 100 100 100 100 100 77 77 76 100 100 0 100 79 1 0 1 1 0 2 3 5 4 2 2 2 2 2 2 3 5 4 3 5 4 3 2 3 1 5 4 4 0 0 1 0 0
"1379" 2 3 5 1 2 2 4 4 3 2 4 3 2 4 1 3 1 4 2 2 2 4 4 4 4 5 4 5 1 1 3 3 3 2 3 3 14 6 6 6 30 51 49 50 11 50 6 50 3 51 60 30 40 4 14 78 59 49 54 70 60 40 60 50 40 53 4 4 49 50 50 6 50 50 2 0 1 0 0 2 4 4 5 1 1 2 2 2 2 2 4 4 2 3 3 3 2 3 4 5 3 5 0 0 0 1 0
"1380" 2 2 5 1 2 2 4 2 3 1 4 5 5 5 2 5 1 5 2 3 4 4 7 2 4 3 4 2 1 1 3 4 2 5 5 4 32 3 3 4 15 87 7 70 6 5 4 51 6 1 63 29 16 7 3 92 48 13 57 70 4 28 32 70 32 62 4 2 37 8 40 3 39 7 2 1 1 0 0 3 2 5 5 1 2 2 1 1 3 2 3 5 2 4 4 2 1 1 4 3 4 5 0 0 0 1 0
"1381" 1 3 3 3 3 3 3 2 3 3 2 3 3 2 3 3 4 2 2 2 3 3 4 2 3 3 3 2 3 2 3 2 2 3 5 2 67 61 70 34 55 62 61 59 71 70 22 45 54 60 48 39 69 38 64 69 58 35 53 48 56 61 73 79 74 61 74 42 57 43 42 52 45 50 2 0 0 1 1 1 3 4 2 2 2 2 2 2 2 2 2 3 2 3 2 3 2 2 4 2 3 2 0 0 0 1 0
"1382" 3 2 3 1 2 1 3 2 2 2 2 3 2 1 1 3 2 4 2 2 3 4 7 2 3 5 3 3 2 1 1 1 1 1 2 2 1 1 1 50 50 71 48 52 50 50 1 50 50 50 76 25 50 50 50 86 86 72 50 100 50 51 75 50 70 85 50 50 76 76 85 1 85 80 2 0 1 0 1 1 5 6 4 1 1 2 3 2 2 2 4 4 3 4 2 2 1 3 1 5 3 4 0 0 0 1 0
"1383" 2 2 3 2 2 2 3 3 4 3 4 4 2 1 3 5 2 3 1 4 4 3 3 3 5 4 2 5 2 5 4 1 2 5 4 3 1 1 1 70 70 5 70 25 70 70 1 70 70 70 5 75 60 70 70 15 40 75 15 50 60 80 70 70 70 70 50 50 70 5 65 1 70 5 1 1 1 1 0 2 3 1 3 4 4 1 3 3 2 4 1 3 5 3 3 5 2 5 5 4 2 4 1 0 0 0 0
"1384" 1 1 3 2 3 1 1 1 1 3 2 3 1 2 2 2 1 3 1 3 3 3 3 3 5 4 1 5 2 4 2 1 5 1 2 2 5 0 0 86 83 6 100 10 100 84 5 2 45 4 3 99 17 99 85 50 35 78 3 51 86 77 66 54 77 70 85 88 82 74 9 3 42 70 2 1 1 1 1 3 2 2 3 4 4 2 3 2 2 4 2 2 4 2 5 5 1 2 1 5 2 4 0 1 0 0 0
"1385" 3 5 4 3 2 1 1 1 3 2 3 3 3 3 1 3 3 4 2 3 4 3 3 3 5 5 2 5 3 5 2 3 3 3 3 3 51 6 25 52 53 1 100 60 41 48 5 58 47 2 48 72 42 53 50 84 26 53 50 51 100 51 100 35 100 50 51 49 52 70 53 4 52 53 5 0 0 0 0 2 5 1 5 3 3 1 3 3 1 5 1 1 5 5 3 2 5 2 4 4 3 3 1 0 0 0 0
"1386" 3 5 4 4 4 3 3 2 5 2 4 3 2 4 3 4 3 3 2 5 5 2 7 3 5 5 1 5 3 3 3 3 3 2 3 2 52 57 59 52 40 20 43 19 51 21 36 56 62 53 45 14 60 57 46 54 20 52 44 21 53 36 52 46 34 52 26 34 43 45 19 21 24 27 3 1 1 1 1 2 3 1 3 3 3 2 2 2 2 3 3 3 3 3 3 3 3 3 4 4 3 3 1 0 0 0 0
"1387" 1 1 1 2 3 2 1 1 1 2 1 1 1 1 1 1 3 2 1 4 4 3 1 3 5 5 2 5 2 2 2 1 5 1 1 1 0 0 0 100 85 0 100 5 100 95 0 0 75 70 0 95 20 95 95 90 70 90 0 85 100 90 99 80 95 90 95 90 95 95 85 0 90 90 2 1 1 0 1 3 5 1 2 4 4 1 3 3 3 5 1 1 5 2 5 2 5 5 1 5 3 4 1 0 0 0 0
"1388" 1 1 4 1 2 2 4 1 1 2 3 1 1 4 1 1 3 3 1 3 3 3 7 2 5 5 2 5 2 3 5 3 3 3 2 2 0 0 0 88 50 16 36 32 67 26 0 0 0 4 50 83 56 84 64 66 8 68 1 58 77 77 100 62 66 62 52 57 75 45 42 0 75 43 3 1 1 1 1 3 3 4 5 3 3 1 3 2 2 5 1 1 5 5 5 1 5 5 2 4 1 3 0 0 0 1 0
"1389" 2 2 3 1 1 1 1 2 2 1 3 4 2 4 1 4 1 2 1 1 2 4 4 3 5 5 1 5 1 2 2 2 4 1 2 4 20 0 0 40 90 50 50 80 80 80 0 0 67 0 40 67 75 80 80 40 80 80 80 80 60 80 80 80 80 80 80 80 80 40 40 20 80 80 1 0 1 0 0 1 2 3 5 1 5 2 2 2 2 2 4 5 4 1 5 3 2 5 4 5 3 3 0 1 0 0 0
"1390" 2 1 4 1 1 1 3 2 1 1 1 3 1 2 3 3 1 1 2 3 3 3 6 2 2 2 3 1 3 3 3 4 5 2 3 2 0 0 0 9 26 67 74 29 80 21 23 0 23 21 45 47 38 52 60 66 43 15 32 20 40 41 51 39 44 21 46 31 25 24 25 9 41 33 3 1 1 1 1 2 3 5 3 3 3 2 2 2 2 2 1 2 3 4 2 1 2 4 2 4 1 1 0 0 0 1 0
"1391" 2 1 3 1 1 1 5 5 1 1 5 2 5 5 1 5 1 5 2 1 1 3 7 3 4 2 1 3 1 1 4 3 3 5 4 2 0 0 0 15 50 89 15 100 0 16 0 55 0 0 50 31 50 50 0 76 73 15 100 72 0 31 52 50 53 53 0 0 61 17 100 0 63 19 1 0 1 0 0 2 3 7 5 1 1 3 1 2 2 1 5 5 1 3 4 3 2 2 4 5 5 5 0 0 0 0 1
"1392" 2 1 4 1 1 1 5 4 4 1 2 2 3 3 1 3 1 5 2 1 2 5 7 1 5 2 1 5 1 1 3 4 1 4 4 2 0 0 0 0 50 62 69 69 50 40 0 15 0 0 82 15 42 50 50 86 89 30 73 88 39 29 88 68 85 100 50 51 87 61 83 9 84 49 2 1 1 1 0 3 1 5 5 5 5 3 1 2 3 1 5 5 1 4 3 2 1 3 5 5 4 5 0 0 1 0 0
"1393" 2 2 4 1 2 1 2 2 1 2 3 3 2 2 2 2 2 3 2 1 2 4 4 4 5 5 2 5 2 5 3 1 4 2 4 4 8 0 2 40 44 54 64 43 50 66 0 32 48 53 45 53 62 53 50 85 93 92 30 78 62 76 83 89 89 90 53 53 75 54 73 0 72 69 2 1 1 1 1 2 4 3 3 2 3 1 3 2 2 4 4 2 4 4 2 2 4 5 3 5 3 4 1 0 0 0 0
"1394" 3 2 7 1 5 1 5 3 1 1 5 5 3 5 2 5 1 5 1 1 2 5 7 1 1 1 5 5 1 1 5 5 5 5 4 4 2 0 0 0 100 77 15 100 15 0 70 50 0 0 30 0 70 50 50 40 60 0 0 70 0 15 15 100 50 50 50 50 16 15 50 0 50 0 1 0 1 0 0 2 3 5 5 1 1 2 2 2 2 1 5 5 1 3 5 4 1 2 5 4 4 5 0 0 0 1 0
"1395" 3 1 7 1 1 1 5 4 3 1 4 1 1 3 1 2 1 5 1 1 1 5 4 2 5 2 2 5 1 1 3 4 3 4 4 3 5 0 0 0 100 100 53 100 6 32 0 52 0 0 100 100 90 99 60 100 100 5 100 99 0 1 100 100 100 100 52 54 100 86 89 20 89 87 1 0 1 1 0 2 5 5 5 1 1 3 1 2 2 2 4 5 3 3 4 3 1 2 2 5 3 4 0 0 0 1 0
"1396" 2 2 4 1 2 1 5 5 5 1 2 4 1 3 1 5 1 5 1 1 3 5 5 3 5 2 2 5 1 1 5 3 1 5 5 3 0 0 1 0 60 50 50 100 0 0 0 31 14 0 50 14 50 61 0 69 60 15 100 85 0 14 15 70 63 61 0 0 69 30 59 0 60 0 1 0 1 1 0 2 4 4 5 1 1 3 1 1 1 1 5 5 1 3 5 5 2 3 5 5 5 5 0 0 1 0 0
"1397" 2 1 6 2 1 1 1 1 1 1 2 1 1 2 1 3 2 1 2 1 1 5 7 1 1 5 1 1 1 1 1 3 1 5 1 1 14 17 9 71 9 85 63 17 76 75 23 17 61 63 59 85 60 86 74 73 86 83 17 75 64 87 72 89 73 79 72 61 87 43 87 12 88 36 1 1 1 1 1 3 1 7 5 1 1 1 3 2 2 1 3 3 2 5 1 1 1 2 4 5 1 1 0 0 0 0 1
"1398" 1 2 4 1 2 1 3 1 1 1 1 1 2 2 2 2 3 3 2 1 2 4 7 4 5 3 1 5 1 1 4 2 1 3 1 1 47 3 1 77 16 100 100 1 76 74 3 2 66 34 5 53 55 60 62 76 88 53 19 52 100 56 79 72 43 54 64 64 75 54 92 5 95 56 2 1 1 0 1 3 4 1 3 5 5 2 3 1 2 2 4 4 3 5 3 3 2 3 3 5 2 4 1 0 0 0 0
"1399" 2 3 4 3 1 1 1 3 3 3 4 2 2 4 4 2 2 3 1 1 3 3 3 4 5 4 4 5 3 5 3 3 3 3 4 4 10 0 1 50 50 48 79 70 70 80 1 2 50 50 52 90 52 90 90 70 70 70 65 90 78 90 90 90 90 90 89 85 90 90 50 50 50 50 1 1 1 1 1 2 3 1 3 3 3 1 2 2 2 4 2 2 4 3 4 4 3 4 4 3 3 5 1 0 0 0 0
"1400" 2 2 5 1 3 1 5 5 5 1 5 5 3 5 1 5 1 5 1 1 2 5 7 2 5 2 2 5 1 1 3 5 5 5 4 4 1 2 3 2 5 3 1 3 1 1 1 3 1 2 2 1 10 1 2 14 3 11 15 1 2 2 3 14 14 2 1 1 1 2 1 1 1 1 1 0 1 0 0 2 5 4 3 3 3 2 2 2 2 3 5 5 3 3 3 3 3 3 4 4 5 5 1 0 0 0 0
"1401" 3 3 4 4 2 2 1 2 3 3 1 2 1 2 4 2 2 2 1 2 3 3 4 2 5 4 3 5 3 4 3 2 5 2 1 2 0 0 0 50 50 5 60 30 55 50 0 10 40 35 5 65 15 50 45 40 46 55 0 45 55 55 50 50 50 50 45 50 50 50 20 0 30 35 2 1 1 1 1 3 5 2 3 3 3 1 2 2 2 4 2 2 4 2 5 5 3 4 3 3 1 4 1 0 0 0 0
"1402" 1 2 2 4 3 3 1 1 1 3 3 2 2 2 2 3 3 2 1 1 3 3 3 3 5 5 1 5 3 5 4 1 2 1 3 3 2 1 3 85 40 14 85 3 60 77 3 6 60 15 14 77 23 50 50 64 70 60 3 49 94 96 51 51 50 50 50 49 60 50 60 2 65 64 3 1 1 1 0 3 2 1 3 3 3 1 3 3 2 4 2 2 5 3 4 3 4 4 4 5 2 4 1 0 0 0 0
"1403" 1 1 7 1 1 1 1 1 1 1 1 1 1 1 2 2 3 3 2 3 1 3 5 2 5 2 1 5 2 1 4 3 3 2 3 3 60 0 0 50 75 60 60 85 20 0 0 0 60 0 60 70 0 20 0 60 60 30 50 40 20 70 15 70 30 40 0 0 60 60 70 50 60 60 3 1 1 1 1 3 3 4 5 1 1 2 2 2 2 3 5 3 3 5 2 2 2 2 2 5 3 5 1 0 0 0 0
"1404" 2 2 2 3 4 2 1 2 2 3 2 3 1 1 3 3 2 4 1 2 3 3 3 3 5 4 1 5 3 5 3 1 4 1 2 2 0 0 0 45 49 16 87 85 51 71 1 0 30 50 46 78 23 51 49 61 58 70 10 52 84 71 51 51 52 50 51 50 61 63 22 0 62 62 2 1 1 1 0 3 1 2 4 3 3 1 3 3 2 4 1 1 5 4 5 4 5 4 2 4 1 4 1 0 0 0 0
"1405" 3 2 4 1 2 1 5 5 5 2 4 5 5 4 2 5 1 5 1 1 1 3 5 2 5 1 2 5 2 3 2 4 4 3 4 4 2 2 3 2 50 2 1 50 1 1 3 4 2 2 50 2 79 50 2 50 100 2 51 50 50 30 50 50 50 50 1 2 50 2 50 50 50 50 1 1 1 1 0 3 3 2 5 1 1 2 1 2 2 2 5 4 3 4 3 3 2 4 5 4 5 5 1 0 0 0 0
"1406" 2 2 3 3 2 2 4 1 3 1 4 4 4 3 2 4 2 1 2 2 2 3 3 2 2 2 1 2 3 3 3 4 4 4 3 3 16 45 57 100 76 77 42 87 8 16 65 72 79 52 74 70 64 18 21 76 81 73 51 75 87 60 100 88 45 80 21 24 92 55 71 100 56 40 2 0 1 0 0 2 3 7 3 3 3 2 2 2 2 3 2 1 5 5 3 2 3 4 4 4 1 1 0 0 0 1 0
"1407" 2 3 4 2 1 1 2 2 3 3 5 3 2 5 2 5 2 3 2 3 3 3 4 3 5 4 2 5 1 1 5 5 5 4 5 5 54 28 52 35 54 15 35 53 53 54 47 53 51 53 53 54 53 53 53 51 46 53 62 76 94 53 54 53 51 53 55 54 53 52 53 51 52 52 5 0 0 0 1 2 3 2 3 3 3 2 2 2 2 2 4 4 3 3 3 3 3 3 3 3 4 5 1 0 0 0 0
"1408" 2 1 5 1 1 1 1 1 1 2 2 1 1 1 1 1 2 1 1 1 1 1 6 3 2 1 1 1 2 2 2 1 5 1 2 4 11 61 26 60 20 52 58 31 31 19 24 60 82 11 40 38 51 56 24 41 87 57 47 65 17 42 41 44 11 56 46 81 41 79 90 57 46 58 1 1 0 1 1 1 2 7 2 2 2 1 2 2 1 2 2 4 3 3 2 1 2 2 2 2 1 2 0 1 0 0 0
"1409" 3 4 6 1 3 1 1 3 1 4 2 2 1 1 3 4 1 4 1 5 4 2 5 2 5 5 2 5 3 4 2 1 1 5 4 2 0 0 0 15 45 40 15 5 25 1 0 5 30 10 15 55 25 40 15 25 40 10 5 30 40 50 50 30 55 75 6 6 85 40 75 1 80 5 2 1 1 1 0 3 5 5 5 1 1 2 3 3 2 4 1 4 2 4 4 2 1 1 4 5 2 5 0 1 0 0 0
"1410" 1 2 4 4 3 3 2 4 4 3 3 4 2 3 4 4 2 2 1 2 3 3 5 4 4 4 2 5 3 2 3 3 2 2 4 4 7 0 5 69 60 60 56 56 60 9 50 11 70 50 53 55 60 70 50 70 66 59 51 52 51 73 70 70 60 55 50 50 51 34 51 0 55 40 1 1 0 1 1 3 3 5 4 4 4 2 2 2 2 3 2 2 3 3 2 2 3 4 5 3 3 3 0 1 0 0 0
"1411" 3 2 4 4 3 2 1 1 1 2 2 4 2 3 1 3 2 3 1 2 5 1 3 4 5 5 1 5 4 4 3 2 5 1 2 3 0 0 0 90 51 0 90 6 89 78 0 0 50 53 0 50 42 70 55 37 31 51 0 40 90 50 52 30 50 70 69 53 49 53 16 17 52 86 2 1 1 1 1 3 4 1 1 5 5 1 3 3 2 5 1 1 5 2 4 4 5 4 4 3 3 3 1 0 0 0 0
"1412" 1 1 4 1 3 1 3 3 1 3 5 5 1 5 1 5 1 3 1 3 3 3 7 4 4 1 2 3 1 1 5 5 5 5 5 5 0 0 0 0 2 47 53 96 0 0 0 0 0 0 18 0 50 0 0 33 56 0 100 98 58 68 50 53 54 52 0 0 66 0 0 0 1 1 1 1 1 0 1 3 3 4 5 1 1 2 2 2 2 1 5 5 1 3 3 1 1 1 5 5 5 5 0 0 0 1 0
"1413" 2 2 4 3 3 3 4 3 3 3 3 3 2 3 3 2 3 3 2 2 3 3 4 3 3 3 3 3 3 3 3 3 3 3 3 3 1 1 0 50 0 50 51 50 0 52 50 0 51 0 52 50 51 0 1 52 52 50 50 59 50 51 52 49 51 50 0 1 50 70 50 0 0 29 3 1 1 1 1 2 3 1 3 3 3 1 3 2 2 4 2 2 3 4 3 3 3 3 4 3 4 4 1 0 0 0 0
"1414" 2 1 4 1 1 1 4 4 1 1 2 3 1 3 1 4 1 5 1 1 2 5 5 2 4 2 2 5 1 1 1 5 2 4 4 4 0 10 0 31 79 29 50 94 50 61 0 35 16 0 29 16 10 95 50 96 97 84 60 94 5 40 100 100 100 100 50 51 100 86 86 1 96 51 1 1 1 1 0 2 4 4 5 1 1 1 1 2 2 3 4 3 2 4 3 3 2 4 3 5 4 5 0 1 0 0 0
"1415" 1 1 4 4 2 3 1 5 1 1 1 1 1 1 1 2 1 3 1 1 2 3 5 3 5 1 1 5 2 4 4 1 5 2 1 1 0 0 0 16 52 9 53 0 51 43 0 88 23 4 2 70 25 59 39 44 71 68 0 72 51 86 100 100 100 100 63 64 100 56 66 0 100 90 1 1 1 1 1 3 4 2 4 1 1 1 3 3 2 5 2 2 5 5 3 1 3 5 1 5 1 2 1 0 0 0 0
"1416" 3 3 4 4 3 3 2 1 2 3 1 4 1 1 1 4 3 3 2 4 3 4 3 4 5 5 3 5 4 5 2 5 5 2 2 2 17 17 1 78 91 14 71 22 76 84 1 19 48 17 13 76 34 92 83 39 43 84 11 80 95 71 74 44 94 82 95 87 51 82 15 42 29 52 2 1 1 1 1 3 4 2 4 5 5 1 3 3 2 4 2 2 5 3 4 3 5 5 3 5 3 3 1 0 0 0 0
"1417" 2 2 5 2 3 3 5 2 4 3 4 4 5 4 4 4 2 3 1 3 4 4 4 3 5 2 1 5 2 4 2 2 2 2 4 4 15 15 14 75 86 47 77 30 78 76 15 15 60 50 15 81 50 78 51 15 50 77 15 49 77 76 76 77 76 78 77 75 77 77 70 1 70 70 2 1 1 0 0 2 1 1 1 4 4 1 3 2 2 3 2 3 3 3 4 3 4 3 5 5 3 4 1 0 0 0 0
"1418" 1 2 4 4 3 3 1 2 2 4 1 2 1 1 1 2 3 3 1 1 3 3 1 4 5 5 2 5 2 5 3 1 4 1 2 3 0 0 0 90 100 5 95 5 95 70 0 0 50 85 0 50 30 95 95 30 55 70 0 50 100 50 100 50 100 100 95 95 100 70 85 0 60 95 1 1 1 0 1 2 2 2 2 3 3 1 3 3 2 4 2 2 5 4 5 5 3 5 4 4 2 4 0 0 1 0 0
"1419" 3 2 5 4 2 4 1 4 3 3 4 3 2 1 3 5 1 1 1 1 2 3 1 2 5 5 1 5 1 5 4 1 1 4 3 3 1 1 1 100 100 100 100 1 100 100 1 100 100 100 1 85 1 100 100 1 100 100 1 100 100 100 100 100 100 100 100 100 100 100 100 1 100 50 1 1 1 0 1 3 3 1 3 3 3 1 3 3 3 5 1 3 5 3 3 3 2 4 4 5 2 3 1 0 0 0 0
"1420" 3 3 4 3 3 2 2 3 2 2 2 3 2 2 3 5 4 3 2 2 3 4 5 2 3 3 1 5 2 2 4 1 3 2 3 3 0 0 0 38 40 59 52 52 52 25 0 13 3 15 21 46 24 64 48 77 85 83 12 57 47 84 71 62 48 58 33 42 56 2 5 0 54 39 2 1 1 1 1 3 3 4 4 3 3 2 2 2 2 3 4 3 2 4 3 2 4 4 5 4 3 3 0 1 0 0 0
"1421" 2 1 1 4 4 3 1 2 2 3 3 2 1 1 3 2 3 1 1 1 3 4 5 2 5 3 1 5 3 5 2 1 4 1 2 3 0 0 0 90 100 0 100 0 100 95 0 0 90 60 0 80 60 100 100 80 70 70 0 85 100 100 100 100 100 100 100 100 100 90 70 0 75 40 1 1 1 1 1 1 3 1 2 5 5 1 3 3 2 4 2 2 5 4 5 3 4 3 4 3 3 3 1 0 0 0 0
"1422" 3 1 2 4 3 1 1 1 1 4 3 2 1 2 4 2 3 2 1 2 4 2 1 4 5 4 1 5 3 5 2 1 4 1 1 2 0 0 0 90 100 0 91 14 91 83 0 0 70 74 0 68 12 100 100 0 41 60 0 60 100 81 91 66 87 100 100 100 93 87 59 60 52 55 1 1 1 1 1 3 2 1 2 4 4 1 3 3 3 5 1 2 5 5 2 5 4 3 1 5 2 4 1 0 0 0 0
"1423" 3 1 4 1 1 1 4 3 1 1 3 1 1 4 1 2 1 4 2 1 2 4 7 1 5 2 1 5 1 1 2 4 4 3 2 2 0 0 0 15 50 75 75 100 0 40 0 5 29 0 50 50 50 80 85 100 100 50 100 99 25 50 100 100 100 100 51 94 100 51 100 0 100 100 2 1 1 1 0 2 3 6 5 3 5 2 2 2 2 3 5 3 3 4 3 3 2 3 5 4 5 5 0 0 0 1 0
"1424" 2 2 3 2 2 2 1 2 2 2 2 2 2 2 2 2 2 2 2 3 3 3 5 2 2 2 1 2 2 2 3 3 3 3 2 3 63 10 42 60 56 39 42 70 47 50 44 30 64 68 60 69 53 33 48 77 56 35 51 58 33 56 74 66 23 48 43 40 41 40 63 67 66 59 3 1 1 1 1 1 3 3 3 3 2 1 2 2 2 2 2 2 2 2 2 2 2 2 2 4 2 2 0 1 0 0 0
"1425" 3 2 5 1 2 1 5 2 4 1 3 2 1 4 1 4 1 5 2 1 2 5 7 2 3 3 2 1 1 1 5 5 2 2 4 2 3 4 4 3 7 100 3 50 5 60 3 70 3 3 100 42 7 4 5 90 85 15 53 94 2 12 75 85 99 100 4 5 92 15 85 4 87 17 1 0 1 1 0 3 1 6 5 1 1 3 1 2 3 1 5 5 1 4 3 3 2 3 3 3 4 5 0 0 0 1 0
"1426" 3 3 7 2 2 1 2 3 2 2 3 5 2 3 2 5 3 3 2 1 4 3 6 3 3 3 1 3 2 3 4 4 4 2 3 3 49 14 17 54 51 59 52 52 11 50 12 51 51 50 49 55 72 15 15 100 100 50 51 64 62 75 55 50 50 52 18 18 53 50 66 9 63 26 2 1 1 1 1 3 3 5 5 1 5 2 2 2 2 2 4 4 2 5 3 1 2 3 3 3 5 5 0 0 0 1 0
"1427" 3 1 1 4 4 4 2 1 1 3 3 4 3 4 2 4 2 1 1 3 4 3 3 4 4 4 2 5 3 4 4 2 2 2 2 3 2 3 2 69 99 6 97 100 94 94 6 5 85 25 0 99 10 93 93 8 26 88 4 62 90 100 89 78 81 85 92 88 74 68 54 2 89 46 2 1 0 0 0 1 2 1 3 4 4 1 3 3 2 5 1 1 5 5 5 5 5 5 2 5 1 1 1 0 0 0 0
"1428" 2 1 4 1 1 1 4 1 3 1 3 2 1 3 1 4 1 5 2 1 1 5 4 3 4 3 2 5 1 1 3 1 1 3 4 3 0 0 0 0 0 79 0 61 0 9 0 0 0 0 76 42 72 9 0 100 91 53 73 89 14 56 81 91 87 78 0 0 91 71 86 0 85 70 1 1 1 1 1 3 4 6 5 1 1 2 2 2 2 1 3 4 3 5 3 1 2 3 4 3 4 5 0 0 0 1 0
"1429" 1 3 4 5 3 3 1 2 4 3 2 2 2 2 4 2 3 3 1 2 2 4 4 4 5 5 1 5 4 5 1 1 3 1 3 3 0 0 0 60 85 1 86 5 85 85 0 0 6 81 0 91 42 91 94 0 69 91 0 60 92 93 94 89 94 92 92 92 90 88 60 0 60 60 1 1 1 1 1 3 1 1 1 5 5 1 3 3 3 5 1 1 5 1 5 5 5 5 2 5 2 3 1 0 0 0 0
"1430" 3 2 5 1 2 1 5 5 4 1 2 2 2 3 1 5 1 5 1 1 1 4 7 2 2 1 1 5 1 2 3 3 2 4 3 2 0 0 0 0 50 60 75 55 30 50 0 0 0 0 5 0 90 50 50 85 97 1 60 100 0 15 70 70 70 50 0 50 70 50 85 0 50 50 1 1 0 1 0 3 3 6 5 1 1 2 1 2 2 2 5 5 2 5 2 1 2 3 5 5 5 5 0 0 0 1 0
"1431" 3 3 4 2 1 2 2 3 2 3 4 3 3 4 1 3 4 2 2 4 3 4 4 3 5 3 3 5 2 1 1 5 5 5 4 4 60 60 54 60 73 59 53 73 60 59 59 60 53 50 71 72 72 61 74 70 84 68 61 84 70 72 71 73 70 69 70 67 68 73 60 62 60 59 3 1 1 1 1 2 5 4 5 2 2 2 2 2 2 2 4 3 2 4 3 3 4 4 5 5 4 4 0 1 0 0 0
"1432" 1 5 5 1 1 1 3 1 3 1 5 5 4 5 1 5 3 2 3 5 4 3 4 2 2 4 3 5 1 1 5 5 1 4 5 5 35 14 8 9 7 82 9 9 22 17 13 20 10 25 89 5 19 25 8 100 29 14 12 61 6 39 15 13 17 9 9 14 7 18 6 8 12 21 1 1 1 1 1 3 5 6 5 1 1 2 1 2 2 1 3 5 1 5 1 1 1 3 1 2 4 5 0 0 0 1 0
"1433" 2 5 4 1 2 1 5 4 4 3 5 5 5 5 1 5 1 5 1 1 2 4 6 3 4 4 2 4 1 1 5 4 3 3 4 5 3 4 4 0 54 32 35 47 42 9 1 55 2 2 23 51 51 53 50 51 79 13 53 75 31 40 72 91 40 54 51 63 52 2 40 52 42 53 2 1 1 1 1 3 3 2 5 1 1 3 2 2 2 1 5 4 2 5 4 2 3 3 3 5 2 5 1 0 0 0 0
"1434" 3 1 1 2 3 3 1 1 2 4 1 1 1 2 1 3 2 2 1 2 3 3 1 4 5 5 1 5 2 5 1 1 1 5 4 2 0 0 0 40 85 0 100 0 70 100 0 0 40 100 0 60 50 100 100 50 70 40 0 60 85 85 50 50 50 50 100 100 100 85 70 0 100 40 2 1 1 1 1 3 3 1 1 5 5 1 3 3 2 5 1 2 5 1 5 5 2 5 1 5 2 2 1 0 0 0 0
"1435" 3 2 4 4 3 3 1 2 2 4 3 3 2 2 2 2 3 2 1 3 3 3 2 4 5 4 2 5 3 5 2 1 4 2 1 4 0 0 0 85 90 15 90 10 85 90 0 0 90 85 15 85 50 85 85 40 70 90 0 60 100 85 80 70 85 85 85 80 85 85 30 5 60 85 1 1 1 0 0 3 3 1 2 4 4 1 3 3 2 5 1 2 5 3 3 3 4 5 4 3 2 3 1 0 0 0 0
"1436" 3 4 1 4 3 3 1 1 3 3 2 2 1 2 3 3 2 3 1 2 4 4 4 3 5 4 3 5 2 5 1 1 4 1 3 4 1 0 0 42 50 17 72 39 54 50 0 2 63 51 31 86 51 52 54 52 72 86 14 83 90 71 49 52 53 52 53 52 59 50 51 52 52 86 1 0 1 1 1 1 4 1 3 4 5 1 3 3 2 5 2 3 5 3 5 2 3 5 5 4 2 4 1 0 0 0 0
"1437" 2 2 4 2 1 1 3 4 1 1 4 5 1 3 3 4 4 3 3 3 4 2 7 4 5 3 1 5 3 2 5 3 5 3 4 4 20 0 7 86 1 17 50 8 17 51 0 51 39 5 39 52 53 31 10 100 41 61 1 70 33 88 100 40 85 40 16 20 32 50 16 16 15 17 1 1 1 1 1 2 3 4 5 3 3 1 3 2 2 3 2 1 5 5 3 2 3 3 2 5 1 5 0 0 0 1 0
"1438" 2 3 4 2 1 1 1 1 2 1 1 5 1 2 2 1 5 5 2 4 4 4 7 4 5 2 2 2 2 3 4 3 3 3 1 5 25 5 2 18 3 15 21 43 9 19 7 10 26 14 10 23 35 31 36 18 18 27 12 19 100 15 84 17 13 12 8 15 4 33 2 37 0 93 2 1 1 1 1 1 4 1 3 3 3 2 2 2 2 3 3 1 1 3 3 3 3 3 4 4 4 3 0 1 0 0 0
"1439" 1 3 6 2 1 1 5 1 3 2 3 3 2 3 3 2 1 5 1 2 3 3 2 2 5 3 2 5 2 3 3 3 3 3 2 3 0 0 0 50 50 50 50 50 50 50 0 0 15 0 15 20 30 50 50 50 50 50 40 50 50 50 50 50 50 50 50 50 50 50 50 50 50 50 1 1 1 1 1 2 2 1 4 1 1 1 3 3 3 3 2 2 5 3 5 3 4 4 5 5 2 5 1 0 0 0 0
"1440" 1 1 6 2 3 3 3 2 1 2 5 5 2 4 2 4 1 2 1 2 2 4 6 2 5 5 2 5 3 1 5 4 4 4 3 3 24 16 16 7 43 100 97 100 100 66 20 18 50 14 71 57 55 56 20 72 83 46 100 95 89 58 78 74 0 64 35 32 59 47 28 16 36 42 3 1 0 0 0 2 3 1 5 1 1 1 2 2 2 2 2 2 2 5 4 2 3 5 3 3 4 5 1 0 0 0 0
"1441" 3 1 3 1 2 1 2 2 1 1 2 3 1 3 1 3 1 5 1 1 1 5 4 1 4 2 1 5 1 1 5 3 2 1 1 1 1 1 1 86 50 85 77 50 86 45 1 1 1 1 85 94 63 50 50 84 100 37 50 100 73 38 100 100 100 100 50 50 100 90 89 1 88 92 1 0 1 0 0 2 4 5 5 1 1 2 2 2 2 2 2 2 2 5 3 2 2 4 1 5 1 5 0 1 0 0 0
"1442" 3 1 6 1 1 1 1 5 1 1 5 1 1 4 2 5 3 2 2 3 1 5 7 1 4 1 3 1 1 1 5 3 1 5 4 1 6 49 1 6 2 99 6 99 53 16 13 51 10 5 99 3 80 63 77 100 82 88 100 100 7 99 50 98 40 83 51 57 99 2 100 4 100 9 1 0 0 0 0 2 3 6 5 3 3 3 1 1 2 1 5 5 1 5 1 1 3 5 1 5 5 5 0 0 0 1 0
"1443" 1 2 3 2 1 2 2 1 1 3 2 4 1 1 3 4 3 3 1 3 3 3 4 3 4 4 2 5 3 5 3 1 3 3 5 5 0 0 0 65 50 15 60 0 15 40 0 15 15 0 0 70 30 50 50 15 50 50 0 50 68 65 50 50 50 50 50 50 50 15 50 0 50 50 3 1 1 1 0 3 3 2 4 5 5 2 3 2 2 3 2 3 4 4 5 3 2 3 3 5 4 5 1 0 0 0 0
"1444" 3 3 6 1 1 1 5 3 1 1 2 3 3 2 1 3 1 5 1 2 5 5 7 3 5 4 4 5 1 2 5 2 4 4 5 4 0 0 0 0 0 20 0 30 0 0 0 0 0 0 0 0 30 80 0 40 80 0 0 80 0 0 80 80 80 80 0 0 80 80 80 0 80 40 1 0 1 0 0 1 2 6 5 1 4 3 1 2 1 1 5 5 1 5 3 1 2 5 2 5 5 5 0 0 0 1 0
"1445" 1 2 5 3 2 2 4 2 3 1 3 3 3 3 4 3 2 4 1 1 2 4 5 3 4 4 1 5 2 2 3 1 2 2 3 3 13 1 7 23 42 43 27 54 52 45 2 41 17 12 54 34 44 50 50 81 69 30 46 57 35 41 50 50 50 50 50 50 53 59 60 2 55 45 2 1 1 1 0 3 3 5 5 2 3 2 2 2 2 1 4 3 2 2 4 3 5 5 3 4 4 5 0 1 0 0 0
"1446" 3 3 2 1 2 1 4 2 1 2 1 1 1 3 1 2 1 5 1 2 2 5 6 2 3 3 2 4 1 2 3 3 1 3 3 1 2 2 1 3 50 86 14 84 50 32 14 10 1 13 75 63 90 51 50 94 86 39 85 70 3 25 85 50 86 85 49 50 86 66 95 2 84 30 1 0 1 0 0 2 3 6 5 1 5 2 2 2 2 3 4 4 3 4 3 3 3 3 2 5 3 4 0 0 0 1 0
"1447" 1 2 6 2 3 2 3 2 3 4 2 3 4 2 4 4 2 3 2 1 2 4 4 3 5 5 1 4 2 2 3 2 2 2 4 3 12 5 5 49 31 70 48 56 45 50 15 42 50 18 50 58 50 50 49 85 75 50 50 90 48 51 80 70 55 75 40 30 55 53 65 30 50 55 1 1 1 1 0 3 4 6 5 2 2 1 3 3 2 3 4 2 4 3 4 4 2 4 4 3 3 5 0 0 0 1 0
"1448" 2 1 4 1 1 1 3 5 2 2 2 2 2 5 2 3 3 3 3 1 2 3 7 1 5 5 1 5 3 3 3 3 3 3 3 3 26 46 0 77 1 46 33 50 0 2 14 47 15 44 76 61 41 0 1 42 100 60 100 58 11 77 100 78 35 81 1 60 97 57 100 36 60 42 5 0 0 0 0 2 5 7 3 3 3 2 2 2 2 3 3 3 3 3 3 3 3 3 1 5 3 3 1 0 0 0 0
"1449" 1 3 2 5 4 4 1 2 2 5 1 3 3 1 4 3 3 2 1 4 2 4 3 3 5 5 2 5 4 5 1 1 4 1 2 4 0 0 0 60 50 24 65 30 40 40 0 0 60 30 40 81 35 50 50 70 61 85 0 85 78 85 50 50 50 50 50 50 50 50 30 15 23 35 1 1 1 1 1 1 2 3 1 5 5 1 3 3 2 5 1 2 5 5 5 3 5 5 4 2 3 4 1 0 0 0 0
"1450" 2 2 2 2 2 2 2 2 2 2 2 2 2 2 2 2 4 3 2 3 2 3 6 3 3 2 3 2 3 3 3 3 3 3 3 3 50 51 50 55 51 53 51 50 51 53 53 52 51 54 53 53 50 53 53 52 51 49 51 54 53 50 54 50 53 52 51 53 54 51 53 53 51 48 4 1 1 1 1 2 4 5 3 3 3 2 2 2 2 3 3 3 3 3 3 3 3 3 2 2 3 3 0 0 0 1 0
"1451" 3 3 3 4 3 1 3 1 2 3 4 3 3 3 3 3 3 3 2 3 3 3 6 2 3 4 1 1 3 3 3 4 4 3 3 2 45 0 15 6 43 4 100 33 79 79 4 0 62 32 46 48 36 100 91 14 100 80 51 47 100 79 95 81 96 94 100 95 97 79 12 24 33 16 4 0 1 0 1 3 3 1 3 3 3 2 2 2 2 4 4 4 4 3 3 2 2 2 2 4 3 3 1 0 0 0 0
"1452" 3 3 6 2 2 2 2 3 3 3 3 4 2 3 3 5 2 2 1 2 2 3 1 4 4 2 2 2 3 3 3 3 3 3 3 3 14 22 13 0 0 6 45 16 3 52 83 0 14 0 5 45 68 0 0 12 75 51 16 16 10 62 59 82 14 8 0 0 4 14 3 2 6 27 1 1 1 1 1 2 3 3 3 2 2 2 2 2 2 3 3 3 3 3 3 3 3 3 4 4 3 3 0 0 0 1 0
"1453" 1 1 4 1 1 1 5 1 3 2 1 3 1 2 1 5 1 5 2 1 3 5 3 1 3 1 1 3 1 1 5 1 1 3 3 2 0 0 0 0 16 100 15 51 17 80 0 44 7 0 96 38 71 8 0 100 88 55 97 100 5 51 75 88 58 63 0 0 100 31 100 0 100 54 1 0 1 0 0 3 4 6 5 1 1 2 2 2 2 1 4 4 2 5 3 3 2 3 3 5 3 3 0 0 0 1 0
"1454" 3 3 6 2 4 2 5 4 4 2 4 4 4 4 3 5 1 4 2 1 2 4 6 3 4 4 2 5 1 3 3 2 2 3 4 3 2 1 1 9 1 59 6 49 4 33 1 36 5 1 52 21 28 14 11 84 70 31 24 90 1 26 50 49 50 50 1 1 59 14 76 1 69 12 2 1 1 1 1 3 4 5 5 3 1 2 2 1 2 2 5 4 2 4 3 3 2 3 5 3 4 5 0 0 0 1 0
"1455" 2 2 3 1 2 1 4 2 3 2 3 3 4 3 2 4 1 4 2 1 2 4 7 3 3 3 2 2 1 1 4 3 1 3 3 4 0 5 0 15 0 90 50 85 5 5 30 80 0 0 40 0 50 0 5 95 90 15 90 98 0 40 85 90 85 85 0 0 85 50 100 0 95 70 2 0 1 1 0 2 3 6 5 1 1 2 2 2 2 1 4 4 1 5 3 1 2 3 2 5 4 5 0 0 0 1 0
"1456" 3 1 4 3 4 2 2 3 3 3 2 4 2 3 4 3 2 3 1 3 3 4 3 4 5 3 3 5 2 2 3 2 3 3 4 4 13 2 0 62 53 32 87 41 78 73 5 39 49 27 49 52 44 68 60 64 60 79 24 41 68 71 64 59 81 90 57 64 80 56 53 18 50 51 1 1 1 0 1 3 3 1 2 3 2 1 3 3 1 5 1 2 5 4 2 2 2 4 2 4 2 2 1 0 0 0 0
"1457" 3 3 2 5 4 5 3 2 2 2 4 5 5 5 3 5 3 4 2 2 4 3 4 3 2 3 1 4 1 3 3 3 4 2 3 3 50 0 74 50 78 92 82 0 96 75 56 0 72 4 0 82 63 83 82 79 65 55 0 79 78 41 98 65 76 78 71 78 72 74 50 51 50 49 3 0 0 0 1 1 3 1 3 2 4 2 2 2 1 3 2 4 2 3 3 3 1 4 1 3 2 4 1 0 0 0 0
"1458" 1 2 7 1 1 1 3 1 1 1 3 2 1 4 1 2 4 3 2 1 1 5 7 2 3 2 2 3 1 1 5 5 2 2 2 3 0 1 3 1 1 85 2 61 1 13 4 6 15 3 72 61 63 31 29 95 84 50 70 86 2 50 62 79 71 61 30 22 74 10 77 3 61 63 1 1 1 1 1 2 3 5 5 1 1 1 2 2 2 1 4 4 1 5 2 2 3 2 1 5 2 5 0 1 0 0 0
"1459" 3 1 2 4 2 2 1 1 2 3 3 4 2 2 1 3 3 4 1 1 3 4 3 3 5 5 3 5 3 5 2 1 3 1 2 3 0 0 0 41 51 0 65 0 50 52 0 0 60 52 0 91 42 51 50 25 60 93 0 91 59 63 52 50 50 64 52 51 62 50 33 0 50 62 2 1 1 1 1 3 3 3 4 4 2 1 3 2 1 4 2 3 5 3 5 5 2 5 5 4 3 4 0 1 0 0 0
"1460" 3 2 3 4 2 1 2 1 3 2 3 4 2 4 3 3 5 4 1 1 3 3 4 4 5 5 2 5 5 5 1 3 5 1 3 4 2 1 2 60 75 1 100 58 95 100 0 2 95 0 1 92 2 89 93 3 58 86 1 17 100 84 85 51 100 97 99 100 89 100 56 51 54 100 1 0 0 0 0 2 4 1 2 3 3 2 3 3 3 5 2 3 4 3 3 3 4 4 2 4 3 4 1 0 0 0 0
"1461" 2 3 6 2 2 2 3 3 3 3 4 2 3 4 3 3 3 2 1 1 2 3 5 4 5 5 3 5 2 2 4 4 3 3 2 3 9 4 6 60 49 65 68 59 65 75 11 8 48 45 62 79 80 82 53 82 80 37 60 76 75 69 76 85 74 70 51 54 73 75 50 52 54 57 3 1 1 1 1 3 3 3 4 3 3 1 3 2 2 2 4 2 2 4 4 2 2 4 3 3 3 4 0 1 0 0 0
"1462" 2 1 3 1 1 1 5 1 1 1 3 1 2 3 1 3 2 3 3 1 1 4 7 3 2 4 2 1 1 1 3 3 1 3 1 1 50 0 0 0 50 0 5 100 0 16 1 100 50 50 50 50 40 0 0 100 92 75 100 100 63 84 100 100 100 100 1 0 100 52 100 50 100 100 1 1 0 1 1 3 3 7 5 1 1 1 2 3 2 1 2 3 2 5 4 1 5 5 1 5 4 5 0 0 0 0 1
"1463" 3 1 4 1 2 1 4 3 2 2 3 3 3 4 2 4 2 4 2 3 4 3 5 3 3 4 2 4 1 1 4 5 2 4 3 3 12 11 18 0 7 86 42 85 6 30 15 71 4 0 49 48 52 13 14 80 18 37 52 85 10 39 50 49 51 53 14 15 51 5 87 0 77 31 1 1 1 1 0 2 4 7 5 1 1 2 2 2 2 2 5 4 3 4 4 3 2 3 4 5 5 5 0 0 0 0 1
"1464" 3 4 4 3 2 1 3 1 2 2 5 5 2 3 2 3 3 2 1 1 3 5 7 3 5 5 2 4 1 1 5 1 3 2 3 3 50 0 0 100 50 70 70 70 60 50 0 60 50 50 85 50 70 60 60 85 70 85 70 70 100 85 85 70 85 85 30 40 85 70 40 50 30 50 1 0 0 0 0 3 5 1 2 3 3 1 3 2 2 2 1 1 2 5 2 1 3 2 1 2 2 2 1 0 0 0 0
"1465" 1 1 7 1 2 1 5 5 1 1 2 1 1 4 1 4 1 5 2 1 1 5 5 2 5 1 1 4 1 1 5 5 1 2 3 2 1 2 3 1 15 90 88 98 1 55 1 2 2 2 60 2 32 71 2 100 91 1 100 100 8 15 100 99 81 97 2 5 91 84 100 3 95 17 1 0 1 0 0 3 2 6 5 1 5 2 2 3 3 1 4 4 5 5 4 1 2 4 3 5 5 5 0 0 0 1 0
"1466" 3 4 4 1 1 1 3 3 1 3 5 5 4 4 1 5 1 5 2 4 5 2 4 1 5 5 5 1 1 1 5 5 5 5 4 5 61 6 100 1 32 33 0 59 1 1 100 10 1 2 1 37 4 1 1 42 17 20 37 74 1 5 11 51 22 18 1 1 1 4 1 31 1 32 1 0 1 0 0 1 4 6 5 1 1 3 1 2 2 1 5 5 2 4 4 2 1 2 5 2 5 5 0 0 0 0 1
"1467" 1 1 4 1 2 1 5 5 5 1 2 1 2 5 1 5 1 5 2 4 2 5 7 2 5 4 2 3 1 2 3 5 1 5 4 1 0 0 0 0 0 100 0 100 0 0 0 100 0 0 50 0 85 0 0 100 100 0 100 100 85 0 70 100 0 0 0 0 85 0 100 0 100 0 1 1 1 0 0 2 5 6 5 1 1 2 2 2 3 1 5 5 1 5 3 2 2 4 3 3 5 5 0 0 0 1 0
"1468" 1 1 4 1 2 2 5 5 2 1 3 1 1 4 1 5 1 5 1 1 2 5 7 2 5 1 1 5 1 1 5 5 2 5 4 2 1 2 1 2 15 60 16 84 15 46 14 49 10 2 51 15 51 50 50 86 84 14 84 96 16 11 87 100 90 94 2 15 83 17 86 0 88 14 1 0 1 1 0 2 3 4 5 1 1 2 2 2 2 1 5 5 2 3 5 5 2 1 5 5 5 5 0 0 1 0 0
"1469" 1 2 4 1 4 1 5 1 2 1 2 3 2 3 2 2 2 3 3 3 3 4 5 2 2 4 1 1 1 1 2 5 1 4 4 3 16 0 0 0 0 86 0 41 16 41 0 29 15 40 53 49 50 49 16 100 71 68 51 70 60 49 70 68 72 51 0 0 86 14 100 17 100 0 2 1 1 1 0 3 2 6 5 1 1 2 2 3 2 2 4 4 2 5 3 2 4 3 1 3 4 5 0 0 0 1 0
"1470" 2 1 4 1 2 1 4 1 1 1 2 1 1 3 1 3 1 5 2 1 2 4 5 1 4 4 3 1 3 3 3 5 3 3 5 4 15 4 16 50 100 100 100 100 100 100 14 50 50 15 100 100 83 100 100 100 94 16 100 100 16 38 100 100 100 100 100 100 100 100 70 0 85 51 1 0 1 0 0 2 1 7 5 1 1 2 2 2 2 3 5 3 3 5 5 3 4 3 4 5 4 5 0 0 0 0 1
"1471" 1 2 7 1 2 1 5 4 3 1 3 1 1 3 1 5 1 5 1 1 2 5 7 1 2 1 1 2 1 1 5 3 1 3 4 3 1 0 1 0 31 100 1 0 0 100 1 100 0 0 100 15 100 0 0 100 100 16 100 85 0 52 17 100 43 100 0 0 100 0 100 2 100 1 1 0 1 1 0 3 3 5 5 1 1 2 1 1 2 1 5 5 1 5 4 2 2 4 4 4 5 5 0 0 0 1 0
"1472" 3 1 6 1 2 1 5 5 4 1 4 2 1 5 2 4 1 5 1 1 1 5 7 2 5 1 2 5 1 1 5 2 2 3 4 2 1 1 1 1 50 50 50 100 50 50 10 1 1 1 50 5 100 50 50 50 100 1 97 100 2 15 50 50 50 50 50 50 100 50 100 1 50 25 1 0 1 0 0 1 3 4 5 1 1 2 1 2 2 1 5 3 1 3 3 3 1 5 5 3 5 5 0 1 0 0 0
"1473" 2 2 4 3 3 3 3 3 3 3 3 3 3 3 3 3 3 3 2 3 3 3 5 1 3 5 1 2 5 5 1 3 3 3 3 3 53 42 57 53 50 54 50 50 51 50 55 50 52 50 50 59 53 51 50 55 50 53 50 56 49 53 64 49 51 54 61 55 51 49 56 52 52 57 3 1 1 1 1 2 3 7 3 3 3 1 2 3 2 3 3 3 3 3 3 3 3 3 4 4 3 3 0 0 0 0 1
"1474" 1 3 2 1 1 1 1 3 2 1 3 3 1 2 1 3 3 3 2 3 2 3 1 4 3 1 1 1 2 3 5 2 2 2 1 3 57 67 49 72 55 55 43 47 69 53 86 77 50 40 58 72 88 68 48 70 51 67 28 81 55 50 29 100 29 45 59 52 71 27 53 51 32 60 3 0 0 0 0 1 5 1 4 3 3 2 1 2 2 3 2 3 3 3 2 4 4 2 2 2 2 3 0 1 0 0 0
"1475" 2 3 4 3 2 1 5 2 2 2 3 5 5 4 3 4 3 3 2 2 2 3 4 4 3 4 2 3 2 3 2 3 3 2 2 2 40 51 40 32 3 71 50 41 40 88 43 14 31 51 100 87 69 9 15 100 71 84 51 70 60 87 40 85 32 52 6 6 41 48 57 9 31 56 1 1 1 1 1 3 4 5 5 2 2 1 3 2 3 2 2 3 2 3 4 1 4 2 2 3 4 3 0 0 0 1 0
"1476" 3 1 4 3 1 1 1 2 1 1 1 1 1 2 1 1 3 1 1 3 3 3 4 2 5 5 1 5 3 3 1 3 5 2 2 2 0 0 0 100 100 50 100 0 100 100 0 0 50 0 0 100 0 100 100 70 50 100 0 50 100 100 100 85 100 100 100 100 100 100 85 0 100 100 1 1 1 1 1 3 3 2 2 5 5 1 3 3 3 5 1 2 5 5 3 3 5 5 1 5 2 2 1 0 0 0 0
"1477" 3 1 3 1 1 1 1 1 4 1 1 1 1 3 1 2 5 3 2 1 1 5 5 1 5 1 1 2 1 2 5 1 1 1 2 1 3 0 0 2 1 92 52 49 50 70 1 49 8 14 89 29 84 10 8 99 90 85 6 41 73 90 89 79 59 31 10 15 50 59 50 0 50 55 1 1 1 0 1 1 4 4 5 1 1 1 3 2 1 5 1 2 5 5 1 1 4 2 1 5 4 4 0 1 0 0 0
"1478" 1 1 4 1 1 1 5 1 1 1 1 1 1 1 1 5 3 3 3 1 5 5 7 3 3 3 3 3 3 3 3 3 3 3 5 5 79 90 96 92 87 93 94 79 100 100 100 90 89 81 100 100 82 91 91 90 100 81 100 100 100 100 64 90 100 99 100 77 100 100 100 100 100 100 5 0 0 0 0 3 1 7 1 1 5 2 2 2 2 1 1 1 1 1 1 1 1 1 4 5 3 3 1 0 0 0 0
"1479" 2 1 1 2 1 1 1 1 1 1 2 1 2 1 1 2 3 1 3 2 1 3 5 1 1 1 1 1 3 3 2 1 2 2 1 1 23 58 38 33 27 56 53 44 55 67 48 0 31 68 60 68 42 59 52 48 53 34 48 69 39 61 54 81 31 56 61 48 52 5 59 49 59 58 1 1 1 1 1 2 3 5 3 3 3 2 2 2 2 2 2 2 1 1 2 2 1 4 1 1 3 3 0 1 0 0 0
"1480" 1 3 1 2 1 1 3 1 4 3 1 3 2 2 2 5 2 2 3 5 1 3 4 2 3 3 2 1 2 3 1 3 2 4 1 2 28 73 89 44 93 53 64 76 60 36 70 49 86 57 80 59 79 31 58 66 70 57 70 99 64 47 28 66 0 52 38 70 69 100 50 38 84 65 1 0 0 0 0 3 2 4 5 1 1 2 2 2 3 4 3 3 2 2 3 3 2 2 1 2 3 2 0 1 0 0 0
"1481" 3 3 4 3 1 1 1 3 2 1 5 5 3 5 2 5 3 3 2 3 3 3 4 2 4 4 2 4 2 1 4 3 3 3 4 4 0 0 0 0 0 0 0 0 0 0 0 0 0 0 0 0 0 0 0 0 0 0 0 0 0 0 0 0 0 0 0 0 0 0 0 0 0 0 3 0 0 0 0 2 3 4 3 3 3 2 2 2 2 3 3 3 3 3 3 3 3 3 1 1 3 3 0 1 0 0 0
"1482" 3 4 4 1 1 1 4 4 4 1 5 4 4 3 2 5 1 4 2 2 2 4 4 2 5 3 1 5 1 1 5 1 1 5 4 4 0 0 0 20 22 65 40 65 50 26 0 45 15 0 35 75 25 40 45 75 60 5 42 85 40 44 50 55 50 50 37 35 50 20 64 0 65 10 1 1 1 1 0 2 3 5 5 1 4 2 3 3 2 3 3 3 3 4 2 2 3 5 3 3 4 4 0 1 0 0 0
"1483" 2 3 3 2 2 1 2 1 1 2 2 3 2 2 3 3 4 3 2 3 3 3 4 2 5 5 1 5 3 3 3 3 3 3 3 3 55 8 44 73 1 79 52 75 53 87 5 53 47 11 50 44 56 49 50 51 2 43 52 50 49 54 51 55 100 48 51 61 55 48 75 3 86 50 2 1 1 1 1 2 2 4 3 3 3 2 2 2 2 4 3 2 4 3 1 1 3 1 5 3 3 5 1 0 0 0 0
"1484" 3 4 5 1 1 1 5 1 3 1 3 4 4 1 3 5 1 4 2 3 4 4 4 2 5 2 3 5 1 2 3 5 5 5 3 2 9 9 4 15 65 94 49 25 69 61 5 14 14 13 67 27 35 94 13 86 36 59 45 98 17 39 100 82 97 98 19 9 93 63 58 0 67 65 1 0 0 0 0 2 2 6 5 1 3 2 2 3 3 1 2 3 2 5 2 3 2 4 4 3 5 5 0 1 0 0 0
"1485" 3 1 2 1 1 2 4 5 1 2 5 1 2 1 1 3 1 5 2 1 1 4 6 2 5 2 2 4 1 1 3 3 1 4 3 2 0 0 0 0 7 0 0 83 9 8 0 4 0 0 50 12 50 5 15 85 50 3 89 98 0 6 50 50 50 50 7 5 50 50 80 0 50 0 1 1 1 0 0 3 4 6 5 1 1 2 2 2 2 1 5 5 1 5 3 3 2 3 4 5 3 5 0 1 0 0 0
"1486" 2 2 1 5 2 2 1 2 2 4 1 2 2 2 3 2 3 3 1 5 5 1 2 5 5 5 4 5 5 5 1 3 5 1 1 1 1 1 1 70 50 10 70 40 70 60 1 5 70 90 10 60 10 50 50 50 15 65 7 50 90 50 50 50 50 50 50 50 50 50 3 3 50 50 2 1 1 1 1 1 4 1 2 5 5 1 3 3 3 5 1 1 5 3 5 4 4 4 4 5 2 4 1 0 0 0 0
"1487" 1 1 2 2 3 1 2 1 2 2 1 2 2 3 1 1 2 1 1 2 2 2 6 3 3 3 2 2 2 2 2 3 3 2 1 1 70 48 57 61 67 55 58 56 20 72 58 77 85 62 66 27 48 18 40 91 64 52 53 62 55 31 43 86 13 33 6 55 69 69 48 46 40 60 1 1 1 1 1 1 4 4 1 2 1 1 1 1 1 2 2 1 2 2 2 2 2 3 1 2 2 2 1 0 0 0 0
"1488" 2 4 4 2 1 1 3 2 1 2 2 4 4 4 3 2 4 5 2 4 5 4 2 4 5 5 2 5 3 5 1 3 4 1 2 4 1 26 15 30 40 42 50 51 32 52 29 0 16 15 50 51 40 49 32 49 10 32 15 52 63 42 50 31 50 62 7 19 39 17 32 16 43 37 1 1 1 1 1 3 3 1 3 3 3 1 2 2 2 5 3 3 5 4 4 4 4 4 2 5 1 5 1 0 0 0 0
"1489" 3 2 6 3 2 1 2 2 2 2 3 2 2 3 4 2 3 3 1 2 3 3 7 3 5 4 2 5 3 3 3 2 2 2 2 2 20 3 3 89 40 73 17 20 85 62 3 73 60 2 19 83 73 88 83 73 79 72 1 75 62 83 84 82 72 72 72 73 71 82 72 18 77 81 3 1 1 1 1 3 3 1 3 3 3 2 2 2 2 3 3 2 3 4 3 3 2 2 2 5 3 3 1 0 0 0 0
"1490" 3 2 6 3 2 2 3 2 3 2 3 2 2 3 3 3 3 4 2 2 1 4 4 2 3 2 2 2 3 3 2 3 3 3 2 2 24 0 28 50 25 25 50 50 25 25 50 30 25 25 50 50 47 50 50 50 49 31 21 50 31 50 50 50 50 50 50 50 50 50 43 45 50 45 2 1 1 1 1 3 4 1 3 3 3 2 2 2 2 3 3 3 4 3 3 3 3 4 4 4 3 3 1 0 0 0 0
"1491" 2 2 4 2 1 1 2 1 2 2 2 2 1 1 1 2 1 4 2 2 3 3 3 2 4 2 1 1 3 5 3 1 2 1 2 2 0 0 0 65 30 0 90 0 83 63 0 0 0 0 0 78 51 89 92 39 61 52 0 42 63 64 89 76 85 86 89 90 86 88 70 0 71 70 2 1 1 1 1 2 4 2 1 5 5 1 3 3 3 5 2 2 5 4 4 3 3 4 2 4 1 2 1 0 0 0 0
"1492" 2 3 2 2 1 1 1 1 1 1 2 2 3 2 1 1 3 2 2 2 4 5 4 3 2 3 3 3 2 2 2 2 3 3 3 2 100 94 61 95 62 92 16 100 32 100 94 100 21 70 100 85 86 0 55 100 100 94 46 100 100 73 100 100 100 99 0 6 100 100 100 100 100 100 2 1 0 0 0 2 2 7 5 1 1 1 1 3 1 2 1 1 2 1 1 1 1 1 2 4 2 1 0 0 0 1 0
"1493" 1 3 2 4 1 1 1 1 1 1 3 1 1 5 1 1 3 3 2 5 4 3 4 4 5 5 1 5 3 5 4 3 3 3 1 1 1 1 2 100 50 0 100 50 100 100 0 3 3 2 1 82 0 100 52 100 45 3 53 3 100 50 100 52 100 100 53 51 100 100 50 50 50 50 3 0 1 1 1 3 3 1 4 3 3 1 3 3 2 5 1 1 5 5 3 2 4 5 1 5 1 3 0 1 0 0 0
"1494" 1 4 2 1 1 2 2 2 1 1 1 2 2 1 2 2 1 1 1 1 1 2 6 1 1 2 1 1 2 1 1 1 2 2 1 1 84 84 86 86 78 80 86 86 78 84 85 66 73 50 31 57 66 78 32 78 90 71 55 91 80 74 88 85 97 88 79 21 64 77 45 45 46 74 1 1 1 0 1 1 1 5 2 2 2 2 2 1 1 2 1 2 2 2 1 1 3 2 4 2 1 2 0 1 0 0 0
"1495" 2 3 3 1 1 1 1 1 1 1 1 3 1 1 1 3 3 3 2 2 3 3 1 5 5 1 1 5 5 5 3 1 3 1 1 1 79 3 7 68 4 4 10 75 5 51 5 6 55 8 87 62 42 2 6 100 29 22 82 23 94 10 76 6 87 72 2 2 59 76 60 54 50 67 3 1 1 1 1 2 3 7 5 5 5 1 3 2 2 4 1 1 5 5 1 2 3 3 5 5 1 1 1 0 0 0 0
"1496" 3 2 3 2 3 1 1 1 2 4 2 3 1 1 3 3 3 2 1 4 5 2 2 3 5 5 3 5 3 3 2 1 5 1 3 4 0 0 0 61 94 10 97 14 100 100 0 0 76 71 12 70 26 100 100 17 19 45 0 27 87 77 66 53 74 77 97 100 49 63 13 0 35 49 1 1 0 1 1 1 3 1 2 5 5 1 3 3 2 4 1 2 5 2 5 3 4 5 3 4 1 4 1 0 0 0 0
"1497" 1 3 7 2 1 1 2 2 2 1 3 3 3 3 2 2 2 3 2 2 3 3 4 3 3 2 1 3 2 3 4 3 3 3 2 2 0 0 50 51 53 52 49 52 50 54 15 49 50 48 52 53 84 52 52 100 100 53 51 100 48 100 100 100 100 100 49 49 100 100 100 100 100 100 2 1 1 1 1 3 3 4 5 1 1 1 3 2 2 5 1 1 5 2 3 1 3 5 1 4 2 5 0 0 1 0 0
"1498" 3 1 4 1 2 1 1 1 1 1 3 1 1 3 1 1 5 3 2 2 5 4 4 1 5 5 1 5 1 2 5 3 3 3 1 1 16 0 0 71 0 14 93 1 0 93 0 72 88 73 20 97 51 0 4 71 70 85 1 50 98 70 100 72 53 58 1 1 85 98 56 51 51 58 3 1 1 1 1 3 4 1 5 1 1 1 3 2 1 5 1 1 5 5 3 1 3 5 4 5 1 3 1 0 0 0 0
"1499" 2 2 2 2 2 2 3 1 2 2 2 3 1 1 1 2 1 5 2 2 3 3 5 3 3 2 3 3 3 4 3 4 4 4 1 3 72 3 19 27 34 78 37 69 49 60 16 32 12 16 74 78 28 57 47 96 68 63 65 73 30 71 64 61 75 86 41 66 83 56 92 10 89 34 3 0 0 0 0 3 2 5 2 4 4 1 1 2 1 4 3 5 5 3 3 3 3 2 3 3 3 4 0 1 0 0 0
"1500" 1 2 2 2 2 2 2 2 2 3 3 2 2 3 2 3 2 2 2 2 3 3 5 2 3 3 3 3 3 2 3 2 3 3 3 3 80 78 69 72 77 84 77 77 65 77 68 74 60 84 72 78 72 78 67 69 67 81 81 74 73 74 61 69 64 70 69 56 78 72 74 81 71 84 2 1 1 1 1 1 2 5 3 2 2 2 1 2 2 3 2 3 2 3 2 3 3 2 2 2 3 3 0 1 0 0 0
"1501" 2 3 3 3 3 3 4 3 3 3 3 3 3 3 3 3 5 5 2 3 3 3 3 2 3 2 2 3 4 3 1 3 3 3 3 5 21 16 13 12 64 33 21 18 19 21 86 14 42 21 31 18 36 14 24 57 51 23 56 17 42 47 21 100 52 25 27 11 63 5 32 0 7 7 4 0 0 0 0 2 3 1 3 3 3 3 2 2 2 3 3 3 3 3 3 3 3 3 4 4 3 3 0 0 0 1 0
"1502" 1 1 4 1 2 1 1 1 2 2 1 3 3 2 2 1 1 1 1 5 4 3 7 3 5 5 2 5 1 1 5 1 5 1 1 1 100 0 0 100 100 0 100 40 100 100 0 0 51 100 0 50 51 100 100 55 16 100 50 100 100 70 100 70 100 100 100 100 100 100 0 0 0 100 1 1 1 1 1 2 3 1 1 5 5 1 3 3 2 5 5 1 5 3 3 5 5 5 1 5 1 2 1 0 0 0 0
"1503" 2 3 4 3 3 3 3 3 3 3 3 3 3 3 3 3 1 3 2 4 4 3 4 2 5 2 2 5 2 2 4 1 3 2 3 3 0 0 0 48 60 30 89 45 60 54 0 0 55 51 9 100 37 61 51 47 51 55 0 51 85 65 65 52 62 84 52 60 57 49 62 0 61 57 3 0 0 0 0 3 3 2 4 3 3 2 2 2 2 3 3 3 3 4 3 2 2 3 3 3 2 4 1 0 0 0 0
"1504" 3 2 4 4 3 2 1 1 1 4 4 3 1 2 3 4 3 2 1 4 4 2 1 4 5 5 1 5 4 5 3 1 5 1 1 2 0 0 0 81 54 0 87 0 75 62 0 0 55 76 0 71 13 50 50 44 13 24 0 50 78 51 50 46 50 50 50 50 50 50 29 0 50 50 1 1 1 1 1 2 3 1 3 5 5 1 3 3 3 5 1 1 5 3 5 5 5 5 2 2 1 3 1 0 0 0 0
"1505" 3 5 4 1 1 1 5 3 5 1 3 4 3 5 1 5 1 5 1 3 3 5 7 3 5 2 2 5 1 1 5 5 1 1 4 5 17 13 13 8 34 43 40 39 10 31 19 20 15 10 33 66 51 30 13 84 76 50 48 99 6 41 48 100 24 66 5 7 63 17 83 10 83 18 3 0 1 1 0 3 3 5 5 1 1 3 1 2 2 3 5 5 1 3 3 4 3 2 5 5 5 5 0 0 0 1 0
"1506" 2 1 2 2 3 4 2 3 2 1 2 3 3 2 2 2 2 2 1 3 2 4 4 3 3 3 3 2 2 3 3 2 3 3 1 3 34 35 46 16 31 21 34 22 9 15 34 13 23 20 49 13 78 2 2 68 52 15 18 32 47 35 24 82 22 19 18 3 36 21 65 15 65 17 2 1 0 0 1 2 3 4 2 3 3 2 2 3 2 2 2 4 2 3 2 1 2 3 1 4 3 3 0 0 0 1 0
"1507" 2 3 4 2 2 2 3 3 3 1 3 3 3 4 1 3 1 4 1 3 3 2 2 3 5 5 3 5 1 3 4 5 5 1 4 4 1 16 3 15 49 50 51 50 50 49 36 49 50 30 50 53 41 51 51 50 50 83 51 51 61 61 51 51 50 51 50 51 52 50 2 1 50 60 2 1 1 1 0 3 2 3 5 1 1 3 2 2 2 3 3 4 3 4 2 3 2 3 3 5 4 4 1 0 0 0 0
"1508" 3 1 7 3 2 2 5 1 2 2 3 3 1 3 2 3 2 4 2 2 2 2 7 1 5 5 3 5 2 1 1 4 4 4 2 2 21 9 9 76 73 56 73 74 75 73 21 44 64 72 28 91 53 72 75 46 62 100 75 98 91 73 75 74 76 75 76 73 73 54 55 55 53 55 1 0 0 0 0 1 3 1 4 2 2 2 1 1 3 1 5 4 1 2 4 4 2 5 4 4 3 3 1 0 0 0 0
"1509" 2 1 1 1 1 2 5 2 5 2 3 2 1 3 1 5 1 5 2 3 3 4 7 2 5 1 3 2 1 2 5 3 2 5 4 2 0 0 0 0 49 94 0 99 0 11 0 51 0 0 50 0 11 50 22 98 70 3 87 100 3 14 50 51 50 50 0 0 52 52 88 0 87 51 1 0 1 1 0 2 4 7 5 1 1 2 1 1 1 1 5 5 1 5 3 1 2 3 3 5 5 5 0 0 0 0 1
"1510" 3 2 5 3 1 1 2 3 2 2 3 3 1 3 2 3 3 3 1 2 3 4 6 4 4 4 2 3 2 2 4 3 3 2 3 3 50 50 30 60 80 50 50 70 40 20 50 50 50 50 50 70 70 40 40 70 60 85 50 70 50 70 60 85 60 70 40 40 60 60 50 0 50 60 2 0 0 0 0 3 4 3 5 3 3 1 3 3 2 2 1 4 2 3 2 1 2 2 5 5 2 4 0 0 0 1 0
"1511" 1 4 2 2 1 4 2 3 2 3 3 5 2 3 1 3 2 3 2 3 3 3 4 3 3 3 3 3 3 3 3 2 2 3 1 3 43 67 55 100 76 73 78 58 72 50 81 0 54 50 49 38 70 73 76 39 94 59 54 76 70 57 54 44 45 67 44 50 42 35 56 14 76 68 2 1 1 1 0 3 2 4 3 4 3 2 2 2 2 3 3 3 1 5 1 3 1 1 1 4 3 2 0 0 0 1 0
"1512" 2 2 1 2 3 2 1 1 2 3 3 3 1 1 3 3 3 3 1 3 3 3 3 4 5 5 1 5 1 2 5 1 5 1 2 2 0 0 0 51 100 0 100 0 100 91 0 0 78 100 0 95 25 100 50 1 51 100 0 23 100 50 50 50 100 50 50 93 50 45 25 0 30 50 2 1 1 1 1 3 3 1 1 3 3 1 3 3 2 3 2 2 3 3 3 3 3 5 5 4 3 4 1 0 0 0 0
"1513" 1 2 4 2 2 1 1 2 1 1 2 3 2 2 1 3 3 2 2 1 4 5 5 2 3 3 1 3 2 4 2 2 2 2 2 2 0 0 2 100 48 60 58 100 59 100 2 36 59 51 51 53 1 60 63 93 47 51 53 49 72 70 86 50 100 100 60 49 56 54 60 39 50 59 2 1 1 1 1 3 3 4 4 2 2 1 3 3 1 4 2 2 5 3 2 2 3 3 4 3 2 3 0 0 0 1 0
"1514" 3 1 6 1 2 1 2 4 2 1 2 2 1 2 1 4 1 4 2 1 3 5 7 2 3 1 1 5 1 1 3 2 2 2 4 3 0 0 0 15 50 75 40 45 50 50 0 1 5 0 70 60 40 50 50 100 90 50 50 85 50 45 65 70 75 85 50 50 70 50 75 1 85 60 2 1 1 0 0 3 5 4 5 1 1 2 2 3 2 1 3 3 1 3 2 3 3 3 3 5 4 5 0 1 0 0 0
"1515" 3 1 4 4 2 1 5 1 1 2 1 4 1 2 4 4 1 1 2 2 4 5 7 5 5 2 1 2 1 3 5 1 1 1 2 2 0 0 0 0 0 72 38 100 100 100 0 0 52 0 100 65 85 80 0 100 42 68 0 37 100 86 0 55 59 64 0 0 72 75 100 0 100 100 1 0 0 0 0 3 5 4 3 4 4 1 3 3 2 1 1 1 1 5 1 2 3 3 1 1 1 2 0 1 0 0 0
"1516" 2 4 4 3 2 2 1 2 3 1 4 3 3 4 1 3 4 5 1 2 3 4 2 3 5 5 4 5 2 3 2 3 3 3 3 4 0 0 0 50 98 98 98 50 85 90 0 0 50 50 50 50 35 100 100 98 85 40 50 50 100 70 100 90 100 100 100 100 98 98 50 50 50 50 1 1 1 1 1 2 3 2 4 3 3 1 3 2 2 3 2 3 4 4 4 2 3 3 2 1 2 3 0 0 1 0 0
"1517" 2 1 1 3 1 1 3 2 1 1 2 4 1 2 1 2 3 1 2 1 3 3 7 1 2 1 1 2 3 3 3 3 3 3 3 3 62 0 0 100 0 87 82 96 68 81 0 89 7 77 85 86 82 92 77 93 73 87 0 92 100 88 100 93 97 97 82 83 93 61 100 91 93 92 2 1 1 1 1 3 3 4 3 3 3 2 2 2 2 3 3 3 3 5 1 2 3 3 4 4 1 1 0 0 0 1 0
"1518" 3 3 2 3 1 1 2 2 3 1 5 3 3 5 2 4 1 3 1 2 3 3 1 4 5 4 3 3 3 4 1 3 2 1 2 1 0 0 0 71 100 81 49 28 100 100 0 0 75 38 66 70 77 100 100 60 55 85 65 100 93 74 100 100 100 100 100 100 100 100 100 51 100 100 3 0 1 1 1 2 3 5 5 5 5 2 2 2 2 3 2 3 4 5 4 2 3 4 2 3 3 4 0 0 0 1 0
"1519" 1 1 4 1 1 1 5 3 1 3 4 2 1 5 3 1 3 3 2 3 4 4 5 3 4 5 2 1 1 1 5 3 5 3 3 3 2 2 7 44 7 56 73 100 2 16 5 8 16 50 49 50 60 5 4 50 52 3 100 50 50 100 63 62 72 31 2 6 14 7 3 2 1 3 1 1 1 1 1 3 3 4 5 1 1 2 2 3 2 3 3 3 3 4 4 1 3 1 3 3 2 1 1 0 0 0 0
"1520" 2 5 7 2 2 2 2 3 3 2 3 3 3 2 3 4 3 3 2 3 3 3 4 1 3 3 4 3 3 3 2 3 3 3 3 3 50 50 50 49 50 49 50 49 50 52 51 50 50 50 49 49 49 51 50 52 50 51 50 50 50 49 50 50 48 49 50 50 49 50 50 50 50 51 3 0 0 0 0 2 3 7 3 3 3 2 2 2 2 3 3 3 3 4 4 3 3 3 3 4 3 3 0 0 0 0 1
"1521" 3 1 2 1 1 1 5 1 1 1 1 2 2 2 1 4 1 5 3 1 1 5 4 3 5 3 1 3 1 1 5 3 1 3 3 2 3 2 2 2 3 99 2 100 5 1 3 5 4 1 97 17 49 1 49 98 97 4 98 96 2 4 96 84 85 98 2 1 96 70 100 1 98 49 1 1 1 1 0 2 5 7 5 1 5 2 2 2 2 3 3 3 3 5 3 3 2 3 4 3 5 5 0 0 0 0 1
"1522" 2 2 6 3 3 3 3 3 3 3 3 3 3 3 3 3 3 3 2 1 1 4 5 3 3 3 3 3 3 3 3 3 3 3 3 3 60 5 70 68 88 84 69 73 83 86 20 84 58 53 86 84 82 96 83 99 90 85 71 82 69 87 70 95 72 87 75 70 68 77 62 61 60 56 3 1 1 1 1 2 3 4 3 3 3 2 2 2 2 3 3 3 3 3 3 3 3 3 4 4 3 3 0 1 0 0 0
"1523" 1 1 3 1 1 1 1 3 1 1 4 2 1 4 1 1 4 3 2 4 4 4 7 2 5 1 1 4 4 3 4 5 4 4 2 2 39 0 0 0 12 76 0 0 89 15 0 85 21 0 0 27 36 95 91 0 11 53 0 43 46 48 32 7 99 62 89 86 25 80 26 16 21 34 3 1 1 1 1 3 3 2 3 2 2 2 3 3 3 2 2 3 1 4 3 2 2 2 4 2 4 5 0 1 0 0 0
"1524" 3 2 6 2 2 1 3 4 2 2 4 4 3 4 2 4 3 3 1 2 3 4 5 2 2 4 1 5 3 3 4 3 3 3 3 3 1 1 4 43 0 82 15 77 51 35 12 4 14 1 36 81 70 44 30 76 77 89 91 90 86 91 82 89 86 85 15 8 77 19 19 17 27 10 2 1 1 1 1 3 3 1 4 2 2 2 2 2 2 1 4 4 2 4 1 1 4 3 5 5 4 4 1 0 0 0 0
"1525" 3 3 2 1 1 1 1 1 1 1 4 1 1 4 1 4 2 4 1 1 1 4 7 2 5 4 1 5 1 2 5 4 4 4 3 3 50 1 50 1 70 45 50 1 85 40 1 30 60 50 75 15 45 85 50 15 85 40 90 40 50 70 15 20 60 60 80 90 50 30 50 1 50 30 1 0 1 1 1 1 5 2 4 2 2 3 1 1 1 1 5 5 1 1 5 5 2 5 3 5 2 4 1 0 0 0 0
"1526" 3 3 7 2 3 1 5 2 4 2 3 4 2 4 2 4 5 4 3 1 2 3 7 2 3 2 2 2 2 1 5 4 2 4 5 5 0 0 0 0 0 0 0 0 0 0 0 0 0 0 73 0 52 0 0 82 80 0 0 79 0 0 50 53 51 0 0 0 52 0 70 0 53 0 2 1 0 0 0 3 3 7 5 2 2 2 2 2 2 1 5 3 1 2 3 2 3 3 4 4 5 5 0 0 0 0 1
"1527" 2 3 4 1 1 1 5 3 3 1 3 5 2 4 1 2 1 5 1 1 2 4 4 4 5 4 1 5 1 1 3 4 4 2 4 5 2 1 4 2 52 49 50 54 38 39 2 7 40 1 30 50 31 52 40 51 69 15 50 84 43 40 50 51 67 70 40 40 50 51 51 50 53 52 1 0 1 0 0 2 5 2 5 1 1 2 2 2 2 1 5 5 1 5 3 3 2 3 4 5 3 5 0 1 0 0 0
"1528" 3 1 5 2 2 1 1 1 1 2 1 2 2 1 2 2 3 2 2 2 2 3 3 2 4 4 1 5 3 3 3 2 2 2 3 2 50 50 50 75 50 50 50 75 50 50 0 50 50 50 93 75 75 93 94 94 75 63 50 50 100 75 95 95 95 95 80 75 75 95 80 50 50 95 3 1 1 1 1 2 2 3 3 2 2 2 2 2 2 3 3 2 3 3 2 3 3 4 4 4 4 3 0 0 0 1 0
"1529" 3 2 4 1 1 1 5 3 1 1 5 5 3 5 1 5 1 5 2 3 3 4 4 1 5 1 1 5 1 1 5 5 5 1 4 4 1 1 1 1 50 100 1 100 1 1 1 1 1 1 1 50 30 50 1 100 50 1 15 100 1 1 50 100 100 50 1 1 50 50 50 1 1 50 1 1 1 1 0 3 2 6 5 1 1 2 2 2 2 1 5 3 1 5 5 3 1 1 3 5 5 5 0 0 0 1 0
"1530" 3 3 4 1 2 1 3 1 1 1 2 2 3 3 2 2 3 3 2 4 4 3 4 4 5 5 2 5 3 3 4 3 3 3 1 2 2 0 0 46 33 48 100 49 89 55 0 84 50 10 50 44 51 100 98 96 70 82 40 50 100 81 100 100 100 100 94 94 100 85 50 42 50 39 1 1 0 1 1 2 3 1 4 3 3 1 3 3 2 3 3 3 3 5 5 3 3 5 2 3 2 4 1 0 0 0 0
"1531" 1 1 4 1 2 1 5 5 1 1 3 3 3 3 1 5 1 5 2 1 1 5 7 2 5 1 5 5 1 1 5 2 2 5 5 2 0 25 5 0 0 85 95 100 0 0 25 100 0 0 100 0 0 0 0 100 90 25 100 100 0 10 50 100 30 90 0 0 95 0 100 0 100 0 1 1 1 0 0 3 5 5 5 1 1 2 1 2 2 1 5 5 1 4 5 2 1 1 3 3 5 5 0 0 0 1 0
"1532" 1 1 4 1 5 2 5 2 5 1 5 2 1 5 1 5 1 5 2 1 1 5 7 1 5 3 1 3 1 1 5 4 1 5 4 4 50 50 50 0 0 0 0 100 0 50 50 0 0 0 85 15 40 0 0 100 100 40 100 85 0 50 40 100 40 30 0 0 90 0 100 0 100 0 1 0 1 0 0 1 3 6 5 1 1 2 2 2 2 1 5 4 1 3 3 2 2 2 5 3 5 5 0 0 0 1 0
"1533" 1 1 4 1 1 1 2 1 1 1 2 3 1 2 1 1 2 5 2 2 3 4 4 3 5 5 4 4 2 2 4 2 2 2 2 2 28 0 51 42 61 35 77 41 81 42 30 45 40 43 93 49 78 95 53 100 85 66 59 94 70 49 77 85 49 49 41 49 50 90 50 50 51 50 2 1 1 1 1 2 3 4 5 2 2 2 2 2 2 3 3 3 3 3 3 3 3 3 1 1 3 3 0 1 0 0 0
"1534" 2 3 4 3 1 1 2 3 1 1 3 3 1 3 1 3 3 3 2 2 3 4 4 3 4 5 1 5 2 2 3 2 2 2 3 3 0 0 0 51 50 50 50 70 50 50 5 50 50 50 50 50 50 50 52 95 90 79 86 73 83 94 50 100 88 88 50 50 50 50 50 50 50 50 2 0 1 1 1 2 3 4 3 2 2 2 2 2 2 1 5 4 1 4 3 2 3 4 1 3 5 5 0 1 0 0 0
"1535" 3 5 4 5 1 1 1 1 3 5 2 4 1 2 5 2 3 3 1 5 5 1 1 5 5 5 5 5 5 5 1 2 5 1 1 4 0 0 0 84 50 0 100 50 100 100 0 0 60 100 0 100 0 100 100 40 0 30 15 50 90 50 100 40 100 69 100 100 60 85 0 0 0 100 1 0 1 0 1 1 5 1 1 5 5 1 3 3 2 5 1 1 5 4 4 5 5 5 4 5 1 1 1 0 0 0 0
"1536" 2 2 4 1 1 1 2 3 1 1 1 1 3 1 3 3 3 3 2 3 1 3 7 3 3 3 3 2 3 2 3 1 1 1 3 2 0 0 0 50 0 100 100 100 40 0 0 50 0 0 50 50 50 40 40 90 100 40 100 100 50 40 50 50 100 50 20 40 50 50 50 0 50 50 1 1 1 1 1 2 3 4 3 3 3 2 2 2 2 3 3 3 3 3 3 3 2 3 4 4 3 3 0 1 0 0 0
"1537" 1 3 4 2 1 2 1 2 1 2 1 3 1 2 2 3 3 3 2 1 5 3 1 2 2 1 1 3 3 3 3 3 3 3 3 3 60 15 25 83 40 42 59 15 85 100 40 41 60 28 40 85 70 85 71 70 100 72 60 51 86 90 85 71 100 79 60 87 50 37 50 65 51 19 3 1 0 1 0 1 3 5 3 3 3 1 2 3 2 3 4 2 3 3 3 3 3 3 3 3 3 3 0 1 0 0 0
"1538" 2 3 4 2 2 2 2 3 2 2 3 3 2 3 3 3 3 3 2 4 4 4 3 3 2 3 2 2 2 1 3 3 3 3 3 3 31 62 38 72 41 63 60 61 16 68 65 71 43 60 67 62 69 9 1 71 62 63 63 63 74 70 86 61 42 59 9 3 61 54 73 57 71 67 3 0 1 1 0 2 3 4 3 3 3 1 2 2 2 3 3 3 3 3 3 2 3 3 4 4 3 3 0 1 0 0 0
"1539" 3 2 5 3 2 2 2 3 1 1 5 2 2 5 3 2 3 3 2 2 3 3 4 3 5 4 1 4 2 1 3 5 5 5 3 3 46 46 50 60 12 8 29 67 3 3 38 69 64 47 66 64 69 0 5 72 73 45 43 69 70 56 76 82 68 60 2 0 22 71 20 78 33 82 3 1 1 1 1 3 4 6 5 3 3 1 2 2 2 3 2 2 4 3 3 1 2 2 5 5 2 1 0 1 0 0 0
"1540" 3 4 5 4 2 1 4 5 5 1 1 5 4 5 1 1 2 3 2 3 3 4 7 1 1 1 1 5 2 3 5 5 5 1 1 1 0 0 0 11 96 36 40 26 21 50 0 23 51 12 7 62 48 32 12 46 40 45 43 82 48 47 15 43 51 99 6 17 44 50 54 0 37 70 1 0 1 0 0 3 2 3 5 5 3 1 2 3 3 1 5 5 1 5 3 2 3 2 3 5 1 4 0 1 0 0 0
"1541" 3 3 3 5 1 1 1 1 2 2 1 2 2 2 4 1 2 2 1 5 5 1 1 5 5 5 3 5 5 5 1 3 5 1 1 1 1 0 0 79 38 13 100 36 100 100 2 19 100 90 13 96 0 96 100 41 2 82 0 89 85 62 100 50 97 100 100 100 98 100 8 54 12 84 1 1 1 1 1 3 5 1 4 5 5 1 3 3 2 5 1 1 5 2 5 3 5 5 1 5 1 1 1 0 0 0 0
"1542" 1 1 4 1 2 2 4 5 5 1 2 1 4 3 1 5 1 5 1 1 3 5 6 2 4 3 2 5 1 2 2 2 1 3 4 2 2 0 0 3 50 41 41 50 4 0 1 10 0 2 53 11 57 53 15 71 82 18 51 60 15 29 60 86 53 84 13 5 81 16 70 1 74 18 1 1 1 1 0 3 3 3 4 1 1 2 3 2 2 2 2 3 4 4 3 3 2 3 4 3 3 5 0 0 1 0 0
"1543" 1 1 1 3 2 2 1 1 1 2 1 1 1 1 1 1 2 2 1 4 4 1 2 3 5 5 3 5 2 5 1 1 4 1 1 1 0 0 0 100 100 0 100 0 100 100 0 0 60 58 45 93 48 100 100 73 32 94 0 78 100 88 100 56 100 100 95 100 100 94 63 0 75 100 1 1 1 1 1 3 4 1 1 4 4 1 3 3 3 5 1 1 5 4 4 3 5 5 1 5 1 2 1 0 0 0 0
"1544" 3 1 6 1 1 1 1 1 1 1 1 1 1 1 1 1 2 2 1 4 4 3 2 3 5 2 1 5 3 3 1 1 5 1 1 2 0 0 0 99 85 1 100 40 100 99 0 0 85 85 1 85 40 100 100 49 15 100 0 100 100 85 100 60 100 100 100 100 100 100 10 1 51 100 1 1 1 1 1 2 4 2 1 5 5 1 3 3 1 5 1 1 5 4 5 5 4 4 4 3 1 1 1 0 0 0 0
"1545" 2 2 3 1 1 1 1 1 1 1 1 1 1 1 1 1 2 1 1 2 3 3 4 3 5 3 1 5 3 5 1 1 3 1 1 1 0 0 0 100 100 15 100 16 100 100 0 0 100 15 15 100 0 100 95 15 62 86 0 50 100 100 100 100 100 100 53 100 100 100 50 0 81 98 1 1 1 1 1 3 1 1 1 5 5 1 3 1 2 4 1 1 5 1 3 2 2 4 2 3 1 1 1 0 0 0 0
"1546" 3 2 2 3 2 2 2 1 1 3 2 2 2 2 4 2 2 2 1 4 4 2 1 4 5 5 1 5 4 5 2 3 4 2 1 2 12 0 0 100 55 0 100 0 100 100 0 0 55 0 2 72 41 100 100 41 13 55 0 49 100 70 86 51 83 85 100 100 87 81 40 16 49 71 1 1 1 0 1 2 4 1 1 5 5 1 3 3 3 5 1 1 5 2 5 3 5 4 2 5 2 4 1 0 0 0 0
"1547" 1 1 3 2 2 2 1 1 1 1 1 1 1 1 1 1 2 2 1 1 2 4 4 2 5 1 1 5 2 2 4 1 5 1 2 2 0 0 0 100 85 50 100 50 100 100 0 0 30 0 30 95 90 96 90 90 86 91 0 92 100 97 96 93 96 96 85 92 96 96 88 0 100 87 3 1 1 1 1 3 3 2 2 4 5 1 3 3 3 3 2 2 4 4 4 2 4 3 3 5 1 2 1 0 0 0 0
"1548" 3 3 4 2 2 1 3 2 2 2 2 3 3 3 3 3 3 3 1 1 2 3 4 3 5 5 1 4 3 3 3 3 3 3 3 4 1 1 9 100 60 49 51 7 100 100 3 8 3 45 54 78 56 100 100 100 86 79 3 100 93 90 100 100 100 100 100 100 100 100 3 3 49 53 3 1 1 1 1 3 3 4 4 3 3 1 3 2 2 3 2 2 4 4 3 3 3 4 4 5 3 4 0 1 0 0 0
